7.651102358287789063e-01 9.089747562363976741e-01 -1.090284800476496894e-03 6.832391497722706264e-01 -5.956189299220372435e-01 -4.969090275207696528e-02 -4.135872713358201835e-02 1.216560306335631170e+00 -4.105299535000616479e-03 8.445166864424349940e-02
1.189772898773853838e+00 1.325074599669711528e+00 1.252515832001700691e+00 6.073412110684079934e-01 7.198268399744975898e-01 1.108759433774393122e+00 1.150527631150766394e+00 2.238766052646444127e+00 8.132907454401714364e-01 4.016407991529797328e-01
-1.243167011109569620e+00 -3.829599009208727312e-01 -1.704750144285406721e+00 -5.589029869841771747e-01 -1.289644860381055080e+00 -1.262684376514304763e+00 -8.703365365445734358e-01 -1.357397028586508680e+00 -1.825881520607826047e+00 -7.533297465294479522e-01
-1.200068540294697561e+00 1.012502544313147734e-01 3.935543191047241596e-01 6.180412524327574819e-02 -3.307026344336356782e-01 4.546328414359284698e-01 1.220427160848490261e-01 -2.953736197941604913e-01 -9.603562526848010705e-01 -3.515027927724102552e-01
-1.118429469670594978e+00 3.778478138545435239e-02 -3.916408803635001989e-01 -4.698493754947064005e-01 -4.624763654859400108e-01 -1.068552074070786562e+00 1.096001726670565862e-01 -4.770080331424532138e-01 -2.716921766735565513e-01 -2.200375943673510193e+00
-1.385996873761591752e+00 -1.289855676214499924e+00 -1.989079208227397810e+00 -1.243859835614440357e+00 -9.028126180777890086e-01 -1.820897593460071739e+00 -1.257657511842357634e+00 -1.453536816604205750e+00 -2.230694609572747567e+00 -1.046386311494821753e+00
-1.528617161456509166e-01 -6.732151946247982854e-01 6.354377253890620691e-01 7.313625470027719233e-01 1.347551263426121360e-01 -2.240696293394440607e-03 8.426565692725085377e-01 -1.619879204740685141e-01 -3.887069748479151654e-01 6.322039464819204646e-01
-3.418742175358173707e+00 -1.429680214162410090e+00 -2.615913191256987957e+00 -1.341829211389065302e+00 -3.031192337952665294e+00 -3.843002936449856133e+00 -1.894552258982725279e+00 -2.331163301314104874e+00 -2.236862481718204343e+00 -1.690488574500582875e+00
3.649596266719745685e-01 -5.445190270867533711e-01 -2.265751312833200470e-01 4.345129777052997855e-01 1.453556492206678659e-02 9.659134656529310137e-01 1.085115269936342441e+00 1.963296808520566816e-01 -4.476490458811369644e-01 7.686747016040859082e-01
-3.315112972093963162e-01 1.065823011879659443e+00 1.101443583382289981e+00 1.055271079395167400e+00 6.858494674866475460e-01 -7.006118622208227231e-01 -4.916190484763217072e-01 1.972732942771789233e+00 2.321107167839571717e-01 -5.356899782924041259e-02
-7.031440593231345071e-01 -2.802332392453720455e+00 -5.028841739270628608e-01 -1.170374313929883447e+00 -1.912459585771740578e+00 -1.282662438795094451e+00 -5.362656401123463423e-01 -8.131608617694828789e-01 -1.412608080231865237e+00 -2.354553428929520464e+00
6.592397889447910719e-01 -2.540162897907283224e-01 2.379290804144401084e-01 4.801535866802641994e-01 7.733923656662120560e-01 7.640601198339239675e-01 1.133299629723050761e-01 -4.482258468360659220e-01 4.309520498801422406e-01 5.016817195046724409e-01
3.159274363316694201e-01 -3.697371960301635285e-01 1.627838268451349824e-01 9.045845702913332120e-01 -2.015125550307236058e+00 -6.261787930444819850e-01 -1.837783959548443258e-01 -1.298226063262566676e-01 -2.048575587679177801e-01 -4.069851489377258602e-01
1.840759093815763192e+00 4.637000654475265105e-01 3.114147186946161217e-01 8.557642965161733617e-01 1.353294080882939676e+00 6.450813429213845263e-01 1.176865815299451778e+00 9.733834920812332037e-01 6.711959217490172103e-01 3.773684463411646206e-01
-7.786722952506723860e-01 -1.035037830130125375e-01 -1.827454293966653820e+00 -7.609796028149991010e-01 -6.241248410269526481e-01 4.021423547486572408e-02 -7.037592733486381924e-01 -9.631769930028936111e-01 -1.055274295644035520e+00 1.569394768660531958e-01
-3.292278008983919868e-01 2.347346012946859850e-01 5.027294655904928078e-01 5.008760003866937760e-01 -4.675377806229314426e-01 -7.110121136437024258e-01 4.619580084172084655e-01 -9.378541468841978812e-01 -9.039098377342358445e-05 1.394281193308214206e+00
1.127699554269311788e+00 1.819540015761505813e+00 1.416421505969817363e-01 5.832233377165860766e-01 1.848656330146853044e+00 1.385102995030490947e+00 7.655740853091698161e-01 1.094007781461866502e+00 1.040868240297043723e+00 1.181415328432102729e+00
-8.352505894268564823e-01 1.702448724929666451e-02 -9.937550181750934852e-01 -3.876358366204286088e-01 -2.514861433250552974e-02 -4.461119184699648965e-01 8.139835997271077650e-01 -8.613034329642786924e-01 -2.698841359935653592e-02 -1.580047625525632604e+00
1.205984229558406895e+00 1.146352934984508520e+00 3.379917673379028709e-01 7.623301654897607360e-01 1.161258110433446511e+00 -3.826857259066768768e-01 5.043306627885238980e-01 8.344795487372711484e-01 7.955032731594314788e-01 5.256965228412007612e-02
1.879102688593624060e-01 -2.080707758687508346e-01 7.147434719254824875e-02 -4.036521745491945534e-01 3.328518251004684569e-01 -4.046030851941790352e-01 1.367506422913065123e-01 7.906185030004166947e-01 -1.989319774980638847e-02 1.453757319470672993e+00
1.467568138144824230e+00 5.664599373201103516e-01 1.467223219858489358e+00 2.182231882814245072e+00 2.700071372558233040e+00 4.674261495063077865e-01 2.325265889118202978e+00 -1.912074874650334377e-01 2.824616418527132744e+00 -6.115026781517984844e-01
4.160917478576631190e-01 -4.593722725857158906e-01 -2.779123447630517107e-01 8.027057049717407633e-01 -1.568756209926851775e-01 -5.548326096964262266e-01 4.150062441580916195e-01 -5.579482087812858149e-01 -2.718692269128716310e-01 -2.900001964159280854e-02
-4.471107694728101989e-01 -4.350033429248422734e-01 1.133687675951034063e-01 6.208525203987031588e-02 -3.613869584945419294e-02 -4.833406282737836013e-01 6.015447225394514597e-01 6.574540323350011595e-02 -3.220909620735499801e-01 1.042212045207983051e+00
7.563283815727387394e-01 -4.850650905733263074e-01 -3.704789226005385516e-01 -6.938981924970815118e-01 5.381154474338343263e-01 -1.395664950129753001e-01 2.094728598195779057e+00 2.955020888776018761e-01 -6.619083416036516399e-01 7.344830016140911633e-02
-1.586580175474289200e+00 -1.899751963524495268e+00 -2.322146316670333555e+00 -1.436368717243893034e+00 -9.934199722137169175e-01 -1.983556992797427032e+00 -2.542057049780696687e+00 -1.378287709519412818e+00 -1.964173485924099349e+00 -3.199967968926474560e-02
-6.134140995103670724e-01 -3.849965255170911260e-01 3.641503074093879744e-01 3.219770883627992575e-01 -7.418016121379027161e-02 4.667564457739190042e-02 -1.039551812251726659e+00 -3.027952317404039029e-01 -1.210409102896442990e+00 -4.089497553498339655e-01
2.659867664341774018e-01 9.435296835739964694e-01 2.033112724716009012e+00 1.059240457803111379e+00 3.102438009180304990e-01 2.367469961530161426e-01 1.281227376553281394e-01 7.673610817553054853e-01 5.025152081946938909e-02 -1.075025788676773481e-01
4.303056304734639848e-01 -5.322110547998524233e-01 -3.199324719143404328e-01 2.562998706186864553e-02 -4.206428836251732140e-01 -4.128237158589803668e-01 -9.425088541148302079e-02 6.803306870412553775e-02 -3.975539334065780195e-01 2.584870399124435947e-01
1.456769757448787561e-01 -3.062572768476592433e-01 -4.537917339392269489e-01 -4.474248931647143435e-01 -4.806994665975609649e-01 -9.829670930038680865e-01 2.315795129947592346e-01 9.266324520763231931e-02 -4.404389066629129101e-01 5.475562187288903759e-01
-1.241785353854865326e+00 2.187657936834695172e-01 4.757808592880501397e-01 -6.056973578238689093e-01 -3.895760371857285853e-01 -1.494106134720077084e-01 -7.855657197063485864e-01 3.558476272450130096e-01 1.052410243502841132e-02 -1.057416252525926303e+00
-5.052447678928893016e-01 -1.322159239059977343e-01 -7.509059490742342469e-01 1.234402335701733744e+00 3.004291842016731939e-01 1.134624919100786673e-02 -1.675771829299014914e+00 -2.410256764710541344e-01 8.741137801773666283e-01 -5.516519346468291146e-02
-1.792400084481045930e+00 -5.117682956352435746e-03 2.510311591605501880e-01 1.283058238125057038e+00 -3.946538020223772092e-01 7.126853885736013083e-01 -8.451751649421581636e-01 -3.472361822482885468e-02 -8.135075413195359539e-01 -4.932295964781786557e-01
4.721153430158260278e-01 -1.931619427967308233e-01 8.088759072439802855e-01 1.079358139923170645e+00 2.041882761624918552e-01 9.849453643661550961e-01 8.937632655183239683e-01 6.480948921996269041e-01 6.707389356742546882e-01 -3.126052227364625735e-01
-1.193184558130834905e+00 7.349056552745929505e-01 -2.428143631275152259e-01 -3.294882672532053469e-01 1.324616188958538165e+00 3.454626272893199790e-01 7.234773798511590082e-01 2.402172953174429304e-01 -1.915827183661373556e-01 -8.425349024681474397e-01
-4.871834098339576369e-01 -1.089066703455812801e+00 -2.413691687344360126e+00 -1.942572880169076921e+00 -1.507666397834915628e+00 -1.884286822400505823e+00 -4.438644413185415250e-01 -4.751052144275386691e-01 -1.770366563898605916e+00 -9.358130970352490641e-01
-1.057187478017981741e+00 -1.014024819786520482e+00 -3.208241513593049099e+00 -3.866833688562841265e-01 -3.873334914424151343e-01 -5.224337876343754239e-01 -5.822176453870744339e-01 -1.365621590843253630e+00 -7.589516787427335043e-01 -9.596344832985119477e-02
7.164076981865152849e-01 4.298615350898014054e-01 1.005174385768402012e-01 9.526066565095828720e-01 7.069465590526474719e-01 7.501975225475077114e-02 -5.603876905170120937e-01 6.173244026523056621e-02 4.046509075228069130e-01 6.186873451207448582e-01
-3.069418976515732034e-01 3.323847089854983783e-01 -5.191772941700637523e-01 4.013574464706466394e-01 6.247750614319586004e-01 4.696965242919541317e-01 9.186302159359218678e-01 -5.362583729526824994e-02 -5.403889546638350749e-01 1.044177231197806893e-01
2.660590484664496214e-02 -8.902058385754002545e-01 1.579439681213236357e-01 -4.349319482012319049e-02 -1.248958628302194285e+00 -4.260658109527257764e-01 -5.252239175647210878e-01 -6.951124718166281635e-01 -1.365950362450188138e-01 -2.427019330248139043e-03
5.965119313700749659e-01 5.833106489660368210e-02 -1.038418303746019636e-02 9.594415994797287350e-01 -2.364286436483934439e-01 -4.941913776599440311e-01 7.283209108881860683e-01 -1.253184834040692364e+00 1.015030262892490986e+00 6.031601753365056773e-02
1.028645100850423821e+00 3.835313123935528701e-01 1.396121593873412170e+00 6.899819719303755816e-01 2.109275273348499014e-01 9.037851601850401817e-01 2.109638548358838683e+00 -2.738322934638704464e-01 1.547859211544253322e+00 -1.079200434012244775e-01
-2.508627921247130743e-01 1.550245414294430857e+00 1.924011771013679067e-02 -5.438290896838027244e-01 2.002928508055423218e-01 -9.889002409649008674e-02 -1.950419745239542479e-01 -6.234331559880009616e-02 1.117946857029270102e+00 1.042677457600561075e+00
3.652648982499570596e-01 -2.601395956202489090e-01 -1.456776602137760113e-01 7.365308559064975835e-01 4.780887418522435928e-01 -3.439170098987801572e-01 1.274580066419602531e+00 1.296450876441183953e+00 -9.779985136532088896e-01 5.894405443176988779e-01
-1.778941078545424048e+00 -1.407240049467645804e+00 1.151900020701513150e-01 -8.713423083043671247e-02 -1.078166057413205037e+00 -1.212984991061366591e+00 -1.501164350702823169e+00 3.291518535996773576e-01 4.093314570658353885e-02 -5.109589194972655735e-01
-1.118983089979302958e+00 -9.134707825815882032e-01 -1.768949533803781948e+00 -1.020539751248473292e+00 -1.984190233745111609e+00 -1.688897808712922055e+00 -5.842668659926554264e-01 8.181381608435682740e-01 -1.882607135176856517e+00 -1.574962847031154689e-01
7.810627428039754183e-02 -3.306245364452997659e-01 9.951648755818098824e-02 -5.531993453309678177e-01 -1.018807722957526529e+00 -1.193631645894055321e-01 -2.452982011923619463e-02 -4.142063930881940692e-01 -1.629213931627976786e+00 -1.100056750727706811e+00
-1.450026615177036682e+00 -1.737453649444974157e+00 -1.495893269264248149e+00 -1.889548796485855942e+00 -9.686464575962790979e-01 -1.198767123086169173e+00 -8.744354915486249880e-01 -5.145655130337715155e-01 -1.171757711877091435e+00 -2.302307586294245478e+00
-1.191224059470915725e-01 3.904858725847924483e-01 1.136873057899858708e+00 7.705722817472032693e-02 4.773591196580768692e-01 -2.992805981346149946e-01 1.133209090540926001e+00 7.310905451506338748e-01 -8.929352525255358497e-01 -1.996804848015633904e-01
-9.045118440219596101e-01 -1.540670893172255251e+00 -2.421893544278208854e-01 -5.915140033465844382e-01 -3.886095200393866467e-01 -4.320889476848248090e-01 -2.471257574531586787e-01 -1.106893589066481942e+00 -1.434574663396284144e+00 -7.067589045872653131e-01
-1.711562687279726491e+00 -1.403940151615479248e+00 -8.776675177601140909e-01 -7.566730947991787692e-01 -1.724153396891615841e+00 -1.464024574518563382e+00 -1.419566470292116689e+00 -1.420925138646827124e+00 -7.485927702999445321e-01 -1.011877389442974451e+00
2.577908540106945701e+00 1.896930831707804188e+00 8.953808045116447012e-01 1.650787116071268823e+00 5.286655956134528322e-01 2.073576102197392856e+00 -2.872742994926701376e-01 3.372635738834326435e-01 -9.466945572620786287e-01 -1.212689409605021806e+00
7.278254186752690647e-01 1.194426800521185772e+00 -2.808768196913113968e-03 -3.867444984783672268e-01 -3.523132406826315899e-01 -9.600629236522092436e-01 -9.845453114287874286e-01 -4.875831579957138895e-01 -9.547221820919110646e-01 -1.078935803640584501e+00
8.384472491523842219e-01 8.128008404107163187e-01 5.135235985058750341e-01 8.545207053943653097e-01 7.987676135329478955e-01 -8.195687244356026913e-01 3.539513394248503531e-01 9.124481304677335425e-01 9.938255984271265886e-01 5.942722887881490834e-01
1.925387451971606101e+00 1.006242925613124894e+00 1.973940543345619414e+00 5.392791250534614278e-01 1.871154218733196428e+00 7.147465636665197852e-01 5.072872123498513020e-01 1.563405380087716789e-01 -1.157175186472261919e+00 2.000350163874062281e-01
2.963516137997647348e+00 1.442031303485766136e+00 9.381909329313427026e-01 1.329926251692959749e+00 -1.190119552701943251e+00 -8.862099766197413520e-02 5.021576644716745363e-01 4.663341495239256007e-01 2.160833615389534113e-01 -8.224324411332387674e-01
1.426890368743101156e+00 8.966102915066724854e-01 5.918768035784762738e-01 4.266990039322715589e-02 7.806862953667758065e-01 -3.349660335328247251e-01 2.195723342932333344e-01 1.121182352199656673e+00 8.618812243594933253e-01 3.694879613494710113e-02
-7.645899821654442707e-01 -7.024618290940616294e-01 7.895550941662621280e-01 -1.055698728249785390e+00 -6.358259844370729441e-01 -1.594963513582638770e+00 -1.185913261481238212e+00 -1.326793723612578635e+00 -5.462169274906093497e-01 -3.356686981345751719e-01
6.453675594242813673e-01 1.626015795583906076e+00 1.805321823020192173e+00 9.340539367920254188e-01 7.044666717963769809e-02 3.516817016865656648e-02 8.723605070790502181e-01 -1.169619179917380097e-01 6.784289843738006143e-01 -2.573590717342455481e-01
1.242120552291741564e+00 4.169949871634104355e-01 1.094404639721262784e+00 5.530517331426725303e-01 -1.409022697526571832e-01 -8.844408757545786648e-02 -7.075105184541911063e-01 -1.860032948051987545e-01 -1.093946136356076959e+00 1.941975304402603353e-01
1.611611444141993532e+00 -3.973648942246810201e-01 8.724777685614470979e-02 1.603537641997053731e+00 1.508436952952291632e+00 -5.923599522455098576e-01 -9.533721499500812380e-01 9.072895900372232971e-05 -1.439422717562225840e+00 -1.419075817783209903e+00
1.258232012799438859e+00 8.447371283235953765e-01 1.085356863788950799e+00 1.595398434560529433e+00 2.562610540599931097e-01 -1.228377358631166594e+00 5.663822639810115467e-01 -1.056210866356837585e-01 -9.539280429232289693e-01 -6.374106213691725920e-01
1.198775568973723393e+00 1.673972898565870171e+00 1.578589750166424555e+00 1.750728993490245244e+00 -9.988849235326947573e-01 1.959511491119713122e-01 1.204066162493373948e+00 8.359556502031977310e-01 -5.344355064169619141e-01 1.354103673851168310e-01
1.855385079464948017e+00 3.247881077849157361e-02 6.552645960037706274e-01 4.883551304806303950e-01 -1.007697824456725400e+00 -7.529401484253950283e-01 4.532108817338075246e-01 -8.436805312202588780e-01 -2.482065100370112187e-01 -1.187317558336999701e+00
1.928328156922566983e+00 -3.669991519417825643e-02 2.429562418980562466e+00 1.924432904287580293e+00 1.018404712700434311e+00 1.773035855314283316e-01 7.956408012109268402e-01 -2.077031417976795968e-01 9.869991145495433660e-01 -3.135574734277632447e-01
-1.074240317829756375e+00 -1.934242820387049200e+00 -4.394429948612239567e-01 3.570819454953910732e-02 -2.625863912072420980e+00 -1.107957489504501680e+00 -1.779028257449805972e+00 3.447026231617427161e-01 -1.907810627479548993e+00 -1.487856035926136800e+00
1.425268748686471021e+00 1.998136477322952853e+00 1.351924021233252171e+00 1.507934593517578303e+00 1.139472482419657595e+00 4.991655382225816395e-01 1.379427499372688048e+00 1.455566019910149445e+00 1.556742788972571345e+00 9.048606119347597510e-01
5.152911189559890026e-01 -7.566790681735520163e-01 -1.997441920522311509e-01 -1.329816598503314573e+00 -2.711118637099036999e+00 -1.967614042319627998e+00 -1.485715129157972880e+00 -2.261344210609966154e+00 -2.024556605353299954e+00 -1.514927067737382282e+00
-4.625669139091186377e-01 -1.245002973648112743e-01 8.654154431460892027e-02 6.375996916616790688e-01 -3.692935683877826558e-01 -1.931809572118220464e+00 -5.577384638537878914e-01 -1.115351750196471814e+00 3.028504884530722197e-01 -4.508002721382850519e-01
-7.939671328043114151e-01 9.020950133306928631e-01 1.235105713759993895e+00 1.767501361152191697e-01 -7.064734252281293925e-01 5.539855344605716381e-01 -3.031524247133043359e-01 -3.984594229987858394e-01 3.534312713225020719e-01 -7.791249388695281608e-02
3.613125153929743760e+00 7.488158126189431441e-01 2.012102330447724352e+00 1.272184542330161650e+00 2.151825593695537719e-01 1.787611208628528070e+00 -2.549755785297527777e-01 3.824078143020498421e-02 -1.468915075307961171e+00 1.708053276645629559e+00
1.774125348628127430e+00 3.295160250917360534e-01 1.923825461445151319e+00 -1.095564354639948501e-01 -5.882051389357624283e-01 6.370477495378007449e-01 2.879475229988029406e-01 -2.002914518023442003e-01 7.864136075898826850e-02 3.113989594915966275e-01
8.793239130694936456e-01 1.619283573808474319e+00 1.219448045501378530e+00 1.299478487128656434e+00 2.832924264437672313e-01 6.724050140692396926e-01 2.200441849523322446e-01 -8.005964061784957841e-02 1.393287171283697223e-01 3.526583191697093417e-02
-6.629915762944205149e-02 -1.428035770423281559e-01 2.016854355275594646e-01 -6.130768315060599605e-01 -9.812067244656278442e-01 -7.482215191769893137e-01 -4.946359892939883318e-01 -5.875548126823215700e-01 -2.798790916630396475e-01 -1.726543607498461252e+00
8.051722049237883816e-01 2.058400761468361928e+00 8.020047528689455696e-01 7.099534850317261725e-01 8.864618146564363643e-01 9.874135439688759286e-01 2.442711135721599980e-01 5.214339252242995437e-01 -2.912261595793243507e-01 2.709794746604361482e-01
1.046367117301040262e+00 -5.207586690365269000e-01 7.864749921057474502e-01 -4.404273266501719242e-01 -4.611331993383431249e-01 7.994537338119707126e-01 -9.311403291299437113e-01 -4.363207066983902371e-01 -1.099970603634104593e+00 -9.665511439011344186e-02
-4.687357516858547957e-01 -3.044931154550034602e-01 3.315437535606089448e-01 -4.937749645455886682e-01 -1.655955600552725393e+00 -1.697482251452197222e+00 -7.454226131902976782e-01 -1.013803491510888222e+00 -7.652157686354650323e-01 -2.348796881804485759e-01
3.447489141327169992e+00 2.623448844547536574e+00 3.501940606826782876e+00 3.129319995563604184e+00 2.316463787537999419e+00 1.742869407914800384e+00 1.099687591394050923e+00 9.867953582148143443e-01 2.030725996034302483e+00 2.210461561031499489e+00
1.522817593111061463e+00 2.431243266358402266e+00 -1.710819488700932034e-02 -2.638758566298600172e-01 -2.987913859597227662e-01 -6.164976725331605678e-01 2.523224650706125116e-01 -5.548212321807018954e-01 -6.221694388384608754e-01 2.882294643043982751e-01
1.604663268802825282e+00 1.415622819334914073e-01 9.602855851814799948e-01 -1.322935584463233560e+00 -1.465609496271555123e+00 8.389734445343389746e-01 3.928246309149233118e-01 -1.735176521488699108e-01 -2.320942237249014717e+00 -1.305985950701794351e+00
9.268975606164475689e-01 -9.974182784293006421e-02 8.572962001946786703e-01 -2.296831583674827648e-01 -6.631471876885062233e-01 -2.342360826741547997e-01 -1.175006987199693764e+00 -5.174234087996777420e-01 1.624561664286839346e-01 -8.091340896083804024e-01
1.665519982249147102e+00 1.673042431229797566e-01 2.022238838577335329e+00 2.046099632216400899e+00 1.506177094606062639e-01 1.708287852044123367e+00 -2.111039039698889841e-01 1.687684584908220264e+00 -9.799424363375185132e-02 7.197379601263614868e-01
-5.051166040217278663e-01 -3.853504004189642895e-01 4.174337133300994873e-01 1.803329049055549804e-01 -1.049921215040048761e+00 -1.320894698164000847e+00 -1.572122054913351219e+00 -1.685660307816282955e-01 4.842401871384162115e-01 1.082369046296760909e-02
4.431390254441343046e-01 1.856281374513638616e-01 1.188463166178034269e-01 -3.369000589928186074e-01 8.188483842722160677e-02 1.754734811729303512e-01 -1.151047898698897898e+00 -6.122709768462945013e-01 -8.708755135059617070e-01 -4.258808011399664029e-01
6.835392171226737368e-01 1.447753429856000196e-01 7.222403581344080115e-01 1.922068618301541409e+00 1.164789236137074191e+00 -2.368177728650130986e-01 -7.367831004532024997e-01 -8.968271543277610558e-01 3.201014633366432993e-01 2.388193575000683178e-03
7.332222882922123652e-03 -2.433892671143425002e-01 7.528096004050592871e-01 -2.124253872262857890e-01 -1.215085656189146324e+00 -2.686253690154589147e-01 5.939963511187887901e-01 -3.237761866357911633e-01 -2.441412211253467746e+00 -1.564498532149234622e+00
8.959409030880739477e-01 1.770602155955619539e+00 1.908926906308253235e+00 1.782993852766433740e+00 2.206719554244247067e-02 1.426909225162660000e-01 1.001194842684392627e+00 -1.416438304612979149e-01 5.815952898622092082e-01 8.863320534080746382e-01
1.469742551583304468e+00 1.070520841262579514e+00 -7.173940331563644079e-01 7.720698017088712950e-01 -8.720362759845328160e-01 -4.206085207871640974e-01 6.041775273955480863e-01 -8.655654569757714745e-01 1.340283293029235434e+00 2.122266541222977143e-01
-3.435984176645567878e-01 -4.712609696524916458e-01 1.015797428503314226e+00 1.073665855920500789e+00 1.125731654312781133e-01 8.193337531335677104e-01 -1.006269919288663939e+00 7.829678714090813063e-01 -1.195021678637025575e+00 -1.459599787625999179e-01
1.549171195564159387e+00 1.303364107752741585e+00 1.321259203220591871e+00 5.385899781796544827e-01 -1.400597651021189938e+00 -2.137511846519787595e-01 -4.276279406748757783e-02 1.264731121729140595e+00 -8.802232167089375503e-01 -6.443815940382715546e-01
1.320562380657196666e+00 7.039935733045100674e-01 6.463053032006156329e-01 -3.616644444294443428e-01 4.277731788819693071e-01 1.137265339887421900e-01 -1.441712022329920906e+00 -6.553625988471768471e-01 -5.679809087409853907e-01 -4.253570378751351799e-01
3.315795716614962085e+00 2.980733645199913795e+00 2.486858070900194839e+00 2.462548546673521521e+00 3.174566345808338408e+00 2.060093440109374008e+00 1.704907503343191300e+00 1.349055970536557680e+00 2.614464085877627575e+00 2.117820394265269357e+00
4.692348896549325410e-01 1.050187814073660464e+00 -1.441232315599894065e-03 1.216260859593746524e+00 -4.205951823216362850e-01 -9.389619107037137091e-01 -3.862117500988407337e-01 -4.091426256088905866e-01 -2.280003069967652785e+00 8.355808880619580714e-01
2.737039931615574240e+00 9.558702078688466885e-01 8.872632864490721527e-01 2.395054345995333733e+00 8.808161126142980413e-01 1.799894948079219237e+00 1.706029324685466309e+00 3.710658374188588460e-01 1.074152763001950062e+00 2.161166327156291089e+00
8.308178930883024504e-01 6.668752034585800903e-01 1.347821616387450128e+00 -8.243708008013195254e-02 5.548346968881306962e-01 -7.758933362445166182e-01 -7.937608943205428647e-01 1.290791608616949526e+00 -1.377869979075693641e+00 9.823294850867813066e-01
2.224028383197528491e+00 1.117746286853666282e+00 1.749542024462912515e+00 6.239445577852351654e-01 -5.556633445707895302e-02 1.006594720323529396e-01 -3.194913203468667806e-01 1.342231946983025948e+00 -9.637342440738508875e-01 1.113805159297571290e+00
1.683182605008932020e+00 2.618415207441411319e+00 2.043817056661193732e+00 2.542384096101594437e+00 1.908970142948057447e+00 1.189786176292082720e+00 9.995973167496818856e-01 1.089348279600546032e+00 2.189053654837527674e+00 1.977473810176616276e+00
8.593456418521320250e-01 1.703663708757231721e+00 1.199175645369929377e+00 1.497406827086170900e+00 1.479596189617787549e-01 1.832768438212742268e+00 7.137294667156307559e-01 1.837700559986893967e-01 2.398535250413072750e-01 1.438683320465907078e+00
-2.042755287385125129e-01 8.466348880647265318e-01 1.398644487853883955e-02 -1.010276011028046206e-01 9.765389238001343647e-03 2.478188028788408104e-01 -1.865395802236670342e+00 9.198803438134444121e-01 -3.403169096529317095e-01 -1.761072259283474328e-01
1.176836065064498005e+00 1.714031539425902473e+00 2.437607001675094587e+00 2.309386620286918212e+00 -1.383053586568621096e-01 -1.648727613777805634e-01 1.565809795339642374e+00 5.849095162986591712e-01 8.323187143552832623e-01 -2.306469467396405904e-01
7.332659813574330387e-01 1.955179534284066767e+00 5.090735512900749216e-01 1.614998145882245772e+00 -7.059178341278640190e-01 -2.145398346379701060e-01 -5.347928292211555634e-01 -3.146738982959019215e-01 -1.532254534052612360e+00 2.404845560827847117e-01
1.362593335444585607e+00 3.464403438516752143e-01 9.419169774072884138e-01 4.973232141035961451e-01 -1.192499763957209913e+00 -7.359701027880147794e-01 -2.453579692111842459e-01 1.223215391273382718e-01 5.257684716855475227e-01 -6.203098284952486274e-01
1.595092194925001872e-01 1.194603162456263634e-01 1.424670119783139066e+00 2.041213768658083350e-01 4.341495861558450908e-01 6.880496052343314517e-01 -4.023862641215332769e-01 -7.204221568899512596e-01 1.776336856905652573e-01 4.024131276573638533e-02
2.243706865197918621e-01 1.015557100933944801e-01 1.571383918879363017e+00 9.866919594888495793e-01 -8.110743934627956397e-01 -1.312455398636849013e+00 -9.948513979755166936e-01 9.493466884102556846e-02 -4.696983035744964341e-01 -1.438429017602581794e+00
1.808362933862705191e+00 3.276733066524010418e+00 3.216144273895127359e+00 2.153364242375110926e+00 2.188807829799572779e+00 2.186664832123952351e+00 1.585800990176089442e+00 1.840073189796612496e+00 1.356047283636617973e+00 1.297050977324306187e+00
1.862242641356152806e+00 3.295911081587587610e+00 1.870788924161602029e+00 1.935916030633294760e+00 1.351772830482248722e+00 1.198067956059215566e+00 1.659758799688075603e+00 1.818670544635978992e+00 3.335724724428492660e-01 8.078778479496682152e-01
2.302095828469044925e+00 2.328233715303151374e+00 3.044205739115402931e+00 2.078100507218011650e+00 5.807407923799245975e-01 1.324164073889165349e+00 1.489482107952030621e+00 9.152135548898657769e-01 1.214015255199311083e+00 -3.055192838019239743e-02
-5.977600778997163022e-01 2.684368880165133309e-01 -3.940393691836268086e-01 -1.512376465469126963e+00 -7.700571614042226454e-01 -5.251267595309598857e-01 -5.430787877435235833e-01 -1.778485617786300432e+00 -2.201745757431240236e+00 -7.614232560635049163e-01
1.251088301629135202e-01 -4.789327878621447709e-01 -2.040466590012228743e-01 6.866215166360101207e-01 -1.417292007506117946e+00 -9.401082556809353674e-01 2.195692419561450504e-01 -1.417278352172386624e+00 -1.712497541450814120e+00 -9.375335031588045709e-01
4.270835799544026035e-01 1.608612581421929200e+00 -1.992983223087685385e-01 2.071321252136193447e-02 -4.989054575594885632e-01 -1.933720181204736877e+00 -3.227078334029727658e-01 -6.450088235189710417e-01 -5.792633950947297938e-01 -8.092753298938348827e-01
2.702973392095511684e+00 7.261838983984756357e-01 9.188038430599673179e-01 1.626270521335834163e+00 1.139989270117008902e+00 1.184246535185356386e+00 -3.293124928614596381e-01 6.163189417919286983e-01 6.425187656575930273e-01 5.693750824796305343e-01
1.685339523509298498e+00 3.168463702415800221e+00 2.101499129641394958e+00 1.471203066461617581e+00 1.236618560854622739e+00 1.217249501499350295e+00 1.827813109709484962e+00 1.950753570359316402e+00 1.245785549156484873e+00 1.242939660423734605e+00
-8.639482796873625414e-01 5.842830573519873782e-01 2.876368355673432076e-01 1.026759658080755422e+00 -9.927645951052715967e-01 -9.057541169759083521e-01 -5.698270626560616448e-01 -1.238959757393058414e+00 -6.128850694336960281e-01 -1.070794236356937601e+00
3.468738578468315126e+00 1.883360886435209380e+00 1.097324933983257811e+00 1.968695744320823504e+00 1.874749969534544425e+00 1.099067265939808635e+00 4.015469005362417021e-01 9.648470830442218427e-01 4.107514970747321303e-01 1.687840664344997688e+00
1.329280728782267884e+00 1.523790198475302837e+00 1.070255836978281083e+00 2.859417249215349344e+00 3.071715098968104130e-01 1.889695902554368034e+00 6.856794599678910362e-01 -1.041950487622251426e-01 4.501829790980568791e-01 1.275484653171324589e-01
2.981747153475869716e+00 1.897532544532527510e+00 1.692297238803935455e+00 1.447888252811797338e+00 5.941544890855502414e-01 -5.249359983648460570e-01 2.618322970683881201e-01 3.537283792154914397e-01 3.772688069454359083e-01 3.865179777507427583e-01
1.275499702496776244e+00 1.508735820287840479e+00 9.728952481113022355e-01 2.116732021526350316e+00 8.873286557217490156e-01 7.383294506059344675e-01 -3.951267556358830646e-01 1.291656039458493943e+00 -3.168030589077636822e-02 6.192348281899624496e-01
5.832124079572112985e-01 2.220961136132035385e+00 8.212445201830723684e-01 1.510944878370858557e+00 3.637023512355901378e-01 5.481195962012862521e-01 -1.326494086591355481e-01 6.081641564522001220e-01 -1.888331057750228803e+00 1.144501648890653644e+00
1.723927229066628763e+00 9.638295746224154747e-01 1.643508545646548358e+00 4.558934034088522047e-01 -1.240196315978251862e+00 -4.804750217435939108e-01 -1.891817852300760328e-01 -9.773726575903817215e-01 6.662828595221079730e-01 -5.464170000277160932e-01
1.806697920936684909e+00 6.245323926032553263e-01 2.116206054761493593e+00 7.382350778504696009e-01 4.422181090375408852e-01 8.331213773002296152e-01 2.538311429087708460e-01 6.940416919916611027e-01 9.279279671413405151e-01 6.308531654007752953e-01
8.986991379897157906e-01 1.443872582202284205e+00 1.292063969246467048e+00 1.586068059640893146e+00 6.768334035723866382e-01 -1.193986347192583786e+00 -6.407464569532316245e-01 -1.312772647133329196e+00 1.626651035251140520e+00 1.361808570131155083e+00
3.901119503716602654e+00 2.565495373229636833e+00 2.695997256514524487e+00 3.138448120608900549e+00 8.704641885408827273e-02 6.907168298195225375e-01 1.503020129276004591e+00 1.229019274407724849e+00 9.279052233044935427e-01 1.890609878923408482e+00
8.837079945236169243e-01 2.057626964953232829e+00 1.401464293182748788e+00 8.835159206947590382e-01 5.033747645750945576e-01 2.425101145121094093e-01 3.228031968106253036e-01 -9.786142182039031523e-01 -1.204101905727225308e+00 -1.941581191550077745e-01
2.158397729983837721e+00 2.383059815954906568e+00 2.143043447277277469e+00 2.123959261849516889e+00 1.194089325153351089e+00 1.032679325551280058e+00 1.432639494862270046e+00 4.893663270657919728e-01 7.840994935164815605e-01 9.603775703486743254e-01
7.192232848215341923e-01 5.636070052877146797e-01 -6.312863944997777477e-01 2.112813264839658034e-01 -1.036278103677765960e+00 -1.761527942128433777e+00 -1.165692753697362027e+00 3.987658098907699844e-01 -1.051462418676243793e+00 2.370078698629263236e-01
9.694499387776415178e-01 2.152364557733648098e-01 -3.873985446725598525e-01 4.456551603512817206e-01 -9.260879042698130226e-01 -7.862623997997136849e-01 -4.528084053632839834e-01 -1.219651039959576133e+00 -1.369355557419420721e+00 -1.747865871415352768e+00
1.558529894481218259e+00 -1.631651155930551322e-01 8.784780621904937359e-01 9.491406816813008351e-01 -5.218472429233226295e-01 -4.110175235052311860e-01 2.568432481693955771e-01 -5.678108083720427857e-01 -7.028433492243894021e-01 -6.841776996726869342e-01
7.476454863330650458e-01 -8.488879001256877110e-02 1.409459286538914835e+00 -1.118507497365125225e+00 -4.122635981988978515e-01 -5.731412976815606353e-01 -7.403004505158130577e-01 -8.736037395563215346e-01 1.488392741874325909e-01 -2.337850113732715229e+00
2.432627509063236104e+00 1.966913773300408952e+00 2.474795025078771360e+00 1.502978373773885323e+00 1.225008747341564286e+00 7.528108744990859025e-01 6.297028404916604760e-01 1.520554163604105780e+00 1.612100617877928188e-01 1.001985138452905932e+00
6.819648341230053479e-01 7.286758267594579674e-01 9.288394911982553737e-01 7.364988104455656437e-01 -6.715974002343461091e-02 2.620405729493032188e-01 1.173104779430552025e+00 1.456867637329589422e-03 -9.757605454308202475e-01 7.017707236714870733e-01
2.796153696654927190e-01 1.228961074231174289e+00 2.571685847426304239e+00 1.079727820987556708e+00 3.485913634171333153e-01 -4.168458081525406311e-01 2.427058568278410267e+00 3.076026926239722736e-01 8.873528531241955397e-01 2.602026669776508760e-01
2.458847126350006462e+00 2.079197047795742215e+00 1.196977795570088876e+00 1.793221891719318339e+00 8.458627951198319783e-01 3.121011523523229414e-01 3.625601226894201723e-01 5.243023947711311639e-01 5.629768200857308003e-01 3.020544127123929445e-02
-1.471202854229535451e+00 8.818718977371819978e-02 -1.423971992015482968e+00 -1.710738362447743466e+00 -7.726656771994644402e-01 -2.627045787151068623e+00 -1.878625605441569091e+00 -2.662753289578051241e+00 -2.291287447223091522e+00 -1.903431315597905682e+00
2.125248414095969984e+00 1.870495034001951051e-02 2.168768276751527502e+00 6.581237529978232192e-01 -4.323964329907752924e-01 5.169452605579914761e-02 -7.890724873988038679e-01 -5.167962030294771525e-01 -4.071506326653809293e-02 -3.503859474065850188e-01
2.062099258290339243e+00 2.413049226155361549e-02 2.257152109721580757e+00 1.450076189087971645e+00 1.002053621491105551e+00 3.966106500146400760e-01 3.162523059204169762e-01 1.221110618569217904e-01 8.791097792912700992e-01 1.651192190198348120e-01
6.815859090976765788e-01 1.123075030923185835e+00 7.604724331529103543e-01 2.154821599854945369e+00 2.172182999705110917e-01 3.789560825028038260e-01 2.875263731633032060e-01 -2.333546493865640559e-01 -5.099602999578956020e-01 -2.207687745745808283e-01
-1.178554447778359382e+00 -1.708614018687342195e-01 -5.658368719689068627e-01 -1.962222473837549330e-01 -3.099332499827484599e-01 -1.288039714979303474e+00 -1.378820414454652024e-03 -3.133787251118096973e-01 -7.112693883070132506e-01 -1.676490501204416894e+00
2.038529855366945753e+00 1.534865983037748904e+00 1.126612588292960959e+00 9.943686217017035922e-01 1.454856750777534957e+00 4.852075726870443417e-01 7.097841599786712807e-01 4.480970302802668725e-01 1.858830289052241014e+00 1.252820626783071045e+00
1.279071643751164888e+00 2.431766148811904671e+00 2.939198105508160630e-01 2.139353436093089478e+00 4.360004038895028411e-01 2.282196870003683209e+00 1.233565537538593881e+00 1.133817681307396796e+00 1.006844033643066849e+00 4.686134941919096741e-01
2.098047011945293194e-01 2.349749608584196237e-01 -3.361260089968742815e-01 1.102439173241873460e+00 -1.279401568974225967e+00 -4.141826740672562845e-01 -3.637657445106327048e-01 -4.289583070722172153e-01 2.066625465422066710e-01 -7.888452803787523449e-01
5.411769909059871431e-02 4.441516910286122943e-01 9.334904135590562646e-01 -1.108688910342272571e-01 -1.754740796851559814e+00 8.754995329467368803e-01 -1.278140405055270712e+00 -7.480464468878170736e-01 -8.457299857239237717e-01 -4.182251778167814238e-01
3.038445051387713702e-01 -2.036931138221418358e-01 5.280849223297137129e-01 2.633288335586903006e-02 3.281132138326277592e-01 6.052479937403526522e-01 1.101224004426421682e-01 8.999053865457642964e-02 -5.467305431089426460e-01 9.058563392834666494e-01
1.737507944266191817e+00 2.866207038694055242e-01 2.475497372543822294e-03 1.740103697911368652e+00 -4.990871750135743995e-02 -6.213606214708961017e-01 2.782571977483185299e-01 -1.105570552568634124e+00 4.082985947970934615e-01 -3.667829779234044185e-01
2.630812013087751033e+00 2.042774943584774405e+00 1.371211231198194325e+00 6.098065948523375690e-01 1.051773609789713043e-01 1.078465706455518092e+00 3.095790001482520357e-02 1.085262557311648779e+00 2.486032177170586221e-01 1.807353650808654066e-01
1.476199665636818814e+00 4.724410268171077565e-01 6.938471878072915988e-01 3.409028987967882562e-01 -1.022485630497525499e-01 9.341433686360794963e-01 -4.524086340346222812e-01 -4.213895257652646165e-01 6.473487727079179077e-01 -4.083061119270797734e-02
1.165050054425816661e+00 -6.295994150124462063e-01 1.672367763534375218e+00 1.522396548102045166e-01 8.903972426635946291e-02 -1.446578277174316973e+00 -1.372320282323220786e+00 -8.351274227716533327e-02 9.980607330044327652e-02 -1.252372750298977877e+00
2.727472533685844525e+00 7.472529630895964337e-01 2.079933970737021909e+00 7.101847282913422710e-01 9.961015836599601547e-01 1.973247019123202772e+00 1.994034893695188160e+00 1.947766287735943180e+00 1.042270547044989559e+00 1.318333091780254263e+00
-3.234049279671737942e-01 -3.015969501457900215e-01 -5.792558817804538407e-01 7.162963688853398736e-01 -7.684385445688104443e-01 -2.085193892177140906e+00 -9.443090777900566835e-01 -1.338341049436049701e+00 -1.612744936935150086e+00 -1.181928518831169672e+00
5.616946337919291876e-01 4.131638421437284769e-01 1.058083527828312276e+00 -1.278785616369345846e+00 -5.586811608261887246e-02 -4.266241438433139854e-01 -5.474931621818897032e-01 -8.677276289292450429e-01 -6.611087571341330849e-01 -6.424417241964992531e-01
2.088349979215778696e+00 2.193590622997487749e+00 2.450333765898492722e+00 2.630438543396332207e+00 3.108759241784403438e-01 1.198905449121012046e+00 1.080998112836714320e+00 8.873220678862163702e-01 1.273824939544166535e+00 1.602397142591871937e+00
-4.646231885801532790e-02 2.545509156159759812e-01 -8.127727423860409139e-02 4.743787568317181513e-01 -1.255968237276338773e+00 -7.241514379245478361e-02 -1.160657583582552332e+00 -5.130561549067809146e-01 -8.278447076927512027e-01 -1.313396542447124338e+00
3.313063602892488690e-01 2.899933949479405193e-01 -2.989171408841324595e-01 3.599741533321980658e-01 -9.940045047124942412e-01 -3.946599860292223649e-01 -2.108243988607070740e+00 -5.794127047769475070e-01 -6.256832647872387909e-01 1.915863394769805328e-01
8.891066620624072936e-01 5.879623405122463842e-01 -8.688695882295860429e-02 6.814919862115126348e-01 8.548836373526874644e-01 8.666116245061844525e-01 5.187247292388956765e-01 -7.797650183217394448e-02 1.325623078434411128e-01 1.691981886478157504e+00
-7.472605926456008518e-01 1.589324955833802733e+00 -6.180318682207197600e-01 5.493199003125532887e-01 3.687231728640600892e-01 -1.150818989530416614e+00 -6.980547030193688662e-02 -8.293343841993929821e-01 -6.643777235007276571e-01 3.835244494393645343e-01
2.708899801405379559e+00 2.608594256582343007e+00 3.098660372880493341e+00 1.723412021263537763e+00 2.879216891065333961e+00 1.104397528951181595e+00 2.826528676893392822e-01 2.221062044177281702e+00 1.361281291700659812e+00 2.525682918790837395e+00
2.100699000069381484e+00 7.063637944107277189e-01 9.583587379458494704e-01 4.450932889815046867e-01 -2.327232435890798645e-01 7.748945526419924734e-01 1.336873812250742033e-01 -5.406228610772458865e-01 6.393373820953835995e-01 3.459694853656672398e-01
-3.199665096212502835e-01 2.081231396321753246e-01 9.322791992869821076e-01 5.958700807778440911e-01 2.045867684414594267e-01 1.406444109153342226e-01 -1.556266186533242502e-01 -8.498554581641489802e-01 -6.026258786776898801e-02 -6.283680925476176071e-01
1.204996868747320038e-01 1.554823056698543482e+00 1.548641487885985324e+00 3.747633246697628095e-01 -3.184518806961583182e-01 -1.462156497374748954e+00 6.923705074801202175e-02 6.523711567044356840e-01 -1.465899707957964093e+00 -6.001422629526772523e-01
1.998108140845216152e+00 7.542372738116298603e-01 5.698664141325795462e-01 2.037651744655932351e+00 5.122099417408253474e-01 -2.480152867737703271e-01 -1.038087620659295274e+00 -1.193658946377555541e+00 -1.208457774258349993e+00 -9.016412985674736591e-01
1.939509202517775366e+00 6.470563547918993796e-01 2.330268973305335223e+00 1.604056487652726126e+00 8.860897548318902306e-01 8.229668961332159416e-02 -1.208521867358801849e+00 8.349793517726549208e-01 4.587482180417111477e-02 1.464871184461208897e-01
1.376858581011231042e+00 8.472733048304322834e-01 8.567945240880590063e-01 -3.622896438856515466e-01 -1.737989014867631909e-01 -2.168613447924486737e-01 -4.110667512759417219e-01 -4.301839846512399146e-01 2.324992006334326844e-01 1.912191368666051744e-02
3.170522460248679231e-01 1.301097271743778316e+00 2.120976091115323925e+00 1.446143473874571761e+00 -1.986226474397772557e-01 3.419976210709242959e-01 1.046907555941945400e+00 -2.826791845128935332e-01 5.221026209678774066e-01 -4.795205023609037109e-01
8.499033019565083169e-02 4.509612583547573106e-01 9.153383393542863233e-01 1.724076406194378741e+00 9.579709285068598312e-01 -1.533730387525692185e-01 -1.787106096512615927e-01 -3.504792078375812969e-01 9.250474427485816387e-01 -3.368302093746544101e-01
2.221952789031039543e+00 2.679239861859940675e+00 2.142955056725049268e+00 2.447396208772619097e+00 1.418023629559982124e-01 2.216018515204919659e+00 5.927987875773363946e-01 1.668018879975112112e+00 1.882963468785920469e+00 1.590938425450792337e+00
8.192625474271075792e-02 2.598216155078356682e-01 1.141885197529386664e+00 1.588279464932644380e+00 5.121676696799561945e-01 -5.290852981298038021e-03 2.497731415925892942e-02 3.347738150528239975e-01 3.769643563551390852e-01 -9.126735648805374135e-01
-3.544901659160661911e-01 2.317158920956193136e+00 1.632202110050778865e+00 8.681696782205917673e-01 8.946579772866624092e-01 3.138717981373768118e-01 -1.289625334406995782e-01 6.452024279433166143e-01 3.954518747063693884e-01 1.427869869134109314e-02
4.200850557623332371e-01 -1.107954705508249482e+00 -5.290764558459122302e-01 -1.411413581173893927e+00 -2.124475792568527144e+00 -2.400747427805113965e+00 -9.873772538665065435e-01 -2.732102448564803332e+00 -1.474358088046493043e+00 -1.292819212798555606e+00
-3.876733315666005542e-01 -2.715754252234368060e-01 7.739792148228064050e-04 1.797982214262890954e-01 -1.870743929333822664e-01 -9.794152835021063819e-01 6.924633396371299154e-01 -1.619818089745681533e+00 -1.185350614098046762e+00 2.162637016546213042e-01
-2.402133577277494325e-01 2.459195935840958747e-01 2.123087564831916962e-01 1.508340207840965785e+00 -1.480272080009428004e+00 -3.011015135512246088e-01 -6.742451673320059014e-01 -4.465934354441608023e-01 -7.269800909129877642e-01 2.170633303874970332e-01
1.376314579290454088e-01 -2.844178172678897276e-01 9.865255526134664166e-02 -5.505524356652569118e-02 -7.545878851568106338e-01 4.489666969308158673e-01 -5.329347493127488677e-01 -1.467586902237906665e+00 -7.464820035006478616e-01 -1.168673036553354860e+00
2.434941507173086883e+00 1.231693029784277638e+00 1.459146885376510605e+00 1.008483697199653584e+00 3.408212996738259615e-01 1.684167182460463374e+00 1.848152373032537987e+00 1.451309928402112703e+00 1.793594829189377293e+00 1.908540380254564406e+00
-7.579839358474287359e-01 1.081093492770991205e+00 3.683038891208862964e-01 3.607954476650064857e-01 2.034106142233081324e-02 -4.518490939723254773e-01 -7.539087880958935672e-01 -5.141540348711759467e-01 -2.809320054878405859e-01 7.444818956402915466e-01
5.437644782617445660e-01 1.391176985511259456e+00 1.374508882719309710e+00 2.837497966574971109e-01 -7.217620422256295631e-01 -2.106251978772916700e-01 -1.183680276822573152e+00 -1.030802206129441512e+00 2.018357558590922265e-02 1.715720024514996167e+00
6.418130301195377196e-01 1.133822933928709364e+00 1.665670361497327834e-01 -2.710323807793864059e-01 -3.177816415805559958e-01 -9.177691794045652607e-01 -3.803178636396947754e-01 -4.898082570335152153e-01 -5.754765879171072074e-01 -1.905239783303303847e-01
1.390495303722211640e+00 3.716660345086640893e-01 6.074146103562800825e-01 4.741153685488908032e-01 1.488891203851997025e+00 -1.899923798237030115e-01 7.549327005025483484e-01 7.776513898695222027e-01 3.598180590493345599e-01 -2.137285558090690485e-01
6.644802166119359033e-01 1.410556239268028422e+00 7.897135600931526334e-01 1.432279412976682043e+00 3.240241479863708030e-01 5.444240364805545962e-01 5.615685818917837135e-01 -5.413643106293695995e-02 -6.530947090176825176e-01 2.652623937482026517e-01
3.335220248135517540e-01 -6.187211225487130317e-01 8.784352929752193839e-01 -3.757367036607166533e-01 -5.888080246064220785e-02 -1.578284081954680063e-01 -8.241998589803921638e-01 7.224097932816690992e-01 6.386708311422466533e-01 4.698897155064037934e-01
1.745673970595018609e-02 6.719648032547778094e-01 1.123568393877125038e+00 1.079227181825669790e+00 -3.634803785639504903e-01 3.201372575960386713e-01 -4.606262023242832515e-02 -3.451585131153405706e-01 5.820688003213172479e-01 -9.964584879158926434e-01
6.921660312033840468e-01 1.371555239925420278e+00 2.054971292280765915e+00 1.632945153356333279e+00 1.011327703390048072e+00 9.578417474117758568e-01 1.621549006884221433e-01 3.133939321856671345e-01 1.916710725283353955e+00 1.788705134292500887e+00
2.898432897555980325e+00 9.590721514727781338e-01 1.719229182315906712e-01 5.807813072911676144e-01 1.013720316235165786e+00 -7.819623581454882011e-02 1.971186331405838654e+00 3.572552975661583141e-01 1.087985921406703804e+00 -3.861932060870968964e-01
7.493720587522791909e-01 5.182531570651081054e-01 5.222345830703805092e-01 1.091395904286831975e+00 2.280062992642837294e-01 -9.783378055026042963e-02 -9.385233579734932885e-01 -7.362786263498435346e-01 -8.806189107045493403e-01 -6.861944722973123412e-02
-6.702654162385295322e-01 5.283218211305571455e-01 1.347474684031759962e+00 9.335166410432030881e-01 -8.093486060805410442e-01 -5.007127235535019372e-01 -3.532196925993060788e-01 -3.867523702676219366e-01 -7.250676637181154849e-01 2.955466318707160034e-01
-4.188494599514380745e-01 -1.290402061140002221e+00 -1.318826835341455617e+00 -1.265279634698461386e+00 -7.029776982530764329e-01 -1.700189717856241955e+00 -1.576341380455447583e+00 -2.548662708825781831e+00 -1.895084273977354794e+00 -2.109415400846402555e+00
1.050174324299494089e+00 1.388919588917144177e+00 7.083886201337232791e-01 1.498413985750925326e+00 1.466884641113699095e+00 1.210157955734507462e+00 3.112911498064508953e-01 6.943315463094357209e-01 2.176208991270782711e+00 -2.438984901088716017e-01
3.321860156800156005e-01 1.369588052659531208e+00 2.073413413028385444e-01 4.614042772583326624e-02 3.583164350595673953e-01 1.397517403161442628e-01 -2.988427760795297483e-01 1.977867133636656227e+00 4.980756008603231533e-01 5.524151807920686386e-01
3.615989037796558669e-01 1.388135632644479145e+00 1.435475627099682683e+00 1.805925917406728365e+00 5.741213947286650798e-01 2.981070770948008875e-01 1.279891771273165890e+00 1.463998415577086043e-01 5.681380101267740068e-01 4.792315133949904826e-01
3.737643690010471254e+00 1.452140933984192861e+00 3.286411140274872356e+00 2.671925709687450912e+00 2.566050076413986525e-01 3.014269424252865592e-01 1.993361430522115008e+00 1.488371668376523571e+00 1.198926649735823080e+00 -1.101476581160081986e-01
2.845103854211841199e-01 1.163004543743458852e-01 -1.903751424069729303e+00 2.612006189052431537e-01 -1.797246972304218815e+00 2.015248717849159599e-01 -1.461659284061000541e+00 -1.081484194544780397e+00 1.709695628256001909e-01 2.885475266577853803e-01
-8.774896843300721283e-01 -1.558186385877369240e-02 4.468825600524073405e-01 1.116299960179311102e-01 -1.557773408027705253e+00 -1.401562575184640336e+00 -2.031908855989442431e-01 -1.291702914474317954e+00 -1.810914682578037005e-01 -1.776808622064040666e+00
8.009027577618379468e-01 1.366519654863896038e+00 8.214184060291322975e-01 -2.561388291212656210e-01 -1.277240187132403282e+00 -1.404367557207749195e+00 -3.471848581986152205e-01 1.065243983566632885e-01 -3.020456830218191668e-01 -5.346018484571090079e-01
6.397799183608809948e-01 1.597473883402753980e+00 3.348821007293795171e-01 -4.940764185422894528e-01 -1.018414019921732860e+00 -1.169553105225113354e+00 -2.012716538169299074e+00 -1.245275676560322120e+00 -1.379024801539453948e+00 -1.760754559958581655e+00
2.070837005023801858e+00 1.672494029114162117e+00 1.553202527316330572e+00 5.764378652723349816e-01 9.304051262149863888e-01 -5.393411918814362549e-01 2.529373659105791927e-01 -1.317339957470687987e-02 1.642503696441573124e+00 1.522765925643342344e+00
1.495641002780673023e+00 2.205781370731075164e+00 9.149868588659113566e-01 1.406832991179305381e+00 -2.655886521545671175e-01 9.505631075023920351e-01 -1.271161136000342751e+00 7.373355066257941681e-01 6.476212041399208585e-01 -1.288520872283545615e-01
1.685950114093414109e+00 1.897755167954498834e+00 7.695915124748892167e-01 1.076527742928233833e+00 8.993482241146131262e-01 1.433598391191751142e+00 1.148992642494444549e+00 1.577124008467065963e-01 -6.569451070686166405e-01 1.143944586641341354e+00
2.885100324856189058e-01 -5.720931222024860929e-01 1.352063624626191896e+00 1.341353457287368434e+00 -1.634765581668776446e-01 8.610329776045787531e-01 1.923933004270135527e-01 -4.301338189019714431e-01 -1.100348635204490000e+00 1.084841401004853045e+00
1.575745639144148225e+00 5.580230491812960825e-01 1.658660311317469827e+00 1.822895802739158189e+00 6.498286308077499962e-01 1.689508448042607303e-01 1.658105447044387670e+00 1.233362125369782264e-01 2.217642318807752644e-02 -2.653564923610157722e-01
1.786066536190190623e+00 2.005234484041652721e+00 4.364659287879680827e-01 6.241929662528329370e-01 2.463366268461044228e+00 5.722818848905478761e-01 1.109965095105639454e+00 4.645189846624271368e-01 7.797150560761626492e-01 -4.131906123553792942e-01
2.320727625341860723e+00 1.491394858091572573e+00 1.392793417862265626e+00 4.505169398281316795e-01 8.334298202296903657e-01 8.009783813281199372e-01 4.674614313906596541e-01 1.037066844907731600e+00 4.404891384001137500e-02 6.961745611361930264e-01
7.809044697008841185e-01 -3.260937618563426454e-01 1.590011001265725366e-01 -1.316689836719294071e+00 -3.173841742389080928e-02 -2.926132344162286070e-01 -1.205234714152194853e+00 -1.455188504553508455e+00 -1.819186571739280334e+00 -1.368205017332673412e+00
2.144363299524512101e-01 8.551249378262905099e-01 7.726648404477185483e-01 1.991491965680745047e+00 -4.560088065483354491e-02 9.446433963043726970e-03 1.112620459655998095e+00 1.967425659846305519e-01 -6.369417987377801182e-01 -8.452878208575747010e-01
4.975787268635434302e-01 3.005517310600293257e+00 2.035733926433549446e+00 1.567726492510626679e+00 3.225036880321335286e-01 1.623902783944670247e+00 7.613031117909360157e-01 4.138472932283829286e-01 -1.198846109125715487e-01 1.744556694688912168e+00
-8.603056190893743072e-02 -8.875161789735439566e-01 5.153576106053231465e-01 -8.607438970310561377e-01 -5.119605621316668520e-01 -2.214392065722480485e+00 -7.158423572451676209e-02 -1.282361397247199220e+00 1.217661903956092362e-01 -1.543877601728728122e+00
1.610194263971804318e+00 2.223541562795867677e+00 2.596059155604588220e+00 1.643995068371578938e+00 1.454968322692880678e+00 4.434288257667071131e-01 2.162342958841992901e-01 -5.127851485362402290e-02 1.176014175605448742e+00 2.433517231784802171e+00
3.772564848064341447e-01 2.080121951266995950e+00 4.143437095036341944e-01 6.648130861350997067e-01 9.060562390798071464e-01 5.431896680492145357e-01 1.518408262213832627e+00 -5.826676189575559217e-01 9.160233568890865374e-01 -6.288515117836382951e-01
1.879327275487145510e+00 1.252221410299911852e+00 5.078515247419634893e-02 1.140036919187158437e+00 -5.174174007746705772e-01 5.052936374286383092e-01 -1.189929336697164025e-01 -4.377476043450859167e-01 -2.156130578233983908e+00 1.401380883031866920e-01
1.654501850869891655e+00 1.398510919925683993e-01 2.047108905078403929e+00 -3.517518915684101355e-01 -4.855382396591466643e-01 2.847809510318127790e-01 -1.068478170722410858e-01 -1.454703488348496054e-01 1.099835356690240573e+00 2.605807997754123750e-01
3.506126583201252256e-01 3.080034516863461302e-02 -3.152953033267289484e-01 -2.284726919255650746e-01 -3.357173586903620111e-01 -1.403544944924564941e+00 -1.406939205065475262e-01 6.460626481184765513e-02 -8.561812494031688647e-01 -2.775917691988074143e+00
1.206117083926202316e+00 1.736614266952388297e+00 1.012868528837625570e+00 1.174438541758946242e+00 6.409898793652200055e-01 7.990561908263481561e-01 4.871091892943995583e-01 1.164186564762342835e+00 3.469118409563269334e-01 9.941215932953636480e-01
1.436243015753424501e+00 1.814079050149471684e+00 1.803442138366392111e+00 1.330505988680625196e+00 -1.324418441380702804e-01 -1.604458376993378010e+00 -6.178896833126727994e-01 -2.840615459535927312e-01 1.854583716820824013e-01 -3.499743012459186065e-01
1.442468468058745845e+00 2.017539890313810425e+00 2.035166949491948873e+00 2.611026271853061687e+00 2.119263594328071598e-01 1.151939308255556682e+00 7.499882159440278695e-01 7.467308296537575885e-01 -6.711439752212862153e-01 6.410795434653382419e-01
2.762805907585577092e+00 1.212230881625459888e+00 1.867328877804862231e+00 1.590646312053783706e+00 1.530796157621453046e+00 1.654210611521235830e+00 1.222288195416087575e+00 -1.178425218289531201e-02 1.279239742859847873e+00 5.824320501849812315e-01
3.414568540812545905e-01 2.068142098646056359e-01 -8.145397298057055480e-01 1.043505023811996280e+00 -7.569147447905725246e-01 1.948030377674417890e-01 1.589492147545591427e-01 -6.176754780128314026e-01 2.443371539488908284e-01 -1.475749700477095638e+00
8.723285157051134941e-01 -7.710273955465329898e-01 1.086301793889445477e+00 5.793645599586519923e-01 9.356095491754443660e-01 3.071845541448221528e-01 -8.356866213924560860e-01 8.064620317155930529e-01 -8.453780280735578856e-02 -7.199309781129414887e-01
-1.554565914760548839e+00 5.845254385499003558e-01 -5.219203555255751414e-01 -1.278353482456280332e+00 -2.106606383515213565e+00 -1.193023566619526354e+00 -1.840973840179406906e+00 -1.894693638886606746e-01 -1.504739866401706427e+00 -8.934448491910396140e-01
1.721100241131167774e+00 6.315413726049504684e-01 -7.343592656931248186e-01 1.292436697343000152e-01 -1.428233507556728954e+00 -2.630077857406647457e-01 -3.302041902812479224e-01 -9.012462924425517219e-01 -2.388964231695470397e-01 1.187051800990025774e-01
4.315714120429171574e-01 1.714584275563097115e+00 1.588834506820268277e+00 1.100975677125789032e+00 2.495479238140771092e-02 1.970282729401834354e-02 -8.622668992191951931e-01 1.016261571573630729e+00 1.049342810270627258e+00 7.316447420445167937e-01
4.029225165600245351e-01 2.900636004207521879e-01 7.064018151445338178e-01 2.441949581664245583e-01 -3.442798019296799961e-01 -6.276135828724117571e-01 -6.026639600193989255e-01 -7.994888825504635754e-01 3.362895017115565821e-01 4.196498571841081882e-01
1.387811750551657397e+00 5.590755460609875271e-01 1.814987735440351857e+00 -2.160530385181334001e-01 1.176214151285731813e+00 -1.028629835501869705e+00 -8.608366189153052739e-01 8.754359818877994748e-01 2.750526635788398400e-01 2.299193242826705341e-01
1.973355927349021766e+00 1.200981685324685966e+00 1.644921967044719935e+00 2.669452366252138553e+00 5.215138140905023478e-01 2.670317120475922956e-01 7.920412222172057426e-01 4.120345917534667390e-01 1.970294630765238864e-01 2.403570556417457260e-01
1.840834252873092769e+00 -6.061209229299158174e-02 4.634096192828570659e-01 3.534217241808196297e-01 5.970028556148617715e-01 -2.165408862210285168e+00 1.130550923554018317e+00 2.811089742992473606e-01 9.658025105515339881e-01 -4.962446145768086292e-01
1.306161562125466968e+00 1.159295672423138912e+00 -1.514022174955065303e-02 9.467326714351477213e-01 6.606979056400774653e-01 -5.221661135582047475e-01 1.204236041649805244e+00 1.105982675526254067e+00 -1.316169116992498500e+00 -4.174398217361130481e-01
2.132124689081400515e-01 5.324685760644092269e-01 9.760775457413805034e-01 2.243828337940981577e+00 -7.161917170052981563e-01 -4.558483944220889650e-01 -1.610656554881306990e+00 -1.904619449683646604e+00 -1.573068189611745993e+00 -1.653880692264037000e+00
2.313811291340814869e-01 1.188394129102233077e+00 -2.470827433139122231e-01 9.156835514569656720e-01 -4.087898705597280413e-01 -2.665665285393762907e-01 1.511143490057745842e+00 7.334397325462342909e-01 -1.108197151015555965e-01 3.219313294038288475e-01
-1.260413666107261577e+00 -3.751092284041757097e-02 5.235625120843667712e-01 -3.971543411954991942e-01 -1.538126246482052428e+00 -4.806894142963106797e-01 -1.211936742624576180e+00 -2.895400634636097870e+00 -8.746846313055608446e-01 -1.455420567659760911e+00
-5.890633498155151138e-02 1.115009354658074603e+00 -7.035582995639715342e-01 6.691888918044031076e-01 -1.266038055511156335e+00 5.261435582844818937e-01 -1.796551143562959418e-01 3.089008197178699094e-02 -3.486555048190619344e-01 -1.426610123328245550e+00
1.227562888311101164e-01 1.793459344494487517e+00 3.522150858578084742e-01 1.913360946759313785e-01 -1.480402121629768253e+00 -1.702663231447732128e+00 -1.876557526797384412e-01 1.057959222823157130e+00 -1.169665678632691025e-01 -4.633369207614727869e-02
8.976499642405048052e-01 2.819541000646871964e+00 2.406227918100537266e+00 1.894124947170659823e+00 -7.350811088485548206e-01 1.939595736029961839e-02 1.317612560530233567e+00 9.951020630825100355e-01 -3.637481648782839860e-01 2.399194909770335504e-01
8.453310926437084261e-01 -3.139589996852707454e-01 4.824463536633759597e-01 8.640244949572182254e-01 -1.043299857442380407e+00 9.362028025741527815e-01 -1.200173104522082701e+00 -1.438130537112862539e+00 -1.417168655999189730e-01 -1.658312638824650964e+00
4.858236113130814937e-01 7.245564070930365919e-02 3.604733552590941859e-01 4.591896616512145535e-01 2.704075809392835206e-01 6.172525160836429547e-01 3.862238928063321253e-01 -1.723903408058159170e-01 -3.503699706115151469e-01 -1.218386806266669453e-01
2.987443046653112333e+00 2.585951676597878723e+00 4.191741150933887994e+00 2.847372130605711593e+00 1.575516189569130088e+00 1.860254254791831707e+00 2.755109776870522165e+00 1.755346424351029277e+00 2.352744688208335155e+00 8.318648333599345523e-01
1.018538600629613100e+00 1.415913438204983166e-01 4.387100169124551474e-01 1.761540927520559574e+00 9.106870412007209703e-01 -6.583506755479724415e-01 -9.173989534416562286e-01 -4.816774716629962372e-01 1.310086788866261065e+00 -1.056658848477146639e+00
2.598923954025423866e-01 -1.346879760306711749e+00 -4.598222341952116210e-01 1.497314994346863326e-01 -1.320287470383249673e+00 -2.141613394265806658e+00 -2.103125288220178302e+00 -1.575038652969552810e+00 -1.625655081413893477e+00 -1.925932506239833142e+00
1.806418068046845793e+00 1.584242670240937123e+00 2.478413434130670723e+00 1.418352145373108941e+00 1.523819156148721099e+00 4.182552586074235190e-01 1.650675357774377128e-01 1.410547915419491094e-01 1.286384550601074706e+00 -9.014481155659608280e-01
6.609047319675112053e-01 2.413914980261462784e+00 1.743753279017657754e+00 2.430659471125668603e+00 1.894886204155987297e+00 1.726480373752562469e+00 2.177977780241257211e+00 8.760551558254088544e-02 9.945518049519544990e-01 2.015859415078616212e+00
-1.006568193015850099e+00 1.453541978278741764e+00 1.724234427767115996e+00 4.017787566062480664e-01 5.836739178082781532e-01 3.324079772636510943e-02 -8.891274067898939926e-01 -1.218275330122916777e+00 1.132259300556445886e-01 -5.594816538283028384e-01
-6.706560331491662197e-01 1.451100913797847003e+00 6.688395165664622333e-01 1.571290061278601824e+00 -1.430262405800066139e+00 -3.912245562820174105e-01 -1.180520529453875200e+00 5.425771386430585652e-01 -4.596978232642634499e-01 -9.902513736831541902e-01
2.298164205147200434e+00 9.388909188526989302e-01 2.985917592326802428e+00 -2.556917253148882629e-01 8.893091701941165939e-01 7.970395071902923734e-01 5.196781243848703769e-01 -1.582951784758787339e-01 -7.013255989847542171e-01 1.517506976386993500e+00
5.956911668067763621e-01 2.821694943104001929e+00 1.238084062096252769e+00 1.461669661764232631e+00 7.733082282237967453e-01 1.755061258350150144e-01 1.105431215373393616e+00 2.180367655681966776e-01 2.470212215439482606e-01 1.345697759396837334e+00
1.237973531610628841e+00 5.464063792769959793e-01 1.299982327981251240e+00 1.481928822459828377e+00 -5.554500469827536868e-01 -7.308616686615215796e-01 -1.023800957773033149e+00 -7.190612912388640865e-01 -3.497502905421094876e-01 -7.234034360885641668e-01
1.211486253798734314e+00 -2.626048585629419119e-01 -4.528077603918569949e-01 -2.464795040812517435e-02 4.944805571905064867e-01 -1.816066849443998821e-01 -3.655483146302774267e-01 -1.141856301284123187e+00 -6.568167894171593746e-01 -2.785118444165650686e-01
1.160871130746407909e+00 3.794430522938687655e-01 1.325710261387790023e+00 1.235881680778562197e+00 -1.017732427870094325e+00 7.846340997808388673e-01 -1.850559988934582512e-01 6.384139172722534950e-01 2.378956693193673699e-01 -4.007155840718022721e-02
2.225594022345279477e+00 2.288001724283053484e+00 2.442682685978450507e+00 2.061872072225476415e+00 1.556056290818544685e+00 1.766880096662491129e+00 2.172714522400177817e+00 1.343221104737583493e+00 1.596378985104591086e+00 7.775030625673794438e-01
9.628395741628691384e-01 2.811805460687814673e+00 2.709134538426420491e+00 5.750598093402115030e-01 1.281422114065008389e+00 3.465864072535613238e-01 -1.030206921795498998e+00 1.239542398141063151e+00 8.072338318924850986e-01 5.489574551233615818e-01
1.104062361958379590e+00 -9.308388146137722696e-01 1.920696571982956957e+00 1.400857237418802193e-01 2.071907401323446196e-01 6.632280184148650060e-01 -5.325452374296796298e-01 -1.383956737342707966e+00 7.690166822132513680e-01 -2.563008010274895332e-01
1.883241330479641817e+00 1.809974872263778956e+00 2.729185454553558543e+00 1.986276790201373377e+00 1.110017917804859700e+00 -2.784430172031194806e-01 1.933079643564095118e-01 1.039704740364399416e-01 1.551866971206719459e+00 7.006675326700311235e-01
1.814824908903530432e+00 1.508059912200089947e+00 2.235195233621730893e+00 1.557593014281829946e+00 1.398944312333903817e+00 2.856647332142201456e-01 1.616999436874351881e+00 2.431883900357280304e+00 1.880020460149586237e+00 5.388902719582120415e-01
2.333366921805895888e+00 2.668901989091901683e+00 3.091042195505921963e+00 4.150051175590718344e+00 1.533892328390425330e+00 2.079248494655276058e+00 2.635015499338883682e+00 1.126839478872749378e+00 2.428376233171895215e+00 2.252911320828224095e+00
1.703550978484480449e-01 1.288788155305132133e+00 -1.126428947069000319e-01 1.523796080638222250e+00 4.970195029542540111e-01 3.111930168562275778e-01 -2.907577102852185735e-01 -1.001149407928977553e+00 3.964657648682508029e-01 1.248991976405048998e+00
1.296137017605187181e+00 -2.730119754293585110e-01 5.677141696167222751e-01 1.344924450902518887e+00 -5.190937552996665039e-01 -4.306917286530095867e-01 8.404997592709618770e-01 -7.847345535765762881e-01 -1.706149216401863677e+00 -1.553934888862130714e+00
-1.230557328485561541e+00 -1.338132883141060603e+00 -3.378251932480798025e-01 7.888661105852587951e-01 -1.560188394476286433e+00 -1.369853937864104365e+00 -1.995180199874310389e+00 -1.093511291169209310e+00 -1.183766897250694505e+00 -1.097194802438983707e+00
1.068870825892956455e+00 1.160455843712139057e+00 6.429435285745983553e-01 6.089738784857834375e-01 -5.192428672818746316e-01 -8.714935302607343393e-02 1.369856589384232382e-01 -3.393570638213795343e-01 1.905863201423047271e-01 4.612246450615641868e-01
5.525668016873670485e-01 6.282460892339998271e-01 8.199892056082258573e-01 3.487413070586231623e-02 8.798467185541167801e-01 -5.546044581742425317e-01 -6.430214419862204656e-01 1.056053120118322752e+00 4.851894518150702273e-01 -1.595449219717028466e+00
6.555068100679584120e-02 6.801099161034427354e-01 3.488425487988787710e-01 -1.138422304999363810e+00 -1.077614059934228541e+00 -7.612040765547578580e-01 -7.041667867854864982e-01 -3.647389355667404187e-01 1.037257655767013231e+00 6.654856436034669587e-01
1.849780164447665243e+00 3.312997663808924020e+00 1.406781068666389078e+00 2.020965402751655926e+00 1.625691123907341551e-01 8.269206916124964835e-01 6.470797630085471930e-01 8.402227326441984445e-01 1.316769240495813564e+00 1.072074139388412783e+00
6.014332447325050346e-01 8.266262669103454641e-01 8.319028247481397020e-01 1.128994481376964121e+00 1.906477335462001266e-01 5.031572237500008260e-01 5.004420325435667838e-01 -8.015676725066527286e-01 -2.364868827330127043e+00 8.474798126887734817e-01
2.302373078749432533e+00 1.084935206241189221e+00 2.483502234653656160e+00 2.476472557868863333e+00 -3.922123077683537518e-01 8.339230390304908092e-01 -1.161757151337500654e-01 2.060783608690496482e+00 4.454975704789243540e-01 1.744517497050165566e+00
4.885146024945201670e-01 4.611416299914633532e-01 -4.021323286925444496e-01 8.755334412532850275e-01 1.147111083281398269e-01 -7.280934013740324451e-01 -2.152265619566168464e+00 -1.906472674862418337e-01 2.139659140857562980e-01 -1.325000303993093098e+00
4.698611662199655425e-01 -2.330242085374156780e-02 2.447452759252338517e+00 1.045369714688229035e+00 5.868486543549237267e-01 8.281155045225427891e-01 -1.170441247557541642e+00 -7.163275418229142488e-01 9.124028677599325121e-01 1.290014124224341918e+00
4.793156535201772428e-01 1.205484120958539629e+00 7.126777396080741234e-02 6.346404991333876033e-01 -8.358721325495671595e-01 5.395553164740208851e-01 -5.133071320836107843e-01 2.510105872165670493e-01 -1.098538541885193620e+00 -9.261593199665794085e-01
2.082928248341807453e+00 1.135899328772784322e+00 1.214945060370258512e+00 2.085930839702713868e+00 -2.448166052752953070e-01 4.612520203487818216e-01 1.834379489962747467e-01 -3.591654394593366550e-01 7.361387454373274908e-01 6.702737380379453214e-01
4.109591771266001281e-01 1.350835682207921051e+00 6.253024372003035403e-01 1.693277428615903357e+00 2.908966461090224387e-01 -6.095255184571303220e-01 4.038626538449020531e-01 9.041950961351095106e-01 7.262582140674763709e-01 -4.829009774985292269e-01
2.018169925267926601e+00 2.128745347206753902e+00 1.241832940240010341e+00 9.450495469248225699e-01 1.471348773292705303e+00 1.308669782049637575e+00 3.503889716795516307e-01 2.661599512576131588e-01 1.424760930178378793e+00 2.794106556529744601e-01
5.121893492493281297e-01 1.371360304267343011e+00 1.621399804835171654e+00 9.117999236395535334e-01 -4.614172276488147095e-01 -1.794691171853788125e+00 -2.098053625709711545e-01 -9.820255382905889174e-01 -1.144403239567278296e+00 -6.358805092534333125e-01
8.766692531526211196e-01 6.325059491444660065e-01 1.262006839150323412e+00 5.815203069057884866e-01 3.904227234862554519e-01 3.878776884878142317e-01 7.292465618722125953e-01 -1.121600373192366051e+00 3.587171260403320128e-01 -3.604694511830777159e-01
1.141510433713829542e+00 3.175689355383155554e+00 2.273315573273498202e+00 2.067678108932676118e+00 1.012270893752159839e+00 2.190656954767475462e+00 1.561701999627067572e+00 2.474925101864850152e+00 1.215242098017708772e+00 1.152848336310283495e+00
1.129639950638279045e+00 4.146550362191522288e-01 8.706050096473429978e-01 1.177247419736934697e+00 -3.347526065690072713e-03 8.005132071753713330e-01 2.882823915403933679e-01 -1.050607571608103807e+00 -5.134560706013300280e-01 8.909383374580557291e-01
1.797123327665812731e+00 2.036019034001131267e+00 1.897439885343692678e+00 2.051368259386214810e+00 9.981721269605183799e-01 4.849115686618041265e-01 2.365017807952898010e-01 5.242114136480017228e-01 -1.106759561468923930e-01 1.055497164197447546e+00
1.507841242288356032e+00 4.387373714665275815e-01 6.766155589412130578e-01 3.062162286460132776e-01 -8.322977751868270158e-01 -7.311351331108792984e-01 5.004323688990398589e-01 -2.669047913277885955e-03 -1.888485329657685341e-01 -1.283266419142256032e+00
1.555798242432273382e+00 3.437314544869850552e-01 1.617461846652454183e+00 9.042813807038995177e-01 -1.236740762893409951e+00 -6.629390955940674957e-01 1.718571108281572890e+00 5.907550177299517591e-01 5.955453212265474638e-01 -3.227338659360682316e-01
3.525516545129813828e+00 2.605601324857669709e+00 3.262458652628317690e+00 2.482961578394938140e+00 1.665924892627642651e+00 7.358258628363196774e-01 7.720482236764028006e-01 2.573418732589193958e+00 9.724592772903001281e-01 7.861654862595850446e-01
6.038733951328005833e-01 2.056937201801651405e+00 2.311800022216679018e+00 2.135427084800270325e+00 1.380681829225394175e+00 1.604660127125995539e-01 1.578411182467225893e-01 -4.200813609650458358e-01 3.791270542475289607e-01 3.110501708487566352e-01
2.871856118385134771e+00 2.453880388860365969e+00 2.874367554601243935e+00 2.613053959887314370e+00 2.665486298787435704e+00 1.580427047141399699e+00 1.605291286874449774e+00 1.210943432156359023e+00 1.458291240765486663e+00 2.109126129227956614e+00
6.627049759579803911e-01 1.600370553597681766e+00 1.136781652802407727e-01 1.499401995945202071e+00 -4.086491409264010888e-01 1.919312102842873902e-01 8.546422627829010354e-02 -1.077259130578782198e+00 -7.618484427091860578e-01 5.997019238939192004e-02
1.173992657825943864e+00 2.082530084451737373e+00 4.899687119801899859e-01 7.898509483377711415e-01 -4.853357880108161715e-01 -1.213257988268111598e+00 -9.756955847254074055e-01 -3.318669232071637110e-01 -1.257585665195676050e+00 4.543426312755664137e-02
7.961530267845501330e-01 3.937510840289596414e-01 6.500526297930067088e-01 7.297572046756403141e-01 5.692136136215432130e-01 -1.234024576011377716e+00 -6.241712322633022891e-01 3.615771658522475285e-01 3.928686944504545808e-01 -3.174412639355596033e-01
-3.296024731710589517e-01 -5.813157693118364833e-02 2.327334234931917045e-01 -9.454991379722899048e-01 -1.683119762098522543e+00 -1.202453646432044138e-01 -6.081092499515946409e-02 -1.302231348437501435e+00 -2.261301799902056597e+00 -1.529968535788758910e+00
1.086117033209673899e+00 9.784107494533998972e-01 1.300515204812711545e+00 2.979790571506633512e+00 -5.914239602709198129e-01 3.101005576988492829e-02 -1.880405302974573478e-01 7.575864567318171816e-02 1.227235193749327546e+00 -4.468551492541693315e-02
1.436746930873206152e+00 3.937885844657951218e-01 2.023716466986441365e+00 1.753741776204479574e+00 9.128913940611514954e-01 3.817702052552700009e-01 3.829366580281345356e-01 1.245028892043489738e-01 1.243313613374182225e+00 -1.429295197632555470e-01
-9.325600707908288101e-02 -1.481885685389559004e+00 5.734804055050773952e-01 -3.659770314441805894e-01 4.654490562517642899e-02 -1.158621557138866942e+00 -1.630917599584400746e+00 -2.292901027420283455e+00 -1.466423385737416707e+00 -3.385544765559045932e-01
-5.661432016182423865e-01 6.106754943827119586e-01 2.775627300382088603e-02 -6.302725275211518152e-02 -1.328566986900989289e+00 2.766452104800079526e-01 -1.908677440428270700e+00 -1.664326195173063905e+00 -7.766401099422143295e-01 -1.903343309655120691e-02
3.803845629803702444e+00 2.464454713268160901e+00 1.997930446824133233e+00 2.247482989860884572e+00 1.040360525707226369e+00 3.366373179975243879e-01 1.528773843941777066e+00 1.113213495933315533e+00 9.591636700060115484e-01 1.189520046670816900e+00
1.379406812175118180e+00 7.695385722982397425e-01 9.135897554403261678e-01 1.653725503385544027e+00 2.019205898124724341e-01 8.366742393554543744e-01 -4.997934432788398440e-01 5.797117010805957760e-01 -1.495766033590977706e+00 4.400160412971399482e-01
1.158745848431194325e+00 3.904198069442051944e-01 5.317477959835616996e-01 1.058837813660628457e+00 2.057221998436938315e-01 -8.025729678351130048e-01 -7.790654865110483440e-01 2.336895983214109379e-02 -1.782999845038811149e+00 -2.232131612112360497e-01
1.901552073843479906e+00 1.304254488157342795e+00 1.437205279294724969e+00 5.190272531402316813e-01 -1.351847671667960604e+00 -3.960087106362662479e-01 -8.682350726822490872e-01 -1.503385722462998730e-01 -3.803210619134765602e-02 5.099229963466032078e-01
1.502034435609374885e+00 3.181071060577339349e+00 2.079614020471864499e+00 1.545850113706819240e+00 8.207609451473298900e-01 4.116649405251435190e-01 9.636453968838123441e-01 -2.247946896230533509e-01 -5.863590686091362247e-01 1.058400158664356328e+00
1.528717889645296868e+00 2.478329951470896741e-01 6.815495150915045208e-01 8.768579426364941920e-01 -1.386202856143119722e-01 1.873515105235343814e-01 1.402536385864696200e+00 2.657432420539942441e-01 7.979775543003235494e-02 3.344452687083042108e-01
1.069679127706905097e+00 -4.792681960386220297e-01 3.032229248357449780e-01 1.397113381938410726e+00 3.758941004537729724e-01 -2.372408133099231098e-01 5.035126786451566971e-01 -1.714395380318707585e-01 -9.062782557076289880e-01 -5.487724784966012681e-01
-1.265773308875450365e+00 -4.230129991166526882e-01 -2.610438172504392362e-02 -7.858204908676853506e-01 -7.244712278046289144e-01 -1.236381697584556294e+00 -6.716259791924634737e-01 -6.858600574826881902e-01 -6.249815436827561577e-01 -1.080814505328717923e+00
8.996258793756680694e-01 5.077102465626525118e-01 1.592163068022662831e+00 1.171096083884336059e+00 -5.294453682902837688e-01 3.500688611478688927e-01 -7.449363542445925912e-01 -2.302280627295581472e-01 3.518533059490907000e-01 -1.593466364062050111e+00
1.327834450106039066e-01 7.125330137875176550e-01 3.534655041531270525e-01 1.229092075695513042e+00 8.106158826082131980e-03 -1.038650771861318184e-01 -4.393584174940838860e-01 -1.468500579998343269e+00 4.648817639166505367e-02 -3.903316105035991024e-01
6.514976270233439060e-01 1.874928312003729669e-01 -3.131698081726093097e-01 1.073094463061369686e+00 -9.636882674669174920e-01 -1.158228945303640733e+00 1.028344166443789343e+00 -7.252282956715682127e-01 4.887053169950101306e-01 -1.905009220260596992e-01
2.352977770579062877e+00 1.344075431139010179e+00 1.620466916161767523e+00 1.573604541540047030e+00 1.581057040831977734e+00 7.130830265351827402e-01 2.358041699175310313e-01 4.709748749534567458e-01 6.825280914886738826e-01 5.890099006244731150e-01
1.394634764955895445e+00 1.383412458400181233e+00 1.379786125912572103e+00 1.491649725712584917e-01 4.496387494260468687e-01 -3.597849205289717633e-01 -2.028792868866119981e-01 3.061483703183910388e-01 -8.187808204132069889e-01 -7.053915278679742107e-01
1.436874617349236827e+00 2.115062479399603568e+00 1.175980521519027766e-01 1.267304205382897564e-01 -4.605306351928873387e-01 -1.912300769201210893e-01 -7.589851380919570012e-01 7.007005969189890049e-01 1.031408124556151940e+00 -2.537940628078572125e-01
9.299879764923686398e-01 6.591397186416103615e-01 9.676322943192163795e-01 7.407102857162212173e-01 1.550820692271827816e-03 1.202736054023322287e+00 3.478592981445416954e-01 2.482424990577369039e-01 1.108795625033734827e-01 -1.067961454762900830e+00
-9.356226624882988396e-01 -5.613126667002816816e-01 1.090103123308910904e-01 8.105125720780947951e-02 -2.263220712686902780e-01 -1.785518861427161763e+00 -1.077594860715816560e+00 -1.404091635577737751e+00 -2.948817172650436969e-01 1.540141333777188537e-01
1.914016091441079759e+00 1.048681439845707164e+00 9.652395799918029873e-01 9.074469849604462901e-01 -7.673526417802466471e-01 -2.521297210109838330e-02 -4.220590101297980179e-01 1.424639211922421878e-01 7.047044068692698282e-01 -1.235948545387718228e-01
-5.276622053339754537e-01 5.246629764421844033e-01 1.071558345883824259e+00 1.652674551285823856e+00 -1.095228931800088290e+00 2.071230979287957130e-01 -9.503746864389640558e-01 -9.148983807845578742e-01 -1.082453775413306785e+00 -1.270116038894068655e+00
7.997740788067202455e-01 8.999028250779035343e-01 9.211561615003945880e-01 3.518983608142743913e-01 3.626757166498395350e-03 -3.272603159085714086e-01 1.253324073998761667e+00 6.147037251645806055e-01 -1.024113033104716797e+00 -1.250657876502213606e-01
1.608947873377714277e+00 1.546666402339505364e+00 5.175693543046782086e-01 1.885863803707127584e+00 8.380634832710223692e-02 6.290258659962517651e-01 -1.311794075301991880e-01 5.697837543595603987e-02 1.418790260027227024e-01 3.561919668707823061e-01
-1.526438506386487148e-01 1.841003036905272561e+00 9.139943313496641242e-01 1.462279692803552411e+00 -3.174789355527082302e-01 1.637022827817386394e+00 -8.064312072628012640e-01 1.738879560204299735e-01 3.825750622175232429e-01 1.126134346943968856e+00
1.546065925424404686e+00 2.187970146326253307e+00 9.394890898776183663e-01 1.987444739110314496e+00 1.209294910516845567e+00 2.357069178243393015e+00 3.018475471942800858e-01 1.128938155280399425e+00 7.247206276609539088e-01 2.016448198778526102e+00
8.428561112989569892e-01 -1.054210892074043393e+00 7.541363195185586399e-01 -3.638745968937002750e-01 -1.588709950049635333e+00 -1.057545988945004956e+00 5.815395376142522554e-01 -1.102197652151623242e+00 -1.493282489388714662e+00 -1.040544443587144707e+00
1.619482808089515835e+00 1.967081766664891651e+00 1.251643693528168289e+00 1.268246700463727450e+00 9.044666602561440838e-01 -3.336853256085207664e-01 9.655604674900883921e-01 1.850581317027954475e-01 -3.419882217808106195e-01 -3.721488702676161581e-02
1.403221007046739466e+00 8.347626257685648588e-01 9.641197797171389139e-01 1.447350557313293873e+00 5.208183626301368663e-02 -3.863729017442437685e-01 -7.168204230148236267e-01 5.834934558005316907e-01 1.694795880111862321e-03 5.836144060597394656e-01
1.464325340788131591e+00 9.372393248600070503e-01 -1.117697812500987542e+00 1.648631224506830639e+00 -1.326348897002782801e+00 -1.525928656498874436e-01 4.416696298589057462e-02 -7.226219826748604413e-01 -4.386490332323250696e-01 -6.904675187237594436e-01
8.307345344393393116e-01 -1.715051646349231351e+00 -9.578545097155839461e-01 1.552950188867108228e-02 -6.634562011532915138e-01 -9.348112184832407801e-01 -1.726411660442034590e-01 -6.551831414562163669e-01 -1.710079016772116267e+00 -9.657148045395218539e-01
-1.405918296355967989e-02 -8.670798591914790077e-01 -5.924759938886212662e-01 2.086360680239851551e-01 -1.054415195596184018e+00 -8.495227483491012421e-01 -1.427474596127280337e+00 -5.642625702259936038e-02 -1.954272911631662391e+00 -1.360633643234537171e+00
1.368227475106415625e+00 1.128957147121341320e+00 1.656495473292471043e+00 5.078390753103949606e-01 1.404886652823357673e+00 8.055793761976323131e-01 3.583989182687020714e-01 2.790561887512756911e-01 6.779799272082440154e-02 1.725927546957748693e-01
2.077324576956292468e+00 1.850618476582041705e+00 2.313923782343012547e+00 1.644021739437102836e+00 9.226626653018096258e-01 -2.629085531529751565e-02 2.592178613298389001e-02 1.189150702395279202e+00 3.132551762954984831e-01 3.605172269824221676e-01
6.201100981498939291e-01 1.560596203191921827e+00 1.082368031172932454e+00 9.150994048609195630e-01 8.256203316072271425e-01 4.194419700793880490e-01 8.531383500100198081e-01 1.588870361286999766e-01 1.237473646688385776e+00 4.285398443171876091e-03
1.451255282083282472e+00 1.448180599477292496e+00 1.364513117795415731e+00 1.548335513975589439e+00 -3.625421992256977477e-02 -9.714895832066514636e-01 -3.982695934643665225e-01 7.337927768573391241e-01 8.426011530471750888e-01 9.143604632326150783e-02
1.732455349495293895e+00 1.170630312929307415e+00 5.100285008513945062e-01 3.354475533322845759e+00 8.057176319513311702e-01 -2.322693127442456568e-02 3.239894533074211824e-01 2.055337474833949241e-01 -4.675924885143887405e-02 -6.649377456082054653e-03
1.779307473594817335e+00 1.545590029446193503e+00 1.682655869947918603e+00 1.861747050907269774e+00 9.663254352201597897e-01 1.331791207404523503e-01 3.970162225851399107e-01 8.289952419206516598e-01 -5.514994621393857210e-01 -5.190996228375055477e-01
-2.923128194725181928e-01 -3.872342232864736111e-01 1.295390114840301310e+00 3.015255931245823806e-01 -2.204060090923519066e+00 -2.282693387846188027e-01 -6.125570707922458613e-01 -3.470929224620241116e-01 7.150223134906494860e-01 -8.374808947256613401e-01
1.284236795637809125e+00 -3.243181182618415370e-01 8.437565803884636839e-01 1.432251796034128111e+00 -9.458710196556038285e-01 -6.642739673230954045e-01 -1.129290288494806255e-01 -1.791872784679984454e+00 6.031238129281025762e-01 1.306892031378064922e-01
-7.662744354530111046e-01 6.442433281861281724e-01 1.095794213019489760e-01 2.270025009808503746e+00 -2.092830990547003722e+00 -4.208133650362003708e-01 -1.879570403675914214e+00 -1.198760179752156985e+00 -1.444928436090901602e+00 -5.019746732975942649e-01
9.839470940022917445e-01 5.140176844417223556e-01 9.231619639255252974e-01 1.036052094025932124e-01 -9.186413891141359533e-01 -3.261955430534919098e-01 -7.521576589874755525e-01 -9.663890697025406817e-01 -5.081888519114204916e-01 9.972791239180456291e-01
3.539982076715573189e-01 2.510831300713690872e+00 6.033273964678371737e-01 1.743994809489950892e+00 -5.731389060772454913e-01 -5.266401387583495852e-01 -5.566587212256740580e-01 1.340780673347555518e-01 5.181012379969978099e-01 -2.032644104740469193e-01
5.992268388056114503e-01 -5.578097002187913933e-01 3.853079996066894886e-01 -3.051720042301790947e-01 -9.694174498020193820e-01 -9.035723407599851598e-01 -1.327508915802148248e+00 -1.212229400028323578e+00 -1.637268691325108882e+00 -1.644473452686187054e+00
1.343655840882245212e+00 3.278418831343856699e+00 2.256785345634253481e+00 1.048684442257215021e+00 1.257732360359045565e+00 1.667867507999905297e-01 3.243108911147303819e-01 2.017754039776925357e+00 8.251144175553729587e-01 2.153890368388877263e+00
2.127193181858295645e+00 1.246745883889198714e+00 1.181354186657294747e+00 6.846655688905946002e-01 -2.424272751342292365e-01 4.856236633626835331e-01 9.278925019497635818e-01 6.938978723220398104e-01 5.464801315207470367e-01 -6.198417756528751266e-01
4.839179670936909483e-01 1.855779432229325288e+00 2.557237625386638014e-01 1.589302134965066893e+00 -6.538529931630940872e-01 -4.944658186222759128e-02 -3.259674582498692241e-01 1.385676248910278741e+00 -5.425301401223125985e-01 1.379238262978477181e+00
3.005605027456076384e-01 4.976941458199659607e-01 -1.580286544046877850e+00 1.470464944425109444e+00 -1.900773585986390790e+00 -1.220471063333990802e+00 5.267088130843579075e-01 -9.565719132137412428e-01 1.090827343812724032e-01 -1.175585198089950545e+00
-1.270299199881600671e+00 1.293578241458030798e+00 5.992832063532008702e-01 1.009502259815733494e+00 -7.128363538696413926e-01 -1.099279873211027325e-01 -2.297096559312306052e-02 1.231684040563162164e+00 5.025947704159334783e-01 -1.537465434387212060e+00
1.936230762678315287e+00 2.675002178330259106e+00 2.769398532604785856e+00 1.886326692764114021e+00 2.026523409926025199e+00 6.413586075793212826e-01 1.959722075520605511e+00 2.241567831270907529e+00 2.681851734647309637e+00 6.668357633975672272e-01
2.093419242242610778e+00 6.464562119323958855e-01 2.020596572731381269e-02 -5.393784616786208019e-01 -8.554271125810466447e-01 -1.196911163779138532e+00 -8.196469629587121997e-01 -3.148599241129260928e+00 -1.072114005979976969e+00 -1.498437474679691350e+00
5.543689273003621354e-01 -9.852640283241786978e-01 2.912973419496636129e-01 -2.006558676899512506e-01 -6.065444693396190301e-01 -3.296061321983411174e-01 -1.340968319489115324e+00 -3.678555350752216735e-01 -1.146406609090576456e+00 1.268152107544849028e-01
1.734730090505832711e-01 4.100662339912020116e-05 7.098773621576597304e-01 -3.560101792594048131e-01 6.288751994999759454e-01 2.743270184678697210e-01 -3.041097400212961599e+00 -4.556859128056194308e-01 4.329922628530136763e-01 -9.965395108632556509e-01
2.058783561971538667e+00 1.847888602831349703e+00 9.170249780725528987e-01 1.115680102710662647e+00 1.926619669236256494e+00 2.468723679139207816e-02 -3.915914301003562970e-01 2.057915306014492240e-01 7.462937109130207691e-01 1.072270422887100949e+00
3.124539093963784264e+00 5.160119547435517706e-01 1.665520146186726613e+00 2.653059081158408272e+00 1.330243252489690553e+00 2.036045215526901320e+00 1.002887728995773609e+00 7.652749984776536785e-01 8.678879424621258609e-01 6.859196787168888587e-01
1.795803721120751817e+00 1.941451179655639514e+00 2.792954010487766148e+00 1.308570105894921509e+00 9.336062309407219262e-01 1.298781565885068545e+00 1.610896628237004746e+00 1.060853674142788972e+00 9.345016616401333742e-01 1.141765277580576443e+00
2.805992703299750701e+00 3.165251523639438513e+00 2.666619177641956107e+00 2.951681229562010511e+00 1.430465374117193322e+00 1.335721839676313305e+00 8.378515018437859840e-01 4.157432612541500094e-01 2.210638571389809570e+00 1.973476718926944873e+00
3.835197288089698953e-01 6.415829616048185358e-01 3.156787244187763131e-01 1.558671854557218017e+00 -4.692317884503294234e-02 -4.053841157618301994e-01 -1.358207571137917125e+00 -6.728587013439888409e-01 -8.124170828014044554e-01 -5.288662765779957864e-01
2.275694504007128138e+00 1.695519573999273000e+00 1.883230261555249418e+00 2.771377955471305832e+00 1.408195603481591895e+00 1.582930408694045443e-01 3.188932571987968534e-01 8.454040016703664451e-01 6.043662040077130149e-01 1.793944249088047727e+00
-5.829768688503929042e-01 1.628603683802728908e+00 1.475815081076636170e+00 2.624839748124165872e+00 5.333893859791026815e-01 7.493421116017238148e-01 6.266195492599371253e-01 5.352851554735799100e-01 -2.552767894687287820e-01 8.949995871149617477e-01
2.482426740888049599e-01 5.672173625847318768e-01 1.985878321706268101e-01 -2.376777511552183864e-01 -7.314740542806701384e-01 -5.876061628403040915e-01 -1.236332915210454741e+00 -2.312009902896731972e-01 -9.282517203572577813e-01 -1.702269517839426927e+00
9.413183317638681435e-01 1.513699194904319700e+00 3.899685137009545333e-01 1.289308220391408799e+00 1.267568404200868803e+00 3.331252090670690502e-01 3.215016948812519648e-01 1.144377795842093759e+00 2.372650316695053885e+00 6.247420007371005113e-01
6.739783825353290458e-01 2.244595434540126444e-01 4.832830430529193588e-01 -1.447748491705245222e-01 1.108468912153031782e+00 7.413967675155116455e-01 -3.706360589983477283e-01 6.716274325028798176e-02 3.723736319850123877e-01 8.440726480491309580e-01
1.048355254337767217e+00 1.037206212211496226e+00 4.093606934275907383e-01 1.493172307998891668e+00 -6.382331800040176306e-01 -7.695721857917947606e-01 -1.410460831856505726e+00 4.281616597711473959e-01 -2.378885798796297912e+00 -5.183403921749261123e-01
2.024023990204869783e+00 1.698697772087544910e+00 1.646287347543787583e+00 8.832559806935577074e-01 6.417502747682078956e-01 1.650445919099013725e+00 -1.886503616779227344e-01 1.701408043738329656e+00 -3.889542659972294869e-01 -9.506208598533703036e-01
1.639447119067221070e+00 7.642729762400435334e-02 3.141330824690617973e-01 5.684872867969754662e-01 1.160983094748503919e-01 1.430985693476366949e+00 6.944982209844438037e-01 -1.299405893388319688e+00 -7.328037942749607847e-01 6.599269916989909390e-01
2.427235499603157542e+00 2.440729543182240668e+00 2.232376709328097952e+00 7.274739671023706666e-01 4.898557129867736060e-01 4.909946125184263543e-01 7.614540290967665159e-01 8.309437810899719112e-01 6.802414403751176897e-01 5.065060628202167070e-01
1.336472317122719078e+00 1.562677723013827347e+00 1.013077068178987572e+00 8.720378188060852187e-01 9.891370931480104600e-01 2.133500557810570353e-01 6.992364914034916445e-01 3.841722750776639383e-01 3.619372212522038029e-02 6.491563169685771184e-02
1.230115963103538768e+00 1.141388651269971577e+00 2.468819084197975133e-01 4.623257261061874956e-01 -1.550409746841010794e-01 -1.433524456722189200e+00 -2.200892601584697184e-01 -1.251654623036832392e+00 -1.708253905985107901e-01 -1.210463800253645195e+00
3.937445969644453037e-01 9.192834476073803440e-01 2.939939151573498499e-01 -6.520883908225685310e-01 -1.990357677843951567e+00 -2.089213956652368198e-01 -1.492064729863066708e+00 -1.472287981195424145e+00 -3.231627243383013159e-02 2.620883399657641943e-01
1.310847484523502526e+00 2.882343592944734301e+00 2.359756681635168718e+00 3.722670590925317047e+00 1.823222497574922940e+00 1.317379438430558602e+00 2.582875900826305582e+00 2.109920584446526970e+00 5.381487210028599311e-01 2.347568303294266023e+00
-5.565438055598159739e-01 -2.236015502986909986e-02 4.445096021775164497e-01 1.579849028577582359e+00 -1.007255329206388161e+00 -8.840813924614614461e-01 1.742264594695177096e-02 8.269988527920640875e-02 8.400599109793646102e-01 -5.176788466154560453e-01
6.971125205222767907e-01 1.119112837565479524e+00 7.684718219591460953e-01 8.452034924843154773e-02 -5.498344013567419974e-01 -1.315342651853508960e+00 -5.466043684167561922e-01 -9.905535928394170186e-01 -7.402097879622600018e-01 -7.796046707093263750e-01
3.990058956820128344e-01 9.368854802127642989e-01 1.424777842777643855e+00 1.696190027806312450e+00 -1.087654664201117560e+00 -8.542314231576947359e-02 3.987351957722859996e-01 -8.258431064058052717e-02 4.826347951291389271e-01 -9.282203669669340795e-02
2.344538316651771925e+00 7.804227535170202845e-01 1.146412579651433283e+00 2.197199784817620571e+00 1.108026516851581267e+00 1.102000926322219465e+00 1.877798396942878423e+00 5.878985851701910015e-01 6.435993936248741720e-01 1.152937492041184342e+00
1.537665937288635432e+00 7.626584032796100976e-01 3.191669217938150060e-01 3.130638545894053770e+00 1.934243165612367976e+00 -1.523787011501059885e-01 1.706199919434120971e-01 3.565992560878024076e-01 1.498303976895549283e+00 1.510546426452662017e+00
1.275161109332338949e+00 1.610860923107154674e+00 3.319871853578203691e+00 2.427270456461672499e+00 5.340471358801561763e-01 -1.436435244255978294e-01 1.777831540386179077e+00 1.301024040827261308e+00 1.306287557322508341e+00 -1.492135246485133682e-01
2.530642117271115765e+00 2.816745663638333230e+00 2.157928019211084347e+00 2.563164862322347748e+00 1.493560654547033018e+00 1.025376312430973158e+00 1.015927007510397440e+00 8.533054143750931075e-01 1.804666118144619746e+00 1.868408788853577751e-01
8.453816866786323381e-01 -3.119764679127299267e-01 8.388535919075769121e-01 -1.613856017706403190e-01 -9.095483206612529903e-02 -9.682370208211656948e-01 -2.907550038961016492e-01 -1.427327159798019274e+00 -1.678963952705196661e-01 -3.341341763680110710e-01
1.913928876460121442e-01 7.199607182804940164e-01 -2.383338929079998891e-01 5.997771203961015374e-01 3.442599218991493903e-01 -2.196904409090352783e-01 -1.113767356259691033e+00 3.402430309923882845e-01 5.978609117083689972e-02 1.144660367317417438e-01
2.039890293367120577e+00 1.985624989171316690e+00 7.307313420916381475e-01 -4.769997215592252093e-01 -4.680578051294338043e-03 -3.263687807415007747e-01 -9.997775273172248012e-01 1.579611659451915395e+00 8.223357924206031733e-01 -7.927753950435839636e-01
6.855733979794735866e-01 -4.780090331516095858e-01 1.953210143530441423e+00 9.051705607395810205e-01 -3.197014697248741211e-01 -5.118977346717508425e-02 -6.818412561088625923e-01 -5.937393861043668286e-01 1.249336327172858307e-01 -1.305102271715854689e+00
3.270806701431329122e-01 1.641898400224482302e+00 1.054779660339760783e+00 7.442015364268375066e-01 -2.540085945975745774e-01 -4.428447131903481826e-01 -2.637296021569671689e-01 -3.039041973290467213e-01 1.090716317123725521e+00 -1.115999133363833717e+00
1.862278288350695421e+00 2.610361173212825570e+00 1.808421517156245883e+00 2.050814882562594033e+00 1.570819401302611995e+00 3.396895248199308881e+00 2.161282800997608444e-01 2.057217039469535269e+00 1.776881306620871737e+00 1.408940873852798203e+00
2.384898793531802230e+00 6.940240138918155610e-01 2.109134163121432426e+00 1.794193779579278836e+00 2.547719985926411371e-02 1.247695654714885194e+00 3.213693307921108161e-02 1.124767824028714891e+00 1.918975685005238851e+00 -6.817636218204731202e-01
4.619454832997504923e-01 3.586919171455901223e-01 1.354717580583866487e+00 -2.721811311017725554e-01 -1.438577888185529549e-02 1.417405949074113103e+00 1.704657723944156544e-01 1.001837336476788659e-01 -2.930752943568040725e-01 -1.129658267118507142e+00
3.284870788148398502e-01 -6.996272908389133960e-02 5.739465097317503206e-01 2.064646436875591240e-01 -5.779750001748181765e-01 -1.105896872478605131e+00 1.036014388678577536e+00 -3.218412358781968380e-02 -9.373527165240517212e-01 -8.045696971136371278e-01
-9.246322578711563267e-02 1.972087711870956106e+00 1.280238306826230632e+00 1.212565540290387656e+00 1.115895251558522761e+00 6.469429163815957340e-01 8.834716501217658724e-01 3.769104065950335536e-01 7.671742758834575460e-01 -1.010072702060046179e+00
3.402001406257415539e-01 1.848227970558060429e+00 1.031261858760692096e+00 2.657930991063149895e-01 3.284147190108238634e-01 8.974045676999093946e-01 2.311391509471467653e-01 -7.500145886696837211e-03 -2.683168940939704150e-01 6.590832481325686887e-01
8.184633473426510264e-01 6.402695438016844376e-01 1.628931337267336410e+00 7.222857990372497650e-01 -6.005187099083677538e-01 4.947142605988064795e-02 4.444470340267585029e-01 3.185542328633763631e-01 1.388932624926229042e+00 -5.278065665759635872e-01
9.292332884708938145e-01 5.121443262252390882e-01 1.453878166088289348e-01 8.371860649179918568e-02 -5.491718973841436258e-01 -4.664086756535443801e-01 -9.864664309335142711e-01 3.524213145871183950e-01 1.152176517464636452e-01 2.377925952230811601e-01
9.194367701080770061e-01 1.072210194654151572e+00 2.169036550198070845e+00 1.324094519884110310e+00 -5.367644273288625367e-01 5.652394326598286778e-01 1.788239071049636253e-01 -1.166045702834208608e-01 5.684795173213341712e-01 4.650787324835690129e-01
3.050401579841735877e+00 3.327040068255613825e+00 1.733112852856547370e+00 1.555781384551294444e+00 1.505999679593617468e+00 1.182168647903872216e+00 1.481933411951173785e+00 1.142897544540622423e+00 2.421817701776516785e+00 6.879172730274897285e-01
1.817039932976893812e+00 9.401510338270806511e-01 1.326051451127520764e+00 1.864343798810054187e+00 1.486565514046471748e+00 6.305423453345133655e-01 -1.301868014204539403e-01 -4.529371590477446752e-01 2.145016816171493534e+00 3.123673971691959261e-01
1.201080790334391191e+00 3.154787930335591462e+00 2.407980907578933127e+00 1.800333240303960469e+00 -4.483512505120555436e-01 8.989835717442027363e-01 -5.606688317974312108e-01 3.580658000380442241e-01 1.012124583987840526e-01 -2.062521717475565841e-01
1.096731134978295330e+00 2.087642771672262310e+00 7.351071584605979314e-01 1.169418375383564523e+00 6.815099372183296422e-01 -1.126612480120190579e-01 9.366941833571019727e-01 -6.384521733147857647e-02 7.035318261792125050e-01 -5.101205743747071891e-02
-4.836508960227079434e-01 5.440939765071126644e-01 1.182556064328378342e+00 1.826387686604039384e+00 1.047842146680804332e+00 9.431969336785209768e-01 -6.166642545289912070e-01 -1.263540326185615736e+00 -2.851386772208278075e-01 -5.897282715414410292e-01
1.080420499001478740e+00 1.519302572088775172e+00 3.268331082611186655e-01 1.732897852059849697e+00 7.650476571870364895e-01 -1.770147202310323464e-01 1.057326297793337977e+00 -1.435596033694013451e+00 5.945051086330684770e-02 4.378916889668583723e-01
1.474697248614860623e+00 1.607958517396763654e+00 6.435573582792767366e-01 3.373606193015347143e-01 -1.083883242310651335e-01 4.629773231178863080e-01 -8.527755324881356458e-01 1.683800822573000566e-01 -3.607446793164932330e-01 -4.716365108185935351e-01
6.017686888984089544e-01 -1.181910157166545794e+00 -3.104294759403369852e-02 3.920637483090358977e-01 -4.114331905176638049e-01 -9.645336030300193375e-01 -8.168318295613784530e-01 -4.288218000344979908e-01 -1.667200438507203453e+00 -1.503652140398967774e-01
3.225954519984407520e-01 5.201788319284983420e-02 -4.626137207668881146e-01 -4.344242803324440683e-01 -4.175000443388944271e-01 -9.390650343570506875e-01 -9.372364965990757080e-01 -1.073616832381735886e+00 -2.877400300943431799e-01 -8.100704725499137115e-01
3.055580111496521978e-01 1.344900267431932361e+00 1.021228364885507833e+00 8.815481054785743176e-01 -4.237062555163813131e-03 -1.295261113767261607e+00 4.739519283053085230e-01 7.560158161333212501e-01 -1.185279832055639693e+00 -2.061999790758345941e-01
8.360806187959251012e-01 1.439196160783295708e+00 2.598776486405332875e+00 9.734638314056734965e-01 6.691305543344230333e-01 7.591177953189436334e-01 4.485607233424586116e-01 5.521349218246038859e-01 -1.314147227027906706e-01 6.670141750239113598e-01
2.542471497453815399e+00 2.284433725595819364e+00 1.920491928740192034e+00 2.415198269647729656e+00 1.111573775934755898e-01 5.990329108247725021e-01 3.695022721943205246e-01 2.270914679171566197e-01 5.596783155689888378e-01 6.225772917777169235e-01
9.535295729699031497e-01 8.655270550846698718e-01 -4.777679148432545375e-01 1.142478182430033185e+00 -9.117828562379586277e-01 -1.502174169175404694e+00 -1.941457285287592760e-01 -9.869536525559543527e-01 -6.026698046291839583e-01 3.351173434824448183e-01
1.646006278311020532e+00 5.975171800444447623e-01 9.773829091220087584e-01 1.268196313891964966e-01 -1.135813932351907640e+00 -1.303556521106254529e+00 -3.452059644799782001e-01 -6.182892100210353181e-01 -3.611430237067736471e-01 -4.886258143055051684e-01
2.097858575841415885e-02 8.218893542198335567e-01 7.396258713536240093e-01 1.283428054601951640e+00 -3.387258849102577907e-01 -2.759242184329293579e-01 -9.351770726161888758e-01 -8.752156763166880626e-01 2.930230178571220923e-01 -9.361259775498786961e-02
7.072739699292529547e-01 5.981052630443006723e-02 -7.460359367836006950e-01 2.069608309224812981e-01 1.249407772816078233e-01 -9.029638704962346107e-01 -7.335905653906031887e-01 -1.905904373067142110e+00 -9.982506178784736894e-01 -1.618665015451578593e-01
6.686173371398551613e-01 2.463005031187642135e+00 1.760781088310248155e-01 8.814093338091983920e-01 -8.085480474011734475e-02 -3.634542467676279975e-01 -5.613875314002173544e-01 -9.453294143196296073e-02 -6.030095681851912470e-01 3.313425141227736015e-01
1.118674127226144677e-01 2.007076637407270159e+00 4.810755529174733924e-01 8.933957734300475018e-01 -3.853580581770823521e-01 4.283827446236899150e-01 -2.616596330059777764e-01 -8.929407799607618212e-01 -5.796037335769926857e-01 9.111591996304702068e-02
-4.280691688730728917e-01 8.466268218731450856e-01 9.940914221750214441e-01 5.737390128947202905e-01 2.331771040953685425e-01 1.206458057596361266e+00 -6.253132571462031997e-02 -9.514123090582178588e-02 1.681951966875899762e-01 1.883834674380477359e-01
2.146719725509209642e-01 9.714993089590691078e-01 7.955646161417760931e-01 1.221998354171210943e-01 -6.211339670121381884e-01 3.115976000889799091e-01 5.867389710373114298e-01 -4.287041947865083968e-01 6.501115877646541641e-01 -9.030463520666004440e-01
1.496620148609778767e+00 1.741666151839071031e+00 8.745918317430576572e-01 2.462545749096881398e+00 8.678254708630945835e-01 8.651343878537006704e-01 1.436196116041405624e+00 7.775913575278110557e-01 2.252751668545246666e+00 -1.610481227583661357e-01
9.797048529230826253e-01 1.672610280118501436e+00 3.707227658047529406e-01 -5.502622047452789822e-01 -1.385889465790353769e+00 -1.582245232299600568e+00 -7.213322006595492830e-01 4.818139497566592544e-01 1.996731276447894499e-01 -5.352402755920898647e-01
3.162637644747493537e-01 7.311182786115140164e-01 8.180192524770371065e-01 3.179645183128140262e-01 -1.175804876181952618e+00 -1.008298503729828210e+00 -3.126581314992865623e-01 -5.251056162298581853e-01 4.462844924195934482e-01 -1.792289938758486967e+00
-8.348457913587048473e-01 7.702007909398025376e-01 8.420993855749892010e-02 1.250384997462004710e+00 -5.160792871318291564e-01 -5.007943926356840381e-01 -1.119618225978211257e+00 -1.120465100716729612e-01 -8.051604136858212524e-01 -1.273659779113051727e+00
1.329212850849091687e+00 3.003448366674640546e+00 2.351947253669262494e+00 1.448839836847866103e+00 -5.977518054226581556e-01 -4.941792687935155776e-02 1.837100694827847047e-01 1.825958925778765840e+00 -5.923424314933907198e-01 -8.224335357373360744e-02
2.203837137930918511e-01 -7.262294976454455320e-01 3.221925591950769441e-02 -2.927485631843116387e-01 -1.178059500430316486e+00 -9.211572690520067885e-01 -1.088288403904114077e+00 -1.148329033806512856e+00 -1.366670348737308194e+00 -1.523014069368917811e+00
-6.749506525397279688e-01 9.690266795942455991e-01 2.223522750774493684e+00 1.426142824955616950e+00 -2.217443591346872911e-01 -7.391356305050592601e-01 -6.579997747245442952e-01 -6.800276570430494605e-01 1.263674210912706819e+00 4.876421486392902849e-01
2.348481235687056579e-01 1.738995157170207140e+00 9.640847761417115080e-01 9.262230896915415457e-01 -2.267655326473918820e-01 5.254685006947268366e-01 1.935168749130979360e-01 1.267981550073828290e+00 9.577756867627583437e-02 -4.633967133559910301e-01
1.954997565535214754e+00 1.893510149097887396e+00 1.064829969914685925e+00 2.077193992419098301e+00 1.257026115603015359e+00 8.823959467568747161e-01 1.514818970662973996e+00 4.519273011507197735e-01 1.636117947953213747e+00 6.455864831386819436e-01
9.498009988209265009e-01 1.203354367107973832e+00 5.063342917620361483e-02 1.921787929054286970e+00 -3.314723676147176556e-01 8.746636311532582919e-01 2.216542070326931180e-01 1.002727687977877091e-01 -8.921413517352874134e-01 1.026711222331504914e+00
7.720107087812257962e-01 6.304253035567800589e-01 5.583346287825435850e-01 1.420876735953703118e+00 -9.711808840824019962e-01 -8.894952745269382038e-04 9.873186323243951512e-02 -1.092975801481604003e+00 -1.583436437736392977e+00 -2.368241670804101418e+00
1.290064195565807648e+00 2.180798897176727813e+00 2.538926611429938696e+00 2.131616676810867084e+00 5.451292498291382405e-01 1.798931235988769695e+00 1.518635787466126486e+00 -4.463820232775065899e-01 1.566559170549929325e+00 9.154119347190563527e-01
1.342674528360504604e-01 2.809266777776686652e-02 2.381384932750005845e-01 -1.408053983957475719e-01 3.185544698896231042e-02 -6.415176276306930880e-01 -6.949921931758762383e-01 -9.371701454164176326e-01 4.231288936282457391e-01 2.543576606724934908e-01
4.291576287304248449e-01 1.557281758428069152e+00 1.465434474784448549e+00 1.052219418459007683e+00 1.100204864510339192e-01 -4.031578119963297180e-01 2.527482238418195526e-01 2.851442919457810032e-01 9.242106601693370060e-02 -5.589329484983702745e-01
1.303585047494827176e+00 5.523331408277147858e-01 1.759915543454288134e+00 1.315202266229300143e+00 -3.760275406415582999e-01 -1.433451757008505023e+00 -3.643402283249954632e-01 -4.969173682528554292e-01 -3.743211818571978711e-01 1.002534461728687321e+00
9.155408936829225741e-01 1.454292911022042167e+00 6.516681232537337998e-01 1.065024607943654278e+00 -4.639516663417576070e-01 2.308038619861875751e-01 8.246101644248726714e-01 4.012816605752848043e-01 -7.845548145959456710e-01 1.019647641398343962e+00
2.980387124260588383e+00 2.267720217263727189e+00 2.306689804507503716e+00 2.440047403328375886e+00 1.427994845761584530e+00 5.814985440806699213e-01 3.687593589202361466e-01 1.415273016873929590e+00 2.044503692755751167e+00 1.683735008708096448e+00
9.554010569075329640e-01 4.084975050522458018e-01 2.042523767746163843e-01 5.943591677854929145e-01 -3.197198481000685377e-01 1.831460085530077775e-01 -1.542994081617221402e+00 -1.010310566029487822e-01 6.561875002545722868e-01 6.860697074081256730e-01
1.053488466976909788e+00 2.709857480499381355e-01 3.831216042793074150e-01 -2.470769923700006920e-01 3.952463826976518324e-02 -7.174038148376753465e-01 -1.415269933810807054e-02 2.581938857862967063e-01 9.931307192704648124e-01 -2.993447215805528083e-01
8.567843833375134999e-01 2.134550343403240458e+00 5.344611612457824679e-01 -2.670047333882190621e-01 -1.238027847997978492e+00 -6.469385728316608963e-01 -3.932774928055950969e-01 3.338418286880860397e-01 -1.139202523824625279e+00 -6.837112901622680594e-01
1.458255668430270990e+00 1.607367426877395200e+00 1.935665775289860502e+00 2.970837636106214763e+00 1.988697453880772237e-02 2.430527652952088058e-01 -8.415955057530927208e-02 4.376636296444973151e-02 3.065624825240445550e-01 1.131912972241434945e+00
7.705865124825195256e-02 -7.908755558549127596e-01 2.769278632691052344e-02 1.041366659404111106e+00 -1.270736964189889573e+00 -2.685887176886564420e-01 3.080729370524800670e-01 -7.298222521820145747e-01 -1.475624281973465957e+00 -1.313894695986614902e-01
1.050031797972361014e+00 1.093566519682073412e+00 1.308487429282798598e-01 1.053726903069294840e+00 -1.375302975438529307e+00 -3.548798643465507774e-01 5.481835109388609739e-01 -1.734094767842367379e-01 -1.831811405425783357e-01 -1.773541378168317140e+00
1.529126117430311016e+00 1.775638880014193344e+00 2.911304137737241726e-01 1.074733599012049678e+00 -4.247318066333780062e-02 -8.021111830477263560e-02 1.395131299107442935e+00 7.439107031301047668e-01 -7.302802718789958014e-01 -4.981332622621266748e-01
1.316460411646517281e+00 2.292362229928275319e+00 1.190588291587295178e+00 1.542413185213554083e+00 3.584462050737292627e-01 1.632409436485159571e+00 -2.247704593638017723e-01 -8.874094851632270686e-03 9.357393066414692040e-01 6.647774133754184023e-01
1.700252501415364215e+00 1.937567346032569526e+00 1.765790980103999264e+00 2.156764514273699973e+00 3.233943970648729405e-01 6.101218669884825863e-01 1.315892340951066775e+00 8.952736960215539330e-01 -4.073533509349019921e-01 1.737134314249473066e+00
7.093626162208297448e-01 9.537505508293938616e-01 1.700155270989567313e-02 1.758285705792171694e+00 2.440157542946982117e-01 1.520264782761538314e+00 -1.796374602419710531e-01 -2.435913004829789674e+00 -1.962829205078907291e-01 9.967188041477127447e-01
1.035200259761770658e+00 8.307984556251736263e-01 2.173003641482047943e+00 1.457049275554465728e+00 -5.347376289914608227e-01 -2.443171880602820478e-01 -1.777443477272497407e+00 6.763314118794536700e-01 5.293301519375240849e-01 -6.799349909557426130e-01
2.745178957746061688e-01 5.287995092225465932e-01 1.321564305145242146e+00 8.644752844495452448e-01 1.036470992525347024e+00 -5.199319233118352424e-01 -4.012617801828642361e-01 -3.741565623899194004e-01 2.033252575830732933e-01 -5.438882748035117620e-01
-4.470041769817552080e-01 4.770382698561698165e-01 1.067107312582236123e+00 4.609955499370650411e-01 2.093458483435486905e-01 -4.254835021571637954e-01 5.970423266253708228e-01 9.830188902758727476e-01 7.698129160741376542e-02 -9.992719619861073488e-01
1.144523413299844972e+00 9.370887644100474034e-01 1.587955628663422436e+00 2.884411781951740084e-01 8.473053470494020800e-01 1.947617561991766277e-01 3.034722843954166249e-01 1.243637001374960249e+00 -9.408348542208663234e-01 2.551468348457957003e-01
1.036901605627278844e+00 2.574613017866757669e+00 9.620926953391830683e-01 5.979592885651426881e-01 5.640302607686727976e-01 5.271421508838056713e-01 1.873886949917275280e-01 4.289077019929636303e-01 1.239498326736978712e-01 -1.302123630857648484e+00
1.109472100644517178e+00 1.185662129110461427e+00 1.549650297419196798e+00 3.193975625869065915e+00 1.929144648590202626e+00 -5.806500894918423805e-01 1.229186962153905743e-01 1.611458225229573493e+00 8.993095339868147908e-01 1.123458902511573543e+00
2.299470265078938924e-01 6.081228974748713600e-01 -4.118335419797793939e-01 -3.568640467235326685e-01 -7.426508900229488175e-01 4.514348870914459966e-02 -9.409193921120562187e-01 -1.028591659336138386e+00 -2.636776981086443428e+00 6.774719809711405860e-01
5.918626131961906012e-01 -6.885483815156161480e-01 5.302582988832953426e-01 4.797830164759200322e-01 9.239174361179128825e-01 -7.148831363803692662e-01 -2.155800184088948745e-01 -3.524442809535584531e-01 -9.363876616302321265e-01 -9.244870069615930552e-02
1.662964695414906213e+00 1.718188362099080102e+00 1.103356059044836801e+00 3.072141285817268308e+00 1.636437032594379115e+00 9.493457290539131233e-01 2.834284910751429520e-01 9.361829030767744309e-01 7.777489586567738478e-01 7.104934146477039913e-01
8.206968189393029078e-01 5.170214344158915454e-01 1.338392934440663984e+00 1.628278530691999126e+00 4.040938643520206042e-01 7.837574042213130143e-01 1.623107281473712193e+00 7.652513254751789340e-01 5.090825967821737130e-01 5.376578807330691934e-01
2.524791304031499983e+00 2.995073024460607414e+00 3.045750873787818946e+00 3.782520144783494853e+00 1.625373817538144916e+00 3.500211609693851811e-01 1.039791304110209147e+00 1.649110304450430275e+00 1.679391502368956290e+00 1.222386214969369611e+00
1.836150780527592286e+00 1.024377329738166420e+00 1.733276255498751306e+00 3.727935191949464100e-01 -5.710395292886626395e-01 5.345712988152454548e-01 2.568358387680098609e-01 -5.974037634086946102e-01 -6.910536124860208185e-01 -1.872128080759288160e+00
3.115925034908488822e-01 -5.205512241323844158e-01 6.555525492685131406e-01 1.432127073970025588e+00 1.101483922690583706e-01 -5.529957112481536097e-01 1.463656205343870711e-02 -2.634243604500168326e-02 -1.715749496520969863e+00 -6.206034222142557955e-01
1.569966503670926716e+00 1.182998912227162247e+00 1.220023939620205944e+00 1.147663540248548664e+00 -2.374020245163556142e-01 1.688611568401358204e-02 1.214391992221803163e+00 -7.126147109979534544e-02 1.572069366213627140e+00 1.550781928419604050e+00
1.798562776110972594e+00 2.482837009901993630e-01 5.955838479761766946e-01 2.113855480351348959e+00 -1.228399229807583648e+00 -1.529530522447957244e-02 -3.762987634007324278e-01 8.463889389566922605e-02 2.545257100926975324e-01 -1.444155238611228631e+00
5.166655829271954437e-01 5.574126835185915230e-01 -3.749550277940474352e-01 3.919160456763970402e-02 -7.125170242509860641e-01 -1.281544218151752013e+00 -1.659322246242586951e+00 -6.162454004607268443e-01 -6.473066731300233245e-01 -1.685273584730195173e+00
-7.594739793972382635e-02 -9.455193889437407684e-02 -4.830223779934996742e-01 -1.114102646405563668e-01 -5.698558470569021345e-02 5.350938663657950345e-02 -1.437102944156347872e+00 -1.137650311674561321e+00 -5.207975347396416321e-01 -8.390032475135146273e-01
-1.068643884744227002e-01 4.598931654523236157e-01 -2.464118485258246505e-01 5.625806359814302660e-01 -1.573374751926757353e+00 1.839172588209517123e+00 -2.132543973661047976e-01 -1.718467486592428317e+00 -2.061361047932595142e-02 -3.827542099546448195e-01
4.811019083914351846e-01 5.918927801431363989e-01 3.487124490445799863e-01 2.035609758141598391e+00 -3.304211302293928454e-01 6.423133526468082222e-01 -1.147235403636975327e-02 7.642583845478753135e-01 -1.289468197371343328e+00 1.623480721167158344e-02
1.301527121463925685e+00 9.503675839253520330e-01 1.480150045875405329e+00 1.910771805713485483e+00 1.020727572135423422e+00 -3.647354414831407987e-01 2.648032713043657616e-01 2.537673762509324790e-02 2.590782800227969251e-01 3.581476507298275158e-01
-1.344812003419729951e+00 3.121287644272293660e-01 3.037722535942428692e-01 -9.521767706118713370e-01 -6.144409588100804287e-01 -7.991452565873460312e-01 -9.208050283093058841e-01 7.927462122993854665e-01 2.115034487114733908e-01 2.643961941733705134e-01
1.295300672350041538e-01 1.392776478831748266e+00 1.432491688755067161e+00 1.302782592604353695e+00 9.721235118882194381e-01 3.522136999603678320e-01 9.750862090977659991e-01 -7.016739803498610664e-03 5.775939758740283869e-01 -5.163837819295412357e-02
1.714794043531471246e+00 2.721616640529659570e+00 2.303440744470745649e+00 2.235821405703024567e+00 1.199570334768550017e+00 -2.637087498063327429e-01 1.318336968828296651e+00 -3.397672200724075608e-01 3.077341926052204121e-02 -4.348472459458608830e-01
1.627733115598912095e+00 8.928714401958731672e-01 1.197770643690988068e+00 3.723406969163014502e-01 9.150989298775414893e-01 -5.631626846243189544e-01 -4.129452409334927188e-01 1.082600283758173410e+00 1.158644724194176773e-01 1.007058557191063963e+00
-5.574627544615631258e-01 -3.360090652892273599e-01 1.558921883666229524e+00 -2.851804184352397797e-01 -7.937625853745292059e-02 -1.037199002629758837e+00 -1.118840247377925756e+00 -8.578637719283299656e-01 -1.545358250850338955e+00 7.935403444230242354e-01
5.812701439349805543e-01 -8.391858188309568867e-01 1.584868645599240677e+00 -7.290713345020971570e-01 -4.624117439566342025e-01 -2.131980187459270315e-01 -5.933094139598309447e-01 -3.195968310034348336e-01 -1.858938282549374099e+00 7.971089250456669939e-01
1.347291019239433840e+00 4.156029723578239521e-01 6.663175074038103496e-01 4.501748203493289857e-01 4.247901560401091126e-01 -4.302727390699148113e-01 -1.080814762255997596e+00 -1.512688693176095001e+00 -2.323072234167327110e-01 -1.580683272812235307e+00
1.658468505960240202e+00 2.112829818888395828e+00 2.010311566548280027e+00 1.462965859152007830e+00 5.388117045288001172e-01 -8.101036943921016698e-02 1.539969165773867221e+00 2.160062024994593155e-01 -2.756043883232769942e-01 7.774491608494101813e-01
1.919029430192746410e+00 7.161561753302495559e-01 1.851645235034392822e+00 2.407408626464185630e+00 7.304374012897185686e-01 1.352851438689080643e+00 1.701668787558818341e+00 1.302736565926639001e+00 1.468650983631450524e+00 5.200307245466065931e-01
1.561434296599519822e+00 1.046155247330318394e+00 1.395038116166875675e+00 -6.516991222690744490e-01 1.176051388563030153e+00 -4.443071158488538785e-02 5.117098281880114730e-01 -1.947928486207744614e+00 -3.630830082680848725e-01 -1.181530999778366509e+00
2.064173554201260252e+00 2.239775762336430276e+00 1.650576766203317947e+00 1.330108344437282319e+00 7.665639825943616481e-01 1.942613886326106876e+00 1.568811778883142605e+00 6.428989801674739324e-01 7.903127961829450321e-01 1.640323241867510440e+00
1.669525397958960156e+00 1.328086977818059511e+00 2.528400537739459608e+00 2.263298033904101558e+00 6.336850215249225649e-01 4.909395607363768455e-01 -7.115954917923340561e-01 1.136372767132885819e+00 6.046697217360955667e-01 2.976006839440288321e-01
-2.928584651116024062e-01 -6.726213198276340677e-01 1.276066365891873389e+00 3.712080601321898765e-01 -5.392297301164367118e-01 -3.078415304376123096e-01 -1.084112215421080050e+00 -9.260193739242768007e-01 -3.706330790848886281e-01 -1.740804697840674375e+00
-1.189029889301387310e-01 -8.153128438484593676e-01 -3.921575227635394345e-01 -8.725219360951459446e-01 -3.423429855087558593e-01 -7.726043800833114483e-01 -1.017185889585365377e+00 -1.808746823168167372e+00 5.935139468568891713e-02 -1.366896018869829810e+00
8.866148835876084267e-01 1.274299320567966909e+00 1.148237481877805610e+00 7.120697280232348714e-01 1.392411973083661214e-01 3.283421981915710663e-01 -2.314984720643594729e-01 9.979158425790646270e-01 2.272568635010458471e-01 7.921913945453286365e-02
1.482674319737936175e+00 1.125907663121409552e+00 7.152063033522544355e-01 1.034777778561846828e+00 -8.628892658772388535e-02 6.881078184931763708e-01 1.673539359150698069e-01 6.688955123591062701e-01 -1.235436347283073388e+00 -6.176761086027406922e-01
1.915333859518453696e+00 2.749467699987791391e+00 1.862723307932793837e+00 1.923152090202028264e+00 8.365807428304284921e-01 7.436537883890994571e-01 -1.918070887148120782e-02 9.610821118537251628e-01 3.154131529438707338e-01 -1.170137751065789683e-01
-9.281204754682641500e-01 -7.775215964273125557e-01 1.343492991901873435e+00 9.969910789666796003e-01 -8.866385313259839140e-01 -1.669035127229825832e+00 -1.124921171935730380e+00 1.026963228757366980e-01 -8.354397956971119088e-01 -1.401140665055369827e-01
4.353111722872372580e-01 1.988197956583302339e+00 2.730597020994666391e+00 1.186181446248648630e+00 -6.430618679204884967e-03 1.232133081401782793e+00 9.516700205320517414e-01 6.674224308619804980e-01 -9.323241373506085949e-02 2.443439850742430419e-01
4.434422633729018237e+00 2.728073093452208830e+00 3.239275151844541067e+00 3.223364457137048777e+00 2.809740510831297389e+00 2.088364611489800460e+00 2.935704454980592626e+00 1.521418712306163989e+00 1.389451625584553485e+00 2.654909963212676693e+00
-4.513458350106500649e-01 4.630356902361294491e-01 1.545570876085334611e+00 1.336330501386095326e+00 -7.867053606828580126e-01 -2.418831189084571509e-01 -2.250150700050875252e-01 -7.166440609551898433e-01 -5.040966206676044115e-01 -1.697809863955464627e+00
1.760817087059466601e+00 1.362563979977783779e+00 5.763178596008825538e-01 5.565469622710250697e-01 -9.203256902823023222e-02 7.579250600137068528e-01 -4.780121032339406661e-01 1.692608551035051700e+00 -7.182064791948740146e-01 -4.268640949606618551e-01
-9.994828394564660989e-01 7.095412307310385858e-01 9.100423559782373495e-01 -2.168473824951120399e-01 -1.928384763363432564e+00 -1.083980757789468452e+00 -3.518109738656666763e-01 -1.298667627493115706e+00 -1.367452502319026042e+00 3.569089308406179772e-01
1.601665307127100757e+00 1.208105805028719670e+00 1.844519638761117575e+00 9.346690777103658920e-01 -4.009582751468723782e-01 -1.107734918468152641e+00 1.464923447542727963e+00 4.775296429718196012e-01 -2.779186765540496151e-01 -4.753543300419343920e-01
2.220642348562278379e+00 2.603042285326307770e+00 2.259047939080686795e+00 1.065525246533335579e+00 7.695076430120479927e-01 1.285422003075112007e+00 -4.869586000962380923e-01 -2.942948774886771091e-01 -4.146473855137522424e-01 -6.246996497696987172e-01
-1.981484315512569427e-01 3.737107132254082753e-01 5.238852806684336505e-01 1.298983619319709071e+00 -7.964589242032925620e-01 -7.743619864278573628e-01 1.273790618422908194e+00 4.184195638877459822e-01 -3.953564167503600402e-01 1.090009206943788778e+00
9.545067354334402232e-01 6.203346146763508706e-01 1.794217468807539184e+00 1.076315697726584419e+00 -4.505363487668623268e-01 8.797162850913908816e-02 7.177371519733833916e-01 6.968918916741808633e-01 -2.125278420838815630e-01 1.044444237115513374e+00
1.550888918690408236e+00 1.829543615538201884e+00 2.085006003906778371e+00 5.141580175786786278e-01 3.852477584344137229e-01 6.679274339345145917e-01 -8.791225067015083772e-01 6.609273768877554911e-01 8.735481817636804314e-01 -5.535410987619076018e-01
7.455289686026298490e-01 1.297250012025229937e+00 1.287824128995785244e+00 1.244088063230726293e+00 7.324441033156368908e-02 8.669113663994189034e-01 -4.858577769412275038e-01 1.471043275226842084e-01 -3.204228750487648769e-01 -6.287897814820246900e-01
3.186204806687464419e+00 2.050357605478208001e+00 8.906056320595838738e-01 8.966941961335544997e-01 -7.550945154435815265e-01 3.625416897831222340e-01 -2.722363021517193449e-01 -1.239862871067324984e-01 -1.764418888566059995e-01 1.696159647378185087e-01
4.735221386263410714e-02 -8.376613834870103581e-01 9.567388365779901926e-01 -1.087718256364361924e+00 -1.362404782208718190e+00 -3.886733342544764214e-01 -1.173198628816678468e+00 -1.296709102146988979e+00 -4.900402446346745489e-01 8.091134335164886782e-01
2.141099257471307027e+00 1.296026983681799027e+00 1.930726764352865388e+00 1.163751049751693190e+00 6.944176731779290179e-01 1.239131507817533562e+00 -1.633004767997121853e-01 -3.180801331815780175e-01 -9.061493307755333904e-01 -6.529295538476269645e-01
1.113933608219199956e+00 -2.590990699078887793e-01 1.626391650030254210e+00 9.480032205147402857e-01 6.485084183169745886e-01 -1.164888685515425154e-01 -2.369448951731936981e-01 8.996143074275981810e-01 -8.446298481776326819e-03 9.424989765625038096e-01
-6.406673895269143770e-02 2.550107584714000897e-01 1.397493904226108530e+00 5.493253605258756611e-01 -5.933442154204421337e-01 -4.387941740318657136e-01 -1.684850905382882180e+00 8.604214454061627215e-01 -2.027802981709266872e-01 -6.273081053512447047e-02
1.264404824660048110e+00 7.465044246161481878e-01 9.877247497441795643e-01 7.942309184774115627e-01 -1.388332530122262654e+00 4.439175458918385719e-01 6.978984888204419201e-01 5.570909632613325613e-01 -5.182030746089589385e-02 -2.434131637568039408e-01
2.072529388218504298e+00 -5.165911976460544341e-01 -3.018005755093882136e-01 1.266209835687043928e+00 -4.797743247718977422e-01 -5.368687642514406999e-01 -1.361138671099554331e+00 -4.240407889288765886e-01 -1.073010002566100685e+00 -4.206472268184186653e-02
1.304747154691942690e+00 1.630269117823599068e+00 1.055058710874186678e+00 5.414429131972235965e-01 5.242725867683751817e-01 1.303277016380803011e-01 6.653901071469657813e-01 1.035838998829822888e+00 9.536672810430327774e-01 -3.553193729320122674e-01
4.411389849974314270e-01 -6.382654973330745829e-01 -7.510658518886164092e-01 -4.320920904353788838e-01 -2.131910361698204692e+00 -1.963641784278168823e+00 -1.419923317264301987e+00 -1.404429612169303843e+00 -2.705555511109783318e+00 -2.051662664965496763e+00
1.063875588123448512e+00 1.594485456900043951e+00 2.020689925623762040e+00 3.170246596875546885e+00 -5.220024957440545510e-01 8.062709027729367817e-01 -2.228365439045554008e-01 1.570702648981487037e+00 -5.859022550095140947e-01 -4.594720585126400580e-01
1.360630145149788195e-01 4.093142343529170279e-01 -1.803685076871059945e-01 1.389379536290481720e+00 -4.662912700764571539e-01 -1.732549710978240398e+00 -1.666102108025743211e+00 5.171389705264937131e-01 -4.257281646335376868e-01 -8.916273448647237254e-01
4.830038696521253838e-01 1.481938437744242831e+00 2.373650756224999547e+00 1.931748862104940789e+00 -1.229176656318818450e+00 1.344791267627432063e+00 1.858613272029265018e-02 -6.111248957203919280e-02 -3.015139645031245652e-01 -3.150392581943941561e-01
1.716779625614503146e+00 5.749880355228806916e-01 1.891831565015802408e+00 2.342469479421009915e+00 1.866661211183612945e+00 2.160697298994695981e+00 1.101373670463620114e+00 1.426968672327201926e+00 1.369238871850441797e+00 -1.701997203837156691e-01
1.271992278016371936e+00 2.357524602516847700e+00 2.093796151774764525e+00 1.480986631414078714e+00 2.090375734847932154e+00 1.657240680685121204e+00 9.146865665252786881e-01 8.599630564190503534e-01 9.880345927440998821e-01 8.626727438125516567e-01
1.035618567610335550e+00 -2.237328000767695446e-01 -8.758073418343850225e-01 -4.798377099649586697e-02 2.980141939300924858e-01 -1.517654097296097682e+00 -1.084905323343015260e+00 -2.250536889133105234e+00 -2.102090326143230548e-01 -1.884484382022534321e-01
6.415045351443595667e-01 1.387801191342397322e+00 8.556892132711156895e-01 -5.100318535596339853e-01 3.460558808387723811e-02 -4.247384623511359369e-01 -1.275056287574918290e+00 8.286862492787833157e-01 -1.812539204311876873e+00 -5.265122366255975406e-01
2.381987606090755882e+00 1.938858553754893688e+00 1.713315015728341217e+00 1.801964186177759997e+00 4.179210791900661026e-01 1.348459935752859717e+00 1.148066286532370306e+00 1.142990290258975472e+00 1.969613773989776551e+00 7.173681843712800266e-01
-6.058467589754839011e-01 -7.868885227121955594e-01 2.025350091970709032e-01 -4.209804612478278418e-01 3.259838800480934634e-02 -2.456142372162252396e+00 -7.444606530009424405e-01 -1.307020625129655667e+00 -1.995508154458842220e+00 -2.260669041672133339e+00
7.313072351801965798e-01 6.996947461089197962e-01 8.738445592422799946e-01 -7.321109258896809635e-01 -1.373309568589042851e+00 -4.735315783499561282e-01 -1.391867476343578103e+00 -8.450795795186611947e-01 -1.137130053408409669e+00 -4.166057418209585528e-01
1.021366496740655050e+00 5.675808810764448875e-01 3.041652975244809598e-01 1.107369481344605333e+00 -2.302322730026234998e-01 3.083988540027915448e-01 -8.555621638722659128e-01 4.259683430058930909e-01 -1.896585855201338988e-01 8.698735850164390770e-01
9.332292218601545564e-02 4.442006566130918266e-03 -1.128509020138876995e-01 1.964327318208599849e+00 -1.231889810864879697e+00 -1.679948933065900762e+00 -1.453810758338912379e+00 -1.027849807778035807e+00 -1.573672600337447935e+00 2.543483672814504937e-01
1.798456148177820069e+00 2.348820607435623931e+00 1.368707707943245255e+00 2.607273697686071756e+00 -1.952075772647650920e-01 1.052760287062789457e+00 6.581400995474498972e-01 -4.922062155557273000e-01 3.100147444050112555e-01 -3.048886680310277653e-01
-8.322909828298168389e-01 3.688086785596421668e-01 7.843851311766116829e-01 7.281431058160022785e-01 -7.306269183379140442e-01 -8.590273357646290020e-02 1.234170194914945506e+00 -6.348031526225746957e-01 -7.068141964066608773e-01 -4.243244898975533780e-02
-1.175605892842924938e+00 -5.475606650048514545e-02 1.072111278932088574e+00 2.135314725428297811e-01 -9.248873872231233584e-01 -2.467505094515330122e-01 -8.904995249350377007e-01 -1.833581032258202681e+00 -1.052105770645089144e+00 -8.293965184405236446e-01
2.459911435628160170e+00 3.703819321735809744e+00 9.994731860182546335e-01 1.131630328517940320e+00 5.164875763305231127e-01 1.929728023365316347e-01 1.175787587052023575e+00 1.098323525385849209e+00 3.245835388013365574e-01 3.866591288091018597e-01
1.374543159162254558e+00 1.522321652624156751e+00 1.488581264783981783e+00 2.505078466611279975e+00 -1.844067068853014080e+00 1.887033484198731959e+00 -9.975861104756141851e-01 2.409163136468959632e+00 1.584115457980174724e-01 1.176956095337998054e+00
1.452720080069960229e+00 3.957215504549935758e-01 3.762678480223882183e-01 6.206296492357012973e-01 6.713465464208226985e-01 1.927817372203088353e-01 5.927617966697716900e-01 -1.252871519074580386e-01 -6.049008155937320996e-01 5.138971916056404021e-01
2.875907681966067386e+00 2.343270018025592982e+00 2.143717301630334582e+00 3.852483170108655042e+00 2.197564906986456901e+00 2.143157442087678444e+00 2.795791155415542129e+00 3.529728192216794458e+00 2.745322297468619777e+00 2.219841782618068748e+00
-3.722535521154703986e-01 5.026199430634437082e-01 4.991995967166684700e-02 -7.744265077266065944e-02 1.604500454385268116e-01 2.781254126000304860e-01 -9.841249033913624933e-01 -3.079232923075254647e-01 -1.078376343474549692e+00 -9.465927461158446521e-01
1.752233406993133791e+00 2.009193197054044422e+00 1.697571969210826204e+00 1.594517487725271021e+00 3.306662130256481924e-01 -2.050126401028379564e-01 3.945817941299812892e-01 1.312351103246738759e+00 1.310083225536019746e+00 2.046072120876049893e-01
-7.254758964439074198e-01 1.515656695362002315e+00 -5.317822879732436725e-02 1.279797808426045513e+00 -1.239791941786814400e+00 -8.476083338127042843e-01 -1.900858614102377275e-01 -5.040258575714667844e-01 7.632835496750971505e-01 -2.414048246733774938e+00
3.219239046817914396e+00 3.468166228711494714e+00 3.749614976958981938e+00 3.584772667887486719e+00 2.306276340625502463e+00 2.632993978513969768e+00 2.201210166304274463e+00 2.686323879280664517e+00 2.102698559588983773e+00 2.784296358571606511e+00
1.889968143662579925e+00 1.802843650131797038e+00 2.651459383291358662e+00 2.560364445580367132e+00 2.287179232177904087e+00 2.037978228548612769e+00 2.128436660629189792e+00 1.937452061582876750e+00 1.136574424863857402e+00 1.238513513209550165e+00
2.386837639342979100e-01 2.298392604419861485e+00 3.895469278552313730e-01 1.988913788383741998e+00 -8.353327960428805765e-01 3.738404954314036854e-01 1.934397238555667087e-01 1.590349581066448359e-01 8.163110523583746447e-01 2.329987021121579793e-01
1.514969650302031567e+00 2.376169689752730463e+00 1.326688093167923688e+00 6.675366525785516592e-01 1.419536717364648093e-01 -3.310681482736713144e-02 2.515943447192454108e-01 -4.353354759655458928e-01 2.618385961670342543e-01 6.080320113228502299e-01
1.587777786647759370e+00 3.493488078949187337e-01 3.043992278651210359e+00 1.762622569374662662e+00 3.454272640136326622e-01 -9.631987279416307501e-01 7.867079788088178205e-01 7.526273258247668796e-01 2.657955738453172956e-02 2.427624757731289828e-01
-3.573069936754131870e-01 2.968703882888767964e-01 5.752318935834686009e-01 -1.010964104362065186e+00 -3.004068755232533139e+00 -1.105359121681241286e+00 -1.435513925531197943e+00 -1.985037385962409029e-01 -1.507981154863552442e+00 -1.135486174000971848e+00
