-4.208765503172873235e-01 -3.382246257705794901e-01 -1.169871711763162292e+00 -8.204267282263916217e-01 -1.187948747294829355e+00 -1.903299323992478087e-01 -6.514813432402366544e-01 -1.431945461899281735e+00 -6.309329675283509298e-01 6.070162388053568225e-01 -3.442077073701265699e-01 -5.053194267597741485e-01 -6.824080570725682415e-01 -9.746647506965079311e-01 -3.335381809789702001e-01 -2.081224922664023591e+00 3.815750564475492435e-01 -6.250967031236679405e-01 -1.485818925157918358e+00 -1.262576086184269863e+00 -1.847200796483500218e+00 -8.163517558007554742e-01 -8.721277026401280663e-01 -1.082705132523019767e-02 3.389144920099861902e-01 -7.334391131914450579e-01 2.482487904453673233e-01 -1.605483890493141219e+00 5.096130735788468452e-02 -1.759825590858196120e-01 -1.245457612450899587e+00 -4.410767637849209999e-01 1.273456365796433065e+00 -8.213100360214322659e-01 -7.567204648094693065e-01 -2.372890282353208036e-01 -4.945067236762498708e-01 -1.104018535263463052e+00 -9.453359841278061726e-01 2.105048620121571790e-01 -1.049380023692642272e+00 -7.497731788957845422e-01 -9.705086659469253085e-01 -3.222453325425873594e-01 -1.931041915397704534e+00 -6.399266265797879383e-01 5.361912819203428215e-01 -9.671634574893871461e-01 4.074916037509430655e-01 -8.244529154098432233e-01
-6.848519544992996977e-01 -1.507145893972667627e+00 -7.516262175142982560e-01 -1.290640095149322431e+00 -8.684144469545915790e-01 1.472373884235572972e-01 -1.270322562724050197e+00 4.305274256016536905e-01 -1.188127358402224942e+00 -1.109353194381885732e+00 -1.286953997781529191e+00 -5.942516855159031275e-01 -6.910602964206548071e-01 -9.499995212330170080e-01 -3.854699842759026773e-01 -1.586733224130638886e+00 -1.203379772938189207e+00 -7.704385797941680769e-01 -1.171994329284992808e+00 -8.000611940295805358e-01 -1.392089711395492480e-01 -1.442251634429367657e+00 -1.182886312352754876e+00 -2.339020489290855875e-01 -3.751462422054200330e-01 -9.501672018905722439e-01 -5.082492035405875574e-01 -4.062395552656952180e-01 6.277150430367869349e-01 -1.264900545275312593e+00 -9.344900820460987356e-01 -1.448579875418004592e-01 -3.912841484371326617e-01 -1.578303761246169890e+00 -1.852047534416746188e+00 -6.024716162529961672e-01 -1.766052369009059042e+00 -8.439615988548906933e-02 -3.071416955810023275e+00 -5.983914975622302984e-02 3.598292365496770784e-01 -4.170562672604208321e-01 -1.433402476694018768e+00 -1.898107675408740702e+00 7.959139998585783582e-01 -1.002895171685862924e-01 2.706538192637653398e-02 1.578755089906294373e-01 -6.595521902126504354e-01 -6.999049454105604751e-01
2.605770062905619078e-01 -9.012001464094592240e-01 -1.148099825163868548e-01 -9.450545784202728228e-02 -1.989453488122112090e-01 -8.782893791293855390e-01 -2.117286389539386679e-02 -1.260632372089447173e-02 -9.834214476725472442e-01 -1.031202941143345653e+00 -4.605701774984579111e-01 -1.527859776771041678e-01 9.970380596463623846e-02 1.361775868677029599e+00 9.942566125670352362e-01 -1.443405264904834562e+00 9.230784389980288829e-01 -5.852634890995768169e-01 -7.877830946439924320e-01 -1.565091865382273628e+00 2.817684388739360446e-01 5.518840642985884948e-01 -5.077220169585296983e-01 1.358103299307392042e+00 3.684778009979511881e-01 -1.413818008158431727e-01 -5.577155299601811445e-01 -5.843560050737669487e-01 4.671858715327261158e-01 -1.356018257621322665e+00 -1.422669889676356103e+00 -1.502463914301886083e+00 1.726665080134269503e-01 -1.335851079941454689e+00 -4.821262165708750103e-01 4.708689056348129287e-01 1.469252849026806383e-02 3.090608311807187536e-01 -1.090809140946319200e+00 -2.697485118326204967e-01 7.211879258335858189e-01 -8.282096682574273672e-01 8.989691338852505709e-01 -6.632209770386132686e-01 -7.055238311888901714e-01 -1.885595359710497965e-01 -1.139131506839242275e-01 -1.131780998120958809e-01 -9.322141557533607514e-01 1.819428225007550803e-02
7.129357179187489901e-01 -1.284498192062345945e+00 1.455437763807613250e+00 -1.315850738466583236e-01 -8.509976179558298437e-02 -2.170587879314044358e-02 4.196225097722344755e-01 -1.172537875215999038e-02 9.747463007965837534e-01 -7.812887069535843221e-01 5.731465092908799575e-01 -6.610517277489547094e-01 6.900346891782879188e-01 -4.924450430954442903e-01 -2.221657248857017153e-01 9.909741890586368784e-01 7.736260616274901469e-01 3.484223251936122145e-01 -6.328435751607182080e-01 2.352457622154063843e-01 5.565885795099414501e-01 -5.014873002320258122e-01 1.101008055448190470e+00 -3.019389179124478129e-01 2.165486018864176465e+00 4.386326198555344225e-01 -7.455551136594354977e-01 1.178155978026797918e-01 1.009043830305796030e+00 2.885746162813798144e-01 -1.416293472333031433e-01 -4.139154876483314704e-01 -7.826646197759485890e-01 -2.047971358027723676e-01 -5.913525977605311734e-01 1.492290159248614412e+00 -2.746234359652062196e-01 4.117818486330828698e-01 2.284811371699560500e-01 9.442938651622163615e-01 1.824924795075373030e-01 4.258425194717907480e-01 2.493383479235462552e-01 8.034096591954721367e-01 9.991514170531064221e-02 1.099191166885667759e+00 8.044398039191220651e-01 6.424901897416288588e-01 -2.136496318507647707e-01 2.501656140885071267e-01
6.130378571915495733e-01 8.924303150842705090e-01 -1.681112742283092931e-01 7.076857055926580320e-02 -7.952182090344199761e-01 3.531694464126775568e-01 -4.647868653599972477e-01 2.253584380058955838e-01 7.531040848736365589e-01 7.543007697916671583e-01 2.219083488937048099e-01 1.792397805027663438e+00 -4.974871180123693892e-01 6.772513363442866918e-01 2.433466280366829437e-01 1.039193292615947506e+00 -7.339872489457793803e-01 4.903864388901156834e-01 -6.925562384111295655e-01 7.490596608705234472e-01 -3.435280623355023710e-01 -1.688321269218515941e-01 1.717406992596838267e+00 -9.516120486510647458e-01 1.193422408662369039e+00 -2.941937595960606999e-01 -7.887460819731093031e-02 -3.968430568312497075e-01 8.951690119441281235e-01 1.353873611674098143e+00 1.353207042233023794e+00 1.017856524269129759e+00 -1.063231471088311730e-01 1.052727608009308868e+00 -1.202752728953098815e+00 5.504699489728055901e-03 2.312688312537311205e-02 1.599867142474607373e+00 3.097436515536054480e-01 3.961792121184448123e-01 1.406076188404374427e+00 1.050986426125225665e-01 1.259012444763474292e+00 -7.385098988189729985e-01 -1.265476563840660928e-01 6.636714068742974870e-01 1.004483982018590238e+00 -4.571899335552007670e-01 3.054620575840346075e-01 -9.758445114521232533e-01
1.139184393798643585e-01 -5.670552694169822550e-01 1.126455013358540480e+00 -3.494972123682592580e-01 8.181187769488094119e-01 -6.509759866152901031e-01 -1.084674523463596163e+00 -1.908732843058058848e-01 7.141405752794840467e-01 -7.439348854980092351e-01 -8.420392086555483768e-01 -1.166249382710192739e-01 -1.163926941944720544e-01 3.116403333435680545e-01 6.198171872460728205e-01 -1.594403327855011598e+00 4.285693627674803108e-01 -9.529221304938473303e-01 4.298688028753719359e-01 -1.447212860866515127e+00 -2.934175499569675605e-01 -8.821845411515475410e-01 -2.112219005841646235e-01 1.217050593100228589e-01 -8.893549014752286652e-01 2.985802301465899089e-01 1.327822682991616210e-01 -6.931989409532500757e-01 3.444103432835384226e-01 -1.222429585758174619e-01 -6.694924784377552784e-01 -1.114986707934622068e+00 -2.069528548135540769e-01 8.184940878751046922e-01 -2.652794287052664957e-01 -1.347467496683667221e-01 3.147325880338088799e-01 -1.214882464198204559e+00 -3.372737153216782136e-01 -6.292129271071061902e-02 1.155816282306247472e-01 1.427944667395997014e+00 -7.881973603103820114e-01 -2.270996679924662531e-01 -3.820701702454319948e-01 -1.115041327855170739e+00 3.156295450395101287e-01 -1.143042279709541642e+00 -5.952421701761707595e-01 -3.342353759174050976e-01
-1.690110834579234833e-01 5.326722979881473030e-01 3.069721755528431184e-01 -2.984045170699213823e-01 9.547757261287441732e-01 2.233130679703002608e-01 1.027202343532298556e+00 -1.219230011472725514e-03 5.855115698664304924e-01 -6.192693147702158507e-01 3.583060139171745373e-01 2.952056356970577666e-01 4.194618527827571608e-01 2.312849125378573234e-01 -6.188747082243630793e-01 -4.651078932396204846e-01 -7.853409384343457145e-01 -5.252261526007926708e-03 -1.108930380176069042e+00 -5.668692713380490966e-01 -3.062881087968188365e-01 -4.603388167474072312e-01 -1.964593107116840154e-01 2.918827769067310340e-01 -6.770365071886292885e-01 -1.189671194723167735e+00 6.746252343449086197e-01 6.551180802794956959e-01 -1.082362577842365114e+00 -8.882682336334447593e-01 -4.072253046249187797e-02 -8.048415051326873737e-01 -1.080747329770241238e+00 2.245188439565067862e-01 -2.688465270665449935e-01 -1.870929818540880696e-01 -1.034810652221265448e+00 -3.787490523364927530e-01 1.686170063252304951e-01 -1.395865937652349953e-01 -1.513861366050248125e-01 -6.767960990639314556e-01 -5.383543731297386198e-02 -2.178903365158850469e-01 3.289338210060344658e-01 8.825789015501385171e-01 1.129306358699820434e+00 3.779523406166884758e-01 6.156958505700180773e-01 -2.083439958082018983e-01
3.492325988930800040e-01 -9.840248004150375927e-02 3.121336374719387297e-01 -2.704909427794619514e-01 7.886006499196648312e-01 -4.416181274968815629e-01 -2.360610187733063747e-01 -4.613181304977719277e-01 -1.328216266306477378e+00 -3.336937852095750445e-01 -4.789588138690265007e-01 8.165752602912874636e-01 1.043233733432188615e+00 1.437809569064671944e-01 -1.009070309303738144e-01 2.519913654821237525e+00 -1.177502360775668722e+00 -8.726591071745007921e-01 -1.984441172282599974e-01 7.118417692181095990e-01 -1.085253370030965225e+00 4.512743144807535578e-01 -4.352045509710798510e-01 -1.026871266112527187e-01 3.909133793068976237e-01 1.042170182251527466e+00 -7.881394443240204994e-01 -2.125248465618715388e-01 3.734532472628859789e-01 3.526315946850103744e-01 4.913825073146991795e-01 -4.079851149903696017e-01 9.919292516554104600e-01 1.164089468829433427e+00 -1.166435321535424618e+00 6.313667316243019023e-01 -7.901471062577571924e-01 -1.259663006462453660e-01 -7.908673699622901232e-01 -7.098529220484186553e-01 1.000331314905571922e+00 -5.945528815055587391e-01 7.006544715036515658e-01 7.678353924664754748e-01 -1.987685923593925374e-01 1.558597195157495285e+00 1.570869174095828269e+00 2.570846634930218366e-02 6.038335753999347633e-01 -4.040418065358153399e-02
6.812812993552438967e-02 -1.997973913104230392e-01 -2.355574764967307277e-01 5.778386867176283914e-01 -1.061693700021328762e-01 -4.752993378113047340e-01 1.401358469854188105e+00 6.500628335272679026e-01 7.815378856331901547e-01 3.138822143584800717e-01 -1.219941833604428982e+00 4.062344021708281794e-01 -2.270760501216571858e-01 3.876575611648172548e-01 -2.010972735953540091e-01 9.860892611850764489e-01 -5.632901566180529285e-01 1.462757784344300482e+00 1.592612647784905189e+00 -4.199495011961546509e-01 6.743094296052436487e-01 1.112504265430277250e+00 1.575596188700177480e+00 3.229264668635767332e-02 1.232990600363790046e+00 1.010797780015314729e+00 4.156187679823620806e-01 -1.531841676229516447e-01 -3.889049976447643830e-01 -4.982519895376950614e-01 -1.994481600961399981e-01 1.834947979061377632e-01 2.397864426483149902e+00 4.378067808551078244e-01 9.611282080578542608e-01 2.934747803703600666e-01 1.273091656276410799e-01 -1.902878784240551735e-01 3.642004022128832452e-01 8.461605129265451497e-01 -6.770733692457797659e-02 -3.744616122836695593e-02 8.723677812935062281e-01 -4.579402981814982287e-01 1.033980984233065614e+00 -3.798837480483247542e-01 1.916316525445253438e+00 1.395333079567075751e+00 4.080314848124530491e-01 6.590912966482659341e-01
-1.306480531226703823e+00 -4.369838024585637748e-01 -2.147175242233202164e-01 -1.007917744537892624e+00 -2.329303217217457422e-01 -1.175784316360297899e+00 -9.422162098348724202e-01 -7.008557684256051523e-01 -5.843887415767137217e-01 -4.424014625037450132e-01 -5.596806135870040499e-01 -7.555500009744858803e-02 -1.022161516076386112e-01 -1.352653960971612834e+00 -1.161436477329832878e-01 -3.742377158995074948e-01 -1.574863236216044404e+00 -8.736830719115351584e-01 -5.256577288908891032e-02 -6.400502209460807723e-01 -1.326736950555799932e-01 -4.524728275696833779e-01 1.366945318076995541e-01 5.103450315896740364e-01 -2.568765045840005201e-01 9.010689724987372973e-01 5.618543340458622692e-01 -1.943205833809781291e-01 -6.772158369829169855e-01 1.056521860602463558e+00 -6.703437477388753951e-01 -9.705108059335830484e-02 -9.105766358613472944e-01 -1.729587731476683876e+00 2.915673144255815363e-01 -7.399868730575726028e-01 -8.068354915113272741e-01 -1.597281928600899903e-01 1.864034238215198092e-01 -1.382614278426733678e-01 7.518999240976551590e-01 -1.261059732275671974e-01 -3.532230368502525808e-02 -1.951242783141001080e+00 -9.367448414295780346e-01 -4.499160950244883717e-01 -3.222814627790361874e-01 1.425934974229837171e-01 -1.105000210624645707e+00 -3.680061352037313216e-01
-1.570864441291916602e+00 5.038976901728782209e-01 -1.340877799779259139e+00 -4.116988284153051958e-01 -5.232442157208613276e-01 9.422734009812362699e-02 5.621289709975729743e-01 6.311957262531018298e-01 4.569656052643787381e-01 3.534602860582298223e-01 5.602279819757857160e-01 -2.889109348136205124e-01 -8.188219891952733809e-01 2.365005085913295946e-01 -3.074912240394286900e-01 7.349709969839267609e-01 -9.783893676252487515e-01 -4.410381589366981214e-01 1.044935222177834744e+00 -3.599606638366485423e-01 7.393790480901420992e-01 -9.392797526465337388e-01 4.974727576250804195e-01 9.738535913432878888e-02 -7.551760359036630010e-02 -2.207863919160363286e-01 -3.848467469864494950e-01 -3.379393830566033707e-01 1.997514934949968790e-01 -4.598900127355008416e-01 -3.136265444776167866e-01 -3.104381109564998131e-01 -5.918553676442508404e-01 -7.957494283410643243e-01 1.081581478870029117e-01 -3.257045489821098205e-01 -5.323681127012815928e-01 1.002186806986217621e-01 -1.137845284402301926e+00 -1.694937003765369266e+00 1.019545938842576049e+00 3.867677933042819594e-01 -4.880159882803085658e-01 -5.076130077824276832e-01 -6.617340972450189152e-02 -1.639578813865936180e-01 -1.194663709818143849e+00 1.587625197749898076e+00 -4.780729581120343186e-01 1.005709812283930971e+00
-1.245672505104809202e+00 1.272594398709715469e+00 1.116696720514134267e+00 -1.068468656916087722e+00 1.146042762914046165e+00 -1.139149373356307171e+00 -3.952540371153523968e-01 -2.320425295227821205e-01 8.269665174958054088e-01 -5.369856343885276440e-01 1.498277926012279160e-01 2.691642621731987414e-02 -2.786207287759378537e-01 1.058595248862420846e+00 8.310219257690095729e-01 -9.361411732795066332e-01 -8.778803065338723899e-01 -1.551044210284561464e-01 -1.223308629596192132e+00 -2.888697743830320741e-01 9.652923922033896931e-01 -3.149499649259289158e-01 5.596056495620924665e-01 -8.238891494235097701e-01 -7.355342791181066486e-01 -3.111973933516353208e-01 1.032736684607220123e+00 1.901631664509028929e-01 1.180945071163579163e+00 4.704567841349041046e-01 6.790704992876778201e-01 -1.693964722364234565e-01 -1.161857237243603125e-01 -7.782340332748245437e-01 -1.333765050064871893e+00 -1.247024891959723547e+00 4.800698990904970209e-01 -4.626272385818389066e-01 -9.429453802803723361e-01 -2.775981361298789918e-01 -8.541704107075569485e-01 4.612858345964143680e-01 2.746077098134006578e-01 -9.442627713568715331e-01 -5.459266566223920369e-01 -7.267093736512810764e-01 -2.783226242508552439e-01 4.746079123686187257e-02 -8.221893636086731461e-02 5.336872885692055951e-02
8.390735012961734185e-01 -4.845591800041160746e-01 -7.004864051846245721e-01 -2.610103465988659055e-01 -6.348032502657739995e-01 3.066934213574220788e-02 2.220843234870579774e-01 4.399514728977228090e-02 6.634654209047700923e-02 -1.457862762366415543e+00 4.183091811406471905e-01 -1.542707519244227887e+00 9.857248100740290120e-01 -9.290347900758023636e-01 2.359424775351447734e-01 8.607735908794019730e-01 -9.503795452735575022e-02 2.156275922256897792e-01 -1.695798047482871829e-01 -7.542309946036035440e-01 4.723987758116072189e-01 -2.861136757959600874e-01 -7.859306779127697151e-01 3.122245450986100845e-01 -8.570484007327104914e-01 1.842512711856838722e-02 -2.162433669778206502e-01 -8.779597337797523382e-02 7.906513510182486271e-02 2.353317702012045209e-01 1.967786518329997167e-02 -8.677630750509518487e-01 -1.452762268310296701e-01 -2.298369708576855630e-02 -4.133205764568503859e-02 2.625023720822531118e-02 7.189862898036771810e-01 -1.290385510049619544e+00 1.240748642282883951e+00 -9.888499821327214612e-01 3.318882953344018394e-01 -9.238216324912205124e-01 -7.115763966911873295e-01 -5.906054650122286587e-01 -1.946305505831096364e-02 -4.016376056506889558e-01 9.158586244406816679e-01 8.033848552143320332e-02 -4.028713699247726265e-01 -2.076124247209596707e-01
3.642213814558376561e-01 6.947437386980043206e-01 -3.288736276526668667e-01 -3.728109371364099478e-01 -1.261681491375951980e+00 -1.089483357805899555e+00 -5.535365109414603912e-01 -6.157032866715178576e-01 -6.679121676819288478e-01 -1.018222588259584782e+00 -8.413567809639361794e-01 -1.520309255350610567e+00 5.429817057611040498e-01 4.264964081817707031e-01 -1.085637017980889185e+00 -2.893720762714557804e-01 -8.304527112698069091e-01 7.945105734813083798e-01 -2.315091653401717409e+00 6.090034687826765269e-01 -1.454071564190106303e+00 -3.942592827008891687e-01 -7.084005604280864121e-01 2.674227689590557427e-02 -2.749388340986259061e-01 -2.865380211707662106e-01 -7.650504976431085069e-01 -1.334238450633658424e+00 -6.530939273924842858e-01 -1.285703612337280699e+00 4.184523493773689151e-01 -5.102527094354916137e-01 -2.347944930109250872e-01 -1.205384632785929444e+00 7.030168157786048644e-01 -9.022064901708283513e-02 -7.665991858169727280e-01 4.451766729908556708e-01 -7.773644599390610033e-01 -5.084677482832601347e-01 -2.774528338386750281e-01 -1.287037644055203378e+00 -1.105842853089862965e+00 -2.520122495190893819e+00 -1.218526011858730218e+00 -9.952792098694367151e-02 -7.651872029218027560e-01 -1.075794678272478100e+00 3.256513479219166896e-01 1.767166849677845042e-01
-6.835995130005246834e-01 -1.200263253837675181e+00 -6.799303111444893188e-01 -1.626006174483998645e+00 -1.307806568312324336e+00 -2.645760790762382353e+00 -5.678986142136099868e-01 -3.241758272493895365e-01 -1.877171020055159456e+00 -9.217518815661003284e-01 -1.716154167278621356e+00 7.428061936135303966e-01 -4.029471127717123013e-01 -1.297236357674899754e+00 2.778469984399449810e-01 -1.133967766898915208e+00 4.973770388187866431e-01 2.155338501847498534e-01 2.115220979120010225e-01 -6.860982319477746394e-01 -1.897168352441174877e+00 3.739214031264814220e-01 -9.906235282058573066e-01 -1.320665343889833698e+00 -1.560623041073941453e+00 -1.093782773494134976e-02 -9.385675442151272252e-01 -1.924526562159608156e+00 -5.363025503211472644e-01 -8.955953852171179008e-01 -1.206175632107802320e+00 -1.497561850641378367e+00 1.159745749612825921e-01 -6.219785603696894594e-01 -1.629325393559480362e-01 -3.805974484856587958e-01 -4.762043115906888224e-01 -8.384313457624138488e-01 1.130280267206282274e-01 -1.490864668411080729e-01 -1.317034079745969422e+00 -2.043219209600880770e+00 9.332883392467045125e-01 -3.233390566447553738e-01 -3.803817937145434480e-01 -4.984187421645498439e-01 -7.458278467128290901e-01 -7.072750670500994596e-01 -5.896575428953420017e-01 -8.118618417555693023e-01
2.680799968925492646e-02 -5.508860247234194096e-01 9.006340217056496567e-01 1.858584218831605406e-01 -1.637887331559150450e+00 -1.739084744796318138e-01 -1.381964349211685539e+00 3.903892487012006751e-01 -1.588603570480821237e+00 5.930692373853394539e-01 -4.641592516013947622e-01 4.970245417203885130e-01 -1.961326235995718648e+00 2.719556183121697029e-02 -9.027657178425255724e-01 -7.149069711579609798e-01 -2.359126606292095141e-01 -7.026436694251577686e-01 2.087726337848934965e-01 -7.915309193624104900e-01 -8.000520739877670096e-01 1.533552725134038064e-01 -9.003901752910499212e-01 -3.150125796019850877e-01 -1.806684191911332726e-01 -4.762057635262580968e-01 3.245956792734249752e-01 -1.029837034284145858e+00 -1.445511982170218479e+00 -5.659159924651762097e-01 -2.848136719822326191e-01 1.456769976073516659e+00 2.487272634912789659e-01 -5.635018158712720160e-01 1.147294698691254000e+00 -2.356851696665921564e-02 6.322099764023521029e-01 -6.697508846896069734e-01 -2.202115472331784840e+00 6.248578178899726332e-01 -7.228357298089720384e-01 1.145995195879874889e-01 -2.876410438267312242e-01 3.021710239988524838e-01 6.818119526588660786e-03 4.227993947996672719e-01 -4.800265548498936496e-01 1.394947762485611698e+00 6.428448194612038646e-01 -2.437968369917910549e-01
1.622548552965343699e-02 6.679641544610458448e-01 9.335512795942479958e-01 1.123091792010345591e+00 7.406791418305119779e-01 -1.783213229991104654e-01 9.637043322710179272e-01 8.516952970982731852e-01 1.271699131521469850e-01 -3.494824859410455842e-02 9.642192359313153660e-02 7.582000269046462737e-01 1.088359979145144596e+00 1.402154951576115360e+00 2.285039140735680152e-01 5.938938673690032921e-01 1.944720986492808612e-01 -7.146570361405205629e-01 1.006660914602699908e+00 4.892967342016816823e-01 1.656165780641499219e-01 -1.275407777422735145e-01 3.637161001978918562e-01 -4.342579428838893446e-02 2.648292274060009936e-03 1.280382551811106440e-01 -1.446497845382467728e+00 -4.750713713844220698e-01 -1.410677070910657804e-01 -2.350258439209050032e-01 9.974353402083679931e-01 1.187924205224334617e+00 3.560390517784554620e-01 5.914263301751985225e-01 -7.874789778032348364e-01 4.051282315234140952e-01 4.104220831304206674e-01 1.599407572978414072e+00 1.030250202750280231e+00 6.401134314373726486e-01 -8.890097782939790916e-01 1.102634981513382018e+00 2.128136611445868853e-01 -3.648521821143806410e-01 4.443140429504716105e-02 -1.843848734105256459e-01 2.861575854003167718e-01 3.406895603983693954e-01 2.683577771223779468e-02 -2.912238095461696860e-02
-4.128165295297585025e-01 2.541948640947042648e-01 -4.718344123579197302e-01 3.083237075420997009e-01 -3.524279557117280803e-01 1.486249131841098706e-02 -3.948386630408259323e-01 -1.013779281338243354e+00 -4.233105618290781691e-01 -3.087466962678270810e-01 -4.900694276144011707e-02 -2.190420406723745661e-01 -3.468446843242324329e-01 5.780708433975337845e-01 -4.075489795947960237e-01 -2.963926095494001656e-01 5.231440606200394861e-01 1.186246437241736729e+00 2.138009942774637406e-01 -3.177020218683997976e-01 -2.490836348779027487e-01 -8.845738517586505811e-02 1.664749706818936803e-01 3.336861736892001162e-01 2.487626903422309188e-01 -1.278624175535508778e-01 -7.483166731512684855e-01 4.886066545061847899e-01 -9.065787389486116288e-01 1.142497550954537200e+00 1.008741278540110052e-02 -6.963688649432689948e-01 -1.069693804305356988e+00 5.473339056460286844e-01 -5.435623634307059637e-01 -7.471731270165651306e-01 4.789916343566092416e-01 2.566445423576119156e-01 6.450727330310230823e-01 -1.114506940800275236e+00 4.274071885465498266e-02 4.217311387447450488e-01 -7.450712936967166522e-01 7.090235664106706581e-01 2.020266424827692475e-01 -1.289105103016437104e+00 1.348112754369630746e-02 2.056311978262684859e-01 4.661763510179338099e-01 -3.848665150848532002e-01
1.560116571101309635e+00 -1.899331638524695276e-01 1.212567127383349819e+00 1.317660932914413774e+00 -4.737537522324757888e-01 9.366260737737610587e-01 1.882061550523141280e+00 8.074538828775009724e-01 2.216695145658599819e-01 8.328527271454899683e-02 3.219606858948381722e-01 -3.356770692791419264e-01 1.008840690831931397e+00 1.583064199330299071e-01 9.136866770873377508e-01 2.466971348256490781e+00 9.131107668179370140e-01 7.400193310071589980e-01 2.008347735369285514e-01 1.795784313891318762e+00 1.307526140402198500e+00 1.023056404536887065e+00 9.202661158859117840e-01 6.125520920170404171e-01 5.397375868258224019e-01 -2.960698092370281365e-01 1.699209461595855508e+00 -3.618132622366508899e-01 8.400101535687799492e-01 1.131687331666606511e+00 -6.035417615476120767e-01 5.913864620038881137e-01 4.794190539590807432e-01 1.157171167436395587e+00 -4.002498628613200826e-01 1.180982405342106301e+00 5.095037806888615961e-01 1.878510460524571435e-01 1.423222171989666496e+00 -4.862393358554334410e-01 -2.135071828607887703e-02 4.579031355458738628e-01 7.756476431135194138e-01 -7.934350001618746540e-02 2.304882935125820292e-02 3.423268662028581821e-01 1.679222727391415759e+00 8.816269435988578484e-01 3.712226517172302898e-01 1.931537055349411114e+00
-2.110888175392624522e-01 1.316865289073695822e+00 -8.647299315462880775e-02 -4.301105752703827667e-01 -6.374640706587477723e-01 9.719032345628554337e-01 5.083366374232572982e-01 8.222802813449123782e-01 5.777229567889144990e-01 1.279193632551214099e+00 2.337945072432478788e-01 -2.619602527839632808e-02 3.040456915713595984e-02 -5.214967797872565453e-02 4.436222709548368615e-01 3.143946316144376474e-01 -2.436683815021048471e-01 1.028287636398603988e+00 1.678584567618284507e-01 5.989545210086655302e-01 1.056990572015974322e-01 -9.017040559510249020e-02 -1.141208042142982521e-01 -5.696644735742362881e-02 -7.714042583642000128e-02 3.882647859430959913e-01 9.921699445882242729e-01 7.103165895084803116e-01 -6.710617891378544142e-01 7.957478854203261509e-01 -1.720515592152017659e+00 9.446537218099024802e-01 -4.478172965286892349e-01 -3.106312829259705866e-01 5.452623289099739479e-01 1.006981954692694359e+00 -3.772520148127800899e-01 -3.252784851251960263e-01 -9.175817790149679021e-02 9.352370226487152216e-01 7.119037548888235145e-01 -5.163897433411786253e-02 1.120978540391961875e+00 -1.479404525478890564e+00 4.863775911549088615e-01 8.660529681607141705e-02 -1.853574349363416862e-01 -1.718196878101771463e-01 -4.174673176115910600e-01 -1.424086537994927182e-01
4.911384062851577581e-01 -1.893296495316867611e+00 -1.265307332510390514e+00 -8.684680584726056640e-01 -9.289439371979784088e-01 -5.198443995347176161e-01 2.194796411919981149e-01 -2.657701285082620171e-02 3.176355374606356641e-01 -5.037161086303623136e-01 -7.448518363415642662e-01 -7.822449766769762336e-01 -1.388075826773177424e+00 -2.007716302917024631e+00 -1.458855242832165278e+00 -6.875359100384689226e-01 -6.419486917661976211e-01 3.368231653036998785e-01 -1.220774081858897908e+00 -1.368245770905389458e+00 -1.582309019812384365e+00 -4.625945238621293615e-02 -5.749646214664710930e-01 1.675888935747545105e-01 2.067971953477717173e-01 -1.126071503382121808e+00 -1.587759496072044252e-01 -5.526255169564269210e-01 -7.406234962179547576e-01 -9.979414619002278108e-01 -1.451345587835717987e+00 -8.522601950080910260e-01 -7.540488085291131848e-02 -4.390740078718277650e-01 -8.337099907404088572e-01 -2.609825365145957421e-01 -5.874460373805518998e-01 -6.409400138587433293e-01 4.082669263081161598e-02 -2.429171604644237564e-02 -3.463285577124308179e-01 3.707813903218587503e-01 -4.087563634596478868e-01 -1.945292290255830059e+00 6.930760692712149007e-01 -1.431461950417227458e+00 -5.091255494249309344e-01 -9.278491642622610502e-01 1.483996707890345990e-01 3.442428168392251964e-01
-5.131001559846277704e-01 9.124281042499320371e-01 -1.414929195329329037e+00 8.068774196687682476e-01 -5.848545353492958787e-01 -5.797676923751093198e-02 1.225052178609951747e+00 6.550019350601860024e-01 1.024172591934977117e+00 -7.616896849085709187e-01 2.499859097457837465e-01 -1.431681499334725161e-01 2.140048213013792666e-01 8.205980434228496989e-01 1.266038951090587839e+00 4.926987467392240361e-01 -3.913076715058127347e-02 4.034247367297714160e-01 -6.724426110538087586e-01 3.169658808566219177e-01 5.919028314401613144e-01 -3.699386570223007955e-03 1.028067367873924942e+00 1.342099873419178024e+00 4.998708656908520953e-01 5.034787518519658889e-01 7.721266951408116419e-02 2.495720379591582494e-01 1.628296696453775116e-01 3.516687721925280119e-01 2.698591357930700263e-01 -6.542213974752105754e-01 2.726472079573673962e-02 -3.015476078462916432e-01 7.505355938608062605e-01 -1.761478391826090117e+00 9.906472454450409026e-01 -6.965977179411100492e-03 -7.456914906292441136e-01 1.776404290403602038e-01 -6.844049423486928685e-01 1.543248460645404885e+00 -8.452495783506734917e-01 3.075572727120897687e-01 2.028761444681529136e-01 -2.716182338994508338e-01 -3.787253845002875874e-01 2.423049754353895080e-01 8.409064896610065620e-01 -1.638055363666026942e-01
4.224319972692389680e-01 1.227508060865417638e+00 -5.591283384376957155e-01 -6.284366085556826187e-01 5.619168750060857809e-01 3.984818883221329933e-01 -7.818704035574214339e-01 5.798576617133475164e-01 -8.451460045616808470e-02 9.144738770062356137e-01 -9.658189377691822619e-01 -7.764571567847188271e-01 7.610221997439221564e-01 -5.293905422902730473e-01 -1.612280293861833469e+00 4.831239491273833786e-01 3.912891172535788997e-01 -7.166775740557943530e-01 -4.102686569671034067e-01 -2.370614490670718000e-01 6.039986539357669049e-01 -1.486826915592368188e-02 5.506017285472390999e-01 1.088592049906610959e-01 -2.375108660049473741e+00 -6.755241293741927056e-01 2.695880946683405777e-02 -6.757787453350455609e-01 -3.375573998774905049e-01 6.082319161463188850e-01 -3.665886488557555944e-01 4.276185541480747587e-01 -7.875637506186411452e-01 -4.940167074423815197e-01 1.601975406209432906e+00 -3.897941707751367835e-01 5.119838409238942623e-01 -5.528074142474644903e-01 -3.082596123340722305e-01 7.242703205723372006e-01 5.380510020987018249e-01 -8.200944669457586877e-02 3.550465071431808672e-01 -5.123193387927150733e-01 3.849087432473133896e-01 7.311513728197142070e-01 3.734411748084399130e-01 -4.008927596245598912e-01 8.823627725344271866e-01 1.508684213457914258e-01
-3.558936262310236076e-01 -1.179965916645605573e+00 -5.739320717042653008e-01 -1.164910142201406096e+00 8.308458191378271795e-01 -6.775231445279787656e-02 1.400730120712581073e-01 -1.131337397863616090e+00 -2.903287498420087931e-01 -1.202585411109282854e+00 6.003465475863550144e-02 -1.967296930615359263e-01 -6.605470141588912769e-01 2.156207891610072494e-02 -5.646316387141553372e-01 -2.020514959651080744e+00 -1.017106773022121491e+00 -5.158592621624148444e-01 2.093506592087877871e-01 -8.733494974780056097e-01 -8.958146197184144732e-01 -2.551272261617570369e-01 1.226599218215186360e+00 -7.964802340735899211e-01 -1.098374615030112578e+00 -4.410996520298269274e-01 -1.099618482262623598e+00 -2.038624608739855459e-01 5.655636142913097464e-01 -6.852366184279546912e-01 -7.848984608342859381e-01 -1.867880312134937992e-01 2.956312091339825115e-02 -6.013084786849549612e-01 -4.056620738048312136e-01 -2.852907956938439682e-01 2.678684995162223248e-01 -1.389442445058728381e+00 -3.200994225449863562e-01 1.598661583191708147e+00 3.597987509920891891e-01 -1.440400293869641857e+00 -4.532459113138008755e-01 4.565720229139821895e-02 -3.068424849025985224e-01 3.273355005137029150e-01 -3.141419166390342910e-01 -6.406170874201023713e-01 6.204811723409695556e-01 -4.720277168126806311e-01
8.919428815059754490e-01 5.374345697668149180e-01 1.102489410275812265e+00 -1.961696538698015635e-01 4.092206651355084768e-01 -3.955762018867800545e-01 6.540709894436373961e-01 7.090589929887587683e-02 5.538503164249031219e-01 2.021165374905374179e+00 9.522757309879223975e-01 -4.900472592257725246e-01 3.522291390658659482e-01 -5.790841337931092875e-02 8.356465991743535771e-01 -7.715784335519347836e-01 4.090209828931871128e-01 5.236208668544046763e-01 8.019623792950143493e-01 1.507503906094698420e+00 -2.946322670865108018e-01 2.727461182855202559e-01 -3.632622829135557785e-01 -2.863208827193999828e-01 -1.236754692826081553e-02 9.220466039469003006e-01 7.653515176101008954e-01 6.500132597206100815e-01 5.235854626361413633e-01 9.365300951425430398e-01 4.192093520736976386e-01 8.735228508524597313e-01 8.000239545175512612e-01 -3.569755114796893114e-01 1.264573960027813193e+00 6.151917136961080335e-01 5.269732129154174327e-01 1.785427205378961713e+00 1.071122591686066938e+00 2.149852930335656165e+00 1.180260839318754584e+00 1.669362001856128375e+00 1.347403570208494994e+00 4.765719612892851259e-02 -6.523758991095165438e-01 3.979939426112010792e-01 6.905458521241326919e-02 4.359043321092072598e-01 9.497479609212885476e-01 6.004751199626625624e-01
8.517401947859840061e-02 7.833286154590315409e-01 -6.164186398262879729e-01 -2.342013392614253342e-01 8.047856134890092605e-02 -5.276781665010804589e-01 -2.497547521753483990e-01 5.234637575292299116e-01 -5.747797689930975729e-01 3.240674428719287903e-01 4.659592194316786729e-01 1.196886071915864047e+00 1.614385981011590698e-01 4.318537665822535510e-01 8.214475679876209746e-01 8.497363785759981525e-01 1.454730940610360346e-01 1.209587614299001412e+00 -6.960555195386658456e-01 1.498220062763109262e-01 4.184649725124724995e-01 1.238354315166256159e+00 -4.377662812169000883e-01 -7.101496629543594397e-01 2.398937428872431610e-01 4.827852058980584560e-01 9.631180512289422291e-01 9.074682900816721798e-01 2.262302787659765391e-01 3.204814331912980152e-01 -4.576829351324201434e-01 1.604623190109294217e+00 -1.312640418914594320e-01 -9.173585426408023547e-02 -5.182300464259694817e-01 -8.912922606563304651e-02 7.521911926141277016e-01 -5.984962292655566785e-01 3.330023801643867964e-02 4.152049564069450194e-02 -3.544739258406424676e-01 4.876339839113623120e-01 1.543588011448344011e+00 -2.529232716740237308e-01 6.900187442504186752e-02 -1.389435650870393779e+00 -5.606793521436698180e-01 -3.791476480461229981e-01 9.187110284158794826e-01 6.439675894281139401e-01
1.522171055319562760e-01 1.390048264431255898e-01 7.860956820476003859e-01 1.224796879272766370e+00 1.240326890858784115e+00 2.469194882873423147e+00 -7.571258635305309070e-01 1.278987376819237465e+00 3.909165139198041428e-01 1.191241386032562799e+00 1.718813513876082943e+00 1.745069799167035418e+00 8.170398571606213300e-01 1.293756343354342642e+00 1.236291176662930313e+00 2.874990812099004756e-01 1.929741267459788023e+00 2.113009072162032265e+00 1.782371430929898248e-01 7.924800041716387744e-01 3.534121257636487767e-01 5.749871339990183516e-01 1.052329359388695096e+00 1.217040165371762628e+00 1.422811101686469515e+00 9.911531463698223243e-01 1.795000172396529869e+00 6.645045982593609235e-01 1.297168876032649854e+00 5.480159540039025723e-01 1.320573974940805417e+00 1.496614941289601486e+00 2.677983609462871728e-01 1.201619699997026336e+00 9.374863832231984384e-01 1.477366952247557652e+00 1.676811438241706309e+00 3.965346047985982003e-01 9.356134369938953199e-01 9.583775462808877821e-01 -3.553473870218684660e-01 9.486503137253211870e-02 1.691337569522903150e+00 1.831138835910448348e+00 8.749947886709869005e-01 8.584466532086586499e-01 9.504915835481607678e-01 1.309372544158678986e+00 8.527500363095988911e-01 2.825722618051811907e-01
9.663694391949766427e-01 -3.068271757975634118e-01 9.115655912579126441e-02 8.416490571686169320e-02 1.419610820585044120e-01 -5.933209488487607430e-01 7.292879658594834114e-01 2.265672480876880501e-01 1.499744019874010847e+00 4.245557133078040057e-01 -6.122035657022808497e-01 9.750788147565735420e-01 3.694111969089060032e-01 4.882236003905732757e-01 -3.221128997494602797e-01 7.132150804640861042e-01 1.713760911148165533e+00 1.919850593031061647e-01 -3.902000062022024651e-01 -3.548193574687121821e-01 -2.812134152735190074e-01 -8.227872916949262594e-01 5.132490737722318341e-01 -3.837739027125565416e-02 4.935416738197793696e-01 -5.733778704615941774e-02 -3.260292042005181745e-01 4.582479450303955648e-01 -1.725727442126261113e-01 1.114588060860611352e+00 2.117772309843478362e-01 5.693195226643662510e-01 7.626574848987399680e-01 -5.073780107114227444e-01 8.536508871652096486e-01 5.418431040739365434e-01 1.054670669789755433e+00 -5.915010268770818508e-02 -2.679700660320041283e-01 5.969607084284257459e-01 -4.811959794934095314e-01 -3.932225671525988453e-01 2.754910161025529991e-01 -5.129647730322637322e-01 -4.999517231373323267e-01 -5.660461808872954137e-01 4.352345507017502668e-01 1.946911921357200370e+00 -6.942846047406482368e-01 7.792712788720151940e-01
1.233218486149409987e+00 -7.169534533774866158e-01 2.325007883653665841e-01 2.640967886504558704e-03 -6.699434003300500651e-01 -2.332375669795057060e-01 -1.097168035236919803e-01 -1.113360918869302552e+00 7.069534550747768042e-01 -4.828695536163142288e-01 -1.189884624790116474e+00 -1.763054853696151836e-01 4.565034326401301579e-01 2.431397601111229267e-02 -1.327364837351734383e+00 6.278311600492622047e-01 -8.262224228214112287e-01 2.971544572305382936e-01 5.629813835226954444e-01 -8.940955440203740556e-01 -1.508160950840831127e+00 -4.511717958063277134e-01 -2.322993916900842337e-01 -6.749643042790693936e-01 -3.703780371062240229e-01 1.763163799589222425e-01 7.487586784531115314e-02 -1.071576736903573579e+00 -7.977114918261969667e-02 6.997411975240618032e-02 7.683901285080190213e-01 -5.850525405845578009e-01 2.295945759599372082e-01 -1.658620387239498617e-01 -4.952942743018468597e-01 -1.637805021010664941e+00 2.009848597200400988e-01 -3.353642241304242155e-01 -2.054163773277797034e-01 1.536100516361487811e+00 -1.462580071920642766e+00 -6.045526565912953121e-01 -1.504132849381431214e+00 -2.031519043466488705e-01 -4.986668599860042544e-02 -1.817256678951291102e-02 -4.092193968829127559e-01 -9.323944450721377564e-01 -3.480381163609266304e-01 -9.643179132365115036e-02
2.962006314640442395e-01 -1.202905673205405535e+00 -9.244055073909043241e-01 -4.195063712389203725e-01 -8.002946795158469850e-01 -3.749760778638113745e-01 -4.120498545327566653e-01 -7.421856103955608575e-01 -1.288500456065074573e+00 -1.856626091071160056e+00 2.323323617940407648e-01 -9.977806840850134140e-01 -2.660625044151785801e+00 -1.017566093193317478e+00 -5.785852358418830388e-01 -1.473526611007515363e+00 -5.598595731314151003e-01 -1.888358427189131689e-02 -4.489417503488160599e-01 -1.746226222074911405e+00 -3.844745382764593322e-01 -6.267524252392157047e-01 -1.234004882052997187e+00 -6.650442576072009837e-01 1.983679205333181705e-01 -8.737311386162933680e-01 -1.546204807023070504e+00 -7.450172916339041773e-01 -5.466880080643409245e-01 -7.822795391805766885e-01 -7.032628074447800914e-01 -8.659305378832958811e-01 -1.239514240258129396e+00 -1.322089150174403649e+00 -8.456726718314174773e-01 4.581084940296817898e-01 -2.045247824157467420e+00 -1.487396221354295167e-01 -8.869159421119685582e-01 -1.474977616361493826e+00 -1.171540080055254229e+00 -7.815465922070732319e-01 -5.571132544586981927e-01 -4.586090533062517349e-01 -7.156031774661280043e-01 -1.638362438994471981e+00 -2.124992796018320695e-01 -7.369077683064213513e-01 -9.226146963488631725e-01 -8.103295425610832492e-01
-1.182787744425860987e+00 8.454226084635476646e-01 8.440146721943257990e-01 1.794586430104406771e-01 5.961002199081044672e-01 3.032082951639156979e-03 -6.956815689919365608e-01 1.641294964236716947e+00 -8.508739230286047617e-01 1.048308754678132504e-01 -2.653979268340567743e-01 -6.436449801173997898e-01 -3.854971694189198161e-01 1.884522647755455249e-01 1.183611951522932637e+00 -3.465000561856770300e-01 -5.005326411939884368e-01 2.850192462715418762e-02 -1.148195078571385454e-02 6.990405717615953973e-01 1.081350392893654755e+00 -2.027272782578345645e+00 8.151636982313538171e-01 5.702306953239320159e-02 -3.282345999315738339e-01 -5.141689747841914349e-01 3.738469132782844540e-01 3.013930774659060452e-01 6.980089843163734820e-01 -3.232449164263899444e-02 -2.922439302695456487e-01 2.785664099219781753e-01 -1.592022695776824370e-01 -1.928397969759501618e-01 3.917781569665995112e-01 9.734177387839203499e-01 -5.560837741395509015e-01 -4.734583395445371434e-01 -1.696289117447371320e+00 -7.858742531431153755e-02 -3.587046973480202405e-01 6.567531192534582785e-02 6.385407128592678061e-02 -2.473441919293892788e-01 6.120129289161450187e-02 -4.731081682147290635e-01 2.503334428988079341e-01 2.061330453697881315e-01 6.034039132674253736e-01 -8.890161000078586895e-01
1.328969708766868596e+00 -2.431499750751265065e-01 -4.538503046494907212e-01 7.803458721145459798e-01 4.939255466840856146e-01 1.512900228080859444e+00 -1.135461457035193522e+00 5.764122681616823396e-01 4.868851663877392655e-01 -2.695688549898367925e-01 -1.210759572178395915e+00 -4.890002342943104985e-01 1.113314511719585065e+00 9.936816828917385269e-01 6.656432395932728729e-01 1.124880240304380496e+00 5.454339027574221094e-02 6.739401355101516389e-01 3.621054249621403209e-01 1.477990912821800784e-01 -8.054683779383104980e-01 4.958288717272816282e-01 6.119990266545594082e-01 7.214980661094418934e-01 7.429741839662432068e-02 6.632773234892999081e-01 -2.627220371460765036e-01 -1.251742665179501335e-01 1.402566690765915558e+00 1.514135780659912611e-01 4.249081169633563970e-01 6.428374981592666071e-01 6.590117071902275026e-01 -6.505347949602230395e-02 1.701275122429362630e-01 7.172701826232900923e-02 -4.292148664383200751e-01 1.258756976501804958e+00 7.447775212641447595e-01 4.593655536700855802e-01 6.520951551763121135e-01 7.623623909107403174e-01 3.221311459393054744e-01 -2.077977347638966799e-01 -1.018616059236305604e+00 -5.431378391465632033e-02 2.414244443825910025e-01 6.284390030340070155e-01 -6.189152928413657051e-01 1.333064662889736685e+00
8.207030342022003655e-01 1.886642800462720704e+00 1.009887965401907950e+00 4.087036175039867048e-01 3.705070750683302494e-01 1.386614288432673980e+00 6.071179017724673832e-01 9.255047457833259772e-01 2.510324501668904085e-01 -7.615775663089850989e-01 6.460345651930317068e-01 1.210894902671366125e-01 1.265976755848170043e+00 3.134310995275852441e-01 2.060204766384063010e-02 3.601968666615159576e-01 1.055086289927155363e+00 6.871122847137095535e-01 4.377525660323217105e-02 1.451158843702183600e-02 -4.588509801526831633e-01 -4.290192875035087061e-02 1.676609719907242724e+00 2.879632332522979454e-01 2.507084045041909626e-01 1.165660458423599666e+00 -1.141967112516974581e+00 1.279784069709530570e-01 2.077786119708274482e-01 8.449168909185638121e-01 1.848740779662995659e-01 -1.941040179364818818e-01 -4.454422135305202146e-01 1.904040609237158899e+00 -3.347816383666547130e-02 4.515643312452074509e-01 9.891128809285588686e-01 7.424668546586421503e-01 1.942117982820458222e+00 1.203728889218007803e+00 2.169084336904798516e+00 1.748900441894805369e-01 1.355856706002064593e-01 1.683364052530361255e+00 1.294249192919591840e+00 1.239493497084433793e+00 -4.698532035517462013e-01 7.415755891926471000e-01 9.452308172580490275e-01 3.206575855519954166e-01
-8.397060228265439408e-01 -6.623338919943632108e-01 -7.937704106018452777e-01 2.123506260740447849e-01 8.322014846906619079e-01 -3.888229535347211829e-01 -6.384044208285238886e-02 7.861251945328592283e-01 1.256644418943082320e+00 -7.551671486538045347e-03 1.055627388876396289e+00 6.626657247935275885e-01 1.665926107174077853e+00 2.620327801892025077e-01 4.099755325458834809e-01 8.922252408899761233e-02 -3.714502044007901571e-02 5.732084892528599429e-01 2.258785425815866277e-01 6.833747109095527072e-01 4.660369122849994938e-01 1.879927690419291864e-01 3.203500667364789778e-01 2.587385312319057107e-02 1.580280539893147873e+00 1.477669705605213712e+00 4.452915666888084822e-01 4.220828211254799567e-01 1.060220694669004038e+00 -1.807718758699418116e+00 -6.058828396191991844e-02 -2.992311899172468981e-01 3.413887461413410152e-01 -2.132578452972012650e-01 1.594880366916108461e+00 1.224878530057463166e+00 1.657918427343781920e-01 5.469471810988467686e-01 9.034047187960166925e-01 6.444345041298862320e-01 2.685314993300936814e-01 8.317848258737590150e-01 8.559882960654632278e-01 2.239147521495217161e-02 6.464191831389891618e-01 -4.069281365414890300e-02 -8.781283189108702869e-01 7.784821580274522423e-01 -3.243885544576872726e-01 8.384649320366711622e-01
-1.297117651558130635e+00 -2.522038557058733588e+00 -1.202592058403096020e+00 -1.103737842373998523e+00 -1.322778624901218558e+00 -2.080370454344774966e+00 -1.392444540431331257e+00 -2.423029987904393057e+00 -6.177769960867753873e-01 -2.212802816762073466e+00 -6.953409063700783932e-01 -1.630745531061975173e+00 -1.896355117416827385e+00 -4.125148049479038237e-01 -1.888341414701584009e+00 -2.922056450683741868e+00 -2.631222108695856043e+00 -2.028458751724517395e+00 -1.783806567390396003e+00 -1.984340783463011570e+00 -5.419128261951011716e-01 -2.152638677173804638e+00 -1.296433848883374873e+00 -1.579117581357153632e+00 -2.076998549693216845e+00 -1.558517526646948648e-01 -1.593365287357658922e+00 -1.830014098747622775e+00 -3.068735311768243434e+00 -6.927909777345788722e-01 -1.722586373145151839e+00 -3.008676462298086829e+00 -1.730900459355159127e+00 -3.936576036891428210e-01 -1.414744470561629885e+00 -8.449504969983331337e-01 -1.463045312713934454e+00 -2.435074069557704668e+00 -3.063943726444364302e+00 1.691281262230877047e-01 -2.056944209062774309e+00 -3.243746555665443676e+00 -2.057762265616567721e+00 -1.579467705507495490e+00 -1.503838668797501610e+00 -2.901029158686634801e+00 -1.707761572939116901e+00 -2.189401313965020801e+00 -9.672137694972525734e-01 -9.748483316622502670e-01
-4.741700842013501505e-01 -1.430707219326083635e-01 -6.879368536425990444e-01 -2.212757077572919395e-01 7.447389662419895418e-01 6.350803412601578879e-01 8.150462108032130448e-01 -2.313037709895283678e-01 2.756368756698860945e-01 -5.483937783573740177e-01 5.156139345352064168e-02 4.206647037753252077e-02 7.301249355706385114e-01 4.555079809917096378e-01 5.028320288090112888e-02 6.247990003056308472e-01 1.064431415110669077e+00 6.597008622281372858e-01 -1.364362378032795586e+00 1.376895582565578757e-01 -2.284391481689714010e-01 -8.688517404795324806e-02 -1.111101016043261724e+00 -1.529840701604028075e+00 2.261808216408930927e-01 -8.422006084241278993e-04 1.542885343154259958e-01 5.994240512222440698e-01 9.497784409025877839e-01 -5.018236458106662967e-01 2.041315837897819119e-01 1.940376582248822257e-01 -3.434298664171461096e-02 2.023589729894790523e-01 -1.335374568864593214e-01 -2.724369532404548044e-01 -4.029762814737924970e-01 -1.656367804269393285e-01 5.057553022506403734e-02 9.433396944766225811e-02 -1.213147754632328268e-01 5.472099731250986698e-01 -8.151845952496862557e-02 1.566830546786097123e-01 3.364088808134852449e-01 -4.831990420043852930e-01 2.128392676398090932e-01 1.135155321131444683e+00 -8.571889795690130764e-01 -1.630662824958298562e-01
-9.350088112656703698e-01 -9.031835343640651770e-01 -1.919392032676715321e+00 -5.607186844113185575e-01 -4.153585255367910345e-01 5.867863702683966398e-01 -1.421805921592435684e+00 2.128850563361886217e-01 8.884533653131096442e-02 2.981204817784045003e-01 -6.784652888896566258e-01 -4.025937649264643703e-01 -1.005633706318630027e+00 2.812773573149953132e-01 -6.263332280529629315e-02 6.969808944732217570e-01 -1.674005087983005069e+00 -1.461515989609720734e+00 1.559090199942344546e-01 -9.099479110814894245e-01 -5.759772723108348425e-01 -9.814271370832271524e-01 4.959153973075449695e-01 -1.128031934779135881e+00 6.719077363604276654e-01 5.193704098960066906e-01 -9.410524809147182701e-01 -1.451757087315550532e+00 -5.982164080898858538e-01 -1.231074792619087477e+00 6.504936642148716475e-01 -9.194494555411891756e-01 -9.888115469043888828e-01 -9.838791982215202570e-01 1.126025152125773865e-01 -2.812643332386800532e-01 -1.204053044390463567e+00 -6.084437461060979713e-01 -5.933548833730503125e-01 1.441937758857495533e+00 -9.708209581693666435e-01 -5.879613700978462143e-01 -9.609249183944637007e-01 -2.040863114769014830e-01 -1.909818252847549080e-02 -6.294378912493086009e-01 -7.354609998213932354e-01 1.533326365224310824e-02 3.655342629881244004e-02 -1.642650069955702286e-01
3.716867910658823715e-01 -4.446661925075759240e-03 -9.279573271443596061e-02 1.325297742046408933e+00 6.801694869276246891e-01 -1.636565156613257743e-01 -3.204774426751297867e-01 5.501703963992342628e-01 3.597774493375459071e-01 -5.138531146336903360e-02 1.244921374454443841e+00 1.557835259052560428e-01 2.196497250247251287e-01 4.785380491981347517e-01 9.429022977502709013e-01 1.100454849696317627e-01 -4.661232866616990544e-01 4.962648757617602602e-01 1.696682967048649682e-01 -6.473620371074269020e-01 5.309826715205089309e-01 1.945690146623961225e-01 8.405640234296067881e-01 4.684997330763213119e-01 -8.186661100392643720e-01 -1.482739905852231352e-02 1.064237917685063817e+00 1.220358602610503773e+00 3.919246101460322484e-01 2.188292511461382428e-01 -8.572473246357799059e-01 -1.762757715688206550e-01 4.077272473725826463e-01 8.216741878197971749e-01 8.277706734364346230e-01 4.794505522984179313e-01 3.332808986016108088e-01 8.935898279351072171e-01 1.601479622431594418e-01 1.276249074477819212e+00 2.346572941397091050e+00 6.592783497206683441e-01 -6.032142407399803119e-01 1.090899905667543690e+00 -5.709588061586094998e-01 -2.956677619010865121e-01 -4.570931077046252455e-01 7.949885942718484255e-01 -4.327227986044505231e-02 -2.333879564792290251e-01
6.042728499399915298e-01 -5.931698979165409558e-01 -1.872101603167420025e+00 -6.269564510787951628e-01 3.003322765751805790e-01 -1.163742842849778247e+00 7.211111756581629617e-01 4.259421521666481025e-01 -1.253723196871040058e+00 -2.014942989191506328e-01 5.622540734072475344e-01 9.937223769049562117e-02 -1.361294366039116077e-01 -9.705730943521460041e-01 -5.804057091550491876e-01 7.024546130620086537e-02 -4.159216059298666557e-01 -1.042741794182129311e+00 -9.865982845952590008e-01 -1.466931769979283429e+00 -1.334016206287345296e+00 8.336952293152947169e-01 -5.967333527401295079e-01 -1.063766778334408025e+00 -8.810522771373996420e-01 -1.187647743951379065e+00 -1.792075575376067820e-01 -6.575249969917684734e-01 4.227236665733732357e-01 -1.368299780551458955e+00 -5.717939120769346406e-01 -3.028887799150076221e-01 -6.236414095361172416e-01 7.422400054296057759e-01 -7.473580653502004401e-01 8.542906613627354595e-02 -6.269258262801621351e-01 -4.426318522135425093e-01 -1.012703353380440541e-01 -5.618041208947293086e-01 3.410677372001170160e-01 -1.074445426260993708e+00 1.064800648930262633e-01 -6.054954071729496956e-01 4.888128089691193973e-02 -8.516771708738233304e-01 -7.778971074889167170e-01 -6.497387792199265100e-01 -9.759877707328407093e-01 8.777382615252853348e-01
3.766121366317456420e-01 -2.907308682660763588e-01 4.191334496072532945e-01 1.483083365586566060e-01 1.067108201379883603e+00 1.696292081582135847e+00 1.051577336451494205e+00 3.049083284479786049e-01 4.660197635832504792e-01 8.173087690788396475e-01 1.336451351584132974e+00 -3.430558217884780992e-01 1.867858103074195864e+00 1.385362307077564470e+00 1.622824958967252096e+00 4.646875814156880002e-01 -2.564383634026848324e-01 2.045335074182692836e-01 -1.477639064871269781e-01 7.068977165420639031e-01 5.908700629783506519e-01 4.431875944574710235e-01 1.209796670948850350e+00 3.560716060313026676e-01 8.318863806825400609e-01 3.029328971639964618e-01 4.426981336555556035e-01 7.858194815356592811e-01 9.689786631802305150e-01 1.045620401975039943e-01 6.087202312327667508e-01 7.750944810232849314e-01 -1.020543486880404638e+00 -7.591451728590016268e-01 4.136266356955699969e-02 5.435736909312273157e-01 7.887565924649546645e-01 8.320879915754185729e-01 -5.685236787605499886e-01 -7.395823180192405699e-01 6.382541034586861062e-02 -1.481975854227133849e-01 2.855812825936618338e-01 -6.990970802282587826e-01 -3.838672277830031954e-01 1.073546140586651571e-01 -5.920464328655345998e-01 -3.943255402374281071e-01 1.114838571600266004e+00 2.339267548399895091e-01
1.686391429150512211e+00 8.130985322996739928e-01 8.661074200122601541e-01 9.024127604627797394e-01 -2.901101756434138618e-02 9.863797285618242094e-01 1.325260763100650996e+00 1.444542588677147021e+00 5.934223102551345885e-01 1.143842873934705073e+00 1.140978187853941561e+00 2.252316043788843647e+00 9.371441873278683055e-01 6.249750640047265771e-01 1.339489940638141086e+00 1.227114294919724680e+00 3.978955026884082868e-01 3.017238389879943750e-01 9.187783601107857301e-01 1.338440859581612630e+00 1.633716296411708235e+00 1.785769799710817396e-01 1.507378536157922611e+00 7.323956143051254530e-01 -6.190302870261077395e-01 9.751281871096493248e-01 1.337987497392292280e+00 3.478822044942613267e-01 2.661567887172088809e-01 1.092272689379738315e+00 1.931597563760862446e+00 1.116158882553261344e+00 4.203922900989189859e-01 1.460810097127975382e+00 -6.250013838551994327e-01 6.612169186637379958e-01 2.356548048688688723e+00 1.203353781924315635e+00 2.228305319944100749e+00 1.774091113566330868e+00 1.774354387388930476e+00 1.432315702466375740e+00 2.886333605757181453e-01 6.820648462979254090e-01 2.704854511224666247e+00 1.813807034551622177e+00 -1.541053704793164114e-01 -1.290981541646604724e-01 8.862226748034636170e-01 6.174246187857992396e-01
4.558539706005344527e-01 1.174283614100251283e+00 -6.299522483838109199e-01 2.110406278388250387e-02 3.229542242324248691e-01 1.642781722215370221e+00 2.181665110079128167e-01 -2.168171676501912393e-01 -1.818122003848273993e-01 2.973590350801766716e-02 -8.620225890400666779e-01 3.212386961523520656e-01 1.026586955213350194e+00 2.015199019482373163e-02 8.279085271750555863e-01 -2.214251629692505496e-01 1.108500092224658173e+00 9.097126048872046233e-01 7.694112281751550597e-01 1.735385856836532570e+00 1.485515593124349998e+00 1.505721917037791957e-01 4.141877208658678415e-03 2.694246044142049601e-01 1.069983080495968020e+00 2.134560064040119387e-01 -1.251565384584636675e-01 8.411668337233051407e-01 6.880342034815941643e-01 5.205644721611819570e-01 1.311696995931318499e+00 1.595824438211493446e+00 2.219805416042869017e-01 -4.533295422168756583e-01 -3.361335287188346732e-02 -7.719397025253572631e-01 -1.880883132210296460e-01 2.469998774630735028e+00 1.375898050075193169e+00 6.883170643334934891e-01 5.654604608523693399e-01 -7.289237610624994534e-01 2.194189506311156057e-02 -1.384379162822025888e+00 9.815922450715470760e-01 2.778886191938416601e-04 -2.797136029878644625e-01 1.600254227618670200e+00 2.025355148951547779e+00 1.201838346843035754e-01
-1.201771966648703005e+00 -1.251575314109359516e+00 -1.557880759334550724e+00 -3.008900422022083299e-01 -6.500773115717861650e-01 -5.779721415828171782e-01 -1.260888152966889830e+00 -6.776272719550288093e-01 -2.598204506885166687e+00 -9.197826090453888881e-01 -1.354706736256330535e+00 -8.443307685439551680e-01 -2.579056814196087344e-01 -8.866734874692879798e-01 -1.070308983952739545e+00 1.423932649848892174e-01 -6.243441537013215692e-01 -9.182892667219293426e-01 -6.056316464247275544e-01 -7.622830101300951400e-01 -3.050270640304403313e-01 -1.434395728314281859e+00 -7.413852434714051087e-01 -1.015757411135852051e+00 3.321165072282742936e-01 3.814620344509168648e-01 -8.449400335850986155e-01 -1.342195174643110223e+00 4.672837156041181883e-02 -9.184102845169459517e-01 -5.134713984089811500e-01 -1.031752718091002663e+00 2.462537680653903160e-01 -6.097014033556354962e-01 -4.797061329754030989e-01 -1.035095218671082229e+00 -1.569512300722258002e+00 -1.790533390992188112e+00 -9.803195387564647145e-01 -6.660656696484607009e-01 -1.184694873506150214e+00 -7.871416349862053741e-01 -5.694212577292122601e-01 -1.161713771165867826e+00 -1.339524700771419941e+00 -1.437202234201403028e+00 -1.778913365148792280e+00 -2.018208353744218364e+00 -1.822793071586318092e+00 -7.259268467071340325e-01
-8.481223383452840547e-01 -1.723576529268342761e-01 8.985207348332822086e-01 -1.900594983787133208e+00 1.239224623503954320e-01 -3.375579278790347137e-01 -1.431504508582154056e+00 2.172063943299485933e-01 -7.478844600809118059e-01 -9.291708829409996984e-01 -1.001664452582428533e+00 -8.830016906025905943e-01 6.032718754897986591e-02 -2.405924135998748437e+00 -2.203213787589311801e-01 -1.263880823807486342e+00 -2.089298235813772109e-01 5.295417692557168321e-01 -8.170115930365170476e-01 -4.521920457404234317e-01 -8.860161746972352592e-01 -1.440577981628601734e+00 -1.410825977184132718e+00 1.895222450167708628e+00 -9.444935966192519183e-01 -2.450002123436567647e-02 -5.183663477768095385e-02 -1.624058465853139843e+00 -1.541000908140397474e+00 9.846774782190350628e-01 -1.354328010993868903e+00 -1.189204976453640983e+00 -2.366507232287838214e+00 -4.330323154991961299e-01 -7.643524580967621107e-01 6.367833866750874927e-01 -1.147632486114092298e+00 1.880950164952692183e-01 8.577850013306954902e-02 -1.414287461404553747e+00 -9.403827174428979196e-01 4.244322638343916432e-01 -9.465078061663848019e-02 6.651263277140875285e-01 -9.306597771385423101e-01 -1.372808598022837057e+00 -4.034925419279388192e-01 -2.070334411412631859e+00 -2.207205104277733254e-01 1.494277137508998599e-01
1.680164871626711021e+00 8.374517718295053370e-02 5.334708948149683438e-01 8.555002676680601992e-01 5.882286654632972178e-01 8.159823353375832422e-01 5.600621448184095463e-01 1.603529527512482122e+00 8.076352305299949741e-02 9.825032157440706237e-01 -7.251079022246692540e-01 1.025639610052087869e-01 -1.844879191409972974e-01 8.246820109066455018e-01 -1.842270642224692057e-01 -9.334449131726537674e-01 3.286470462945252913e-01 -3.890796349162425893e-01 2.112024830667634800e-01 3.275227627545725939e-01 8.737551159216165875e-01 -6.693463551308487247e-01 -1.209935422360608248e+00 5.960584593479434368e-01 1.216414063086063369e+00 4.153533592146757547e-02 -4.473075365175600560e-01 1.964721313308660788e-02 -7.266079426030162824e-02 -9.240134570385782897e-02 -4.427613367774221875e-01 1.746066711397339655e-01 -4.689587823230095820e-02 1.125803671043208720e-01 1.117937250466682686e+00 -5.993833895945963608e-01 1.978618225262381847e-01 6.355052288136130434e-01 1.690358113899972814e+00 1.172419424432023183e+00 -1.114305244784500881e-01 7.859388964188998017e-01 -6.917592447444550485e-01 5.942961371197975629e-01 6.539730171331183950e-01 9.823750110428021778e-03 6.289251704883491723e-01 -2.853133953367161246e-01 1.567468465805202382e-02 -6.881308490902928732e-01
4.241244793211014774e-01 -2.931624021657550094e-01 3.643581769464710463e-01 2.090055816709569803e-02 5.655959926403817395e-01 1.471562515895482870e-01 1.995184283129989439e-02 -3.251399412509604625e-01 1.936005757753035683e-01 -2.771505889134295852e-01 -2.001137815114596707e-01 -1.354515153931888483e+00 7.163350426170334018e-01 1.884923432022408141e-01 -1.985551938911872261e-01 7.566508259683542015e-01 -6.125971458760415267e-01 -4.702475650285521391e-01 8.790444193882992474e-01 -2.405332148828567274e-01 -1.592765224876277363e+00 -2.142741820155444621e-01 -1.245276258189129459e+00 -2.622712683071780626e-01 7.462082340779303824e-02 -1.610592752371718728e+00 -5.428566863931243436e-01 -2.715263557309641196e-01 2.244735949419133236e-01 -7.439319292979871268e-01 7.083761092590882269e-01 3.493066913689158448e-01 -7.502728031586605728e-02 1.430287999593771175e-02 -2.153566313327794024e+00 -4.972861720177209066e-01 -2.379256416353156545e-01 -9.045846159831181232e-01 -8.786125235832649150e-01 -5.264639971808470209e-01 -8.892337217041476061e-01 -7.124763637163067376e-01 4.192512987568010052e-01 5.808273192308105459e-01 7.584344269748384271e-01 4.232530161751368869e-01 -7.588392930604134223e-01 -1.100837903784057881e+00 -1.553634340531450109e-01 -1.524778525222794667e-01
2.827184505488156696e-01 1.595622724261803960e+00 1.564035408572264751e+00 1.735781864018014042e+00 1.104532086678147174e+00 1.432610626007197130e+00 -2.883811898488032877e-01 1.241730731963664125e+00 2.407042846828778782e+00 1.392008021272959750e+00 9.696470516075369472e-01 1.437219741177169219e+00 2.863905109005758232e-01 1.106502916030553285e+00 6.730199659620860198e-01 7.936886925863839704e-01 6.688017795089215012e-01 -5.564851133748053291e-01 1.726556024560378155e+00 1.495607999734198446e+00 1.660432204158819758e+00 1.833273641505162921e+00 1.788811969153099923e+00 2.168000267118906255e+00 8.789839077381883525e-02 6.185836238978952295e-01 2.696510834130479761e+00 -4.671215658642319801e-01 1.227955702750219702e+00 5.629692185617404254e-01 -1.652886759560668051e-01 2.085607380441982350e+00 4.679271748103540074e-01 -6.726695168686320538e-03 5.852728342584290200e-01 1.667440647514512708e+00 1.030659083694932754e+00 1.653758047419609634e+00 7.462637016245970978e-01 1.014368378603658138e+00 1.175397876160642063e+00 2.948082800697861550e-01 1.580034658984367457e+00 2.629705126474544130e-01 1.565684874003445026e+00 6.017290373919628177e-01 2.099721343955478936e+00 5.212853865023066025e-01 6.835245660174952276e-01 1.934221335784240603e+00
-3.123014744727378167e-01 -8.539879901010682950e-01 -1.797241002962524092e+00 -5.718538816992702056e-01 -3.067068257858547309e-01 2.665754624383830443e-02 -2.050792674379546821e-01 -5.106387240464237420e-01 1.938464336606038563e+00 -2.344505969733402528e-01 -8.947422728294076588e-01 -8.770118058403987282e-01 -1.531847359337057124e-01 5.280027527856986369e-01 -7.436294266435434785e-01 -9.040571618944701071e-02 -1.569490250574948342e-01 -7.006440784948784195e-01 -2.109852834221678464e+00 9.666295122625349068e-01 -1.081928904386185025e-01 2.714097072175850056e-01 -1.217138520025859982e+00 -3.904283870450043215e-01 -1.479111603796092966e+00 2.058178681936268517e-01 -1.023001636735885400e+00 1.872580367325651918e-01 -1.894380279469082717e+00 2.551706718869806156e-01 -3.018745401614961743e-01 -1.598098593404692971e-02 -1.030634968178512745e+00 5.408989214030833770e-01 -5.557291632561008887e-01 -7.599612640151103271e-01 -8.316926342677414263e-01 -7.443017881800889635e-02 -4.427571930536371853e-02 -3.505328692983393779e-01 -1.516638368396783454e+00 -2.652761856676108532e-01 1.290589819862804077e+00 1.043032973018384268e+00 -8.861529729629787910e-01 -3.365247538953574646e-01 -8.074460956247011545e-01 1.216203759694101771e+00 -1.053563753780325074e+00 -2.073577294557230610e-01
1.448516173814611285e+00 -9.458710267804935901e-02 5.909357546357953961e-01 7.016489214813685926e-01 3.506198913905136383e-01 1.313923106232695315e-01 -3.198648126304000083e-01 4.562577540132468634e-01 3.905380607558068401e-02 -4.008993322497638734e-01 5.536649549361281203e-02 6.614285741304609667e-01 3.790209413988657738e-01 4.084830030371134901e-01 7.180957286850740695e-02 4.081281901115878935e-02 6.783219134857780830e-01 1.433437267009685323e+00 -1.095904636297015511e+00 1.102386324447725441e+00 -4.253050738002585596e-01 1.619369038477006528e-01 3.699959387874007244e-01 7.345962341317699984e-01 -1.712363317598285806e-01 -1.186803037538162853e+00 9.587734269142910160e-01 5.773017055704710021e-01 -4.884657220284383539e-01 6.542317964298638433e-01 1.750655480164611533e-01 -3.373035232361888403e-01 1.512834765187594188e+00 -1.110147779170748139e-01 6.115945649919384275e-01 6.059980871686091453e-01 1.104833584131714730e+00 -2.041038505762568511e-01 -1.605512907371608455e-01 -7.429595690441671563e-01 1.287758212918017620e-01 -4.014089021821083958e-01 9.884311259855012022e-01 -1.384064561608719934e+00 1.081501730365327818e+00 4.886464723361399476e-01 -1.222719470847110523e+00 8.299099285501549961e-01 -1.676843155860032186e-01 4.855088389817012462e-03
-5.101019705003424498e-01 -1.839821647432719059e-02 -3.360604488646502519e-01 -3.129356351601870756e-01 1.812206122399319663e-01 -5.687371546464488059e-01 1.073531192463534623e-01 -3.508700471048281089e-01 -3.875725582545013759e-01 2.411746526099098342e-01 2.612928581681029927e-01 -8.121830335077590002e-02 1.977013933985076743e-01 -9.818667590025684788e-01 -4.941154685190922158e-01 3.695996989876103589e-01 -8.535888951970498351e-01 -8.670302329494576632e-02 -4.306633165631768012e-01 -9.334979981429873952e-01 6.672192361164163144e-01 -1.466963549988363980e+00 -2.788032030169523834e-01 -6.935898192711430488e-01 -6.562530517626273818e-01 -4.431947775937754019e-01 7.053472857674106811e-01 -8.701212772852233712e-01 -1.401590675559296895e-01 -6.784011674870494835e-01 -1.458364103436009751e+00 8.135885837006801014e-01 -1.637760958989576521e+00 -4.550065150438631356e-01 -2.868733168654875043e-01 -3.347143212391110456e-01 4.426053596896040720e-01 -1.636363193280913342e-01 -1.275362212130950468e+00 -1.962364113588151104e+00 -1.040298187397751262e+00 4.660529374361027100e-01 2.235725211020780367e-01 -8.765875537441973897e-01 -4.364371296758794427e-01 -2.813551096302843724e-01 3.660078675402949622e-01 -9.511346365161854610e-01 8.115185467936401054e-01 1.086409442146834825e-01
7.574291474753529485e-01 1.000349471386511313e+00 7.276224014007125485e-01 -5.254069156497434001e-01 1.601889532720344178e+00 8.610565715717037882e-01 1.578881617111550284e+00 1.367371333825110780e+00 1.017672692418296831e+00 2.440521542422424695e-01 -5.996340752980144906e-01 -1.100487558340074168e+00 -7.512385505175714906e-01 -5.798632538694247218e-01 5.064794752614726336e-02 -1.616585498361260143e-01 5.206416593933592685e-01 8.442841103964884297e-01 -9.838703061211608869e-01 -2.163344658749400740e+00 -5.701090557774639578e-01 -8.372702758236177933e-01 -4.450008817046443022e-01 9.842701809355650644e-01 -1.373527878171164174e+00 -7.173525600145960746e-03 -3.283575360512844266e-01 2.726407741416654873e-01 2.985653901030242974e-01 7.880704007792844745e-01 -3.488896037836717312e-01 -1.268197338368018290e+00 9.267569186609239673e-02 -4.422778881036735776e-01 -5.326633898544407275e-01 1.102342131682791937e+00 -6.133821770345299074e-01 1.327036643328736165e-01 1.414976272232771060e-01 1.429928615608625775e-01 -9.309303211817890888e-01 -7.775399826023050853e-03 -7.362804419319420868e-01 -9.620123924132915061e-01 -9.117182378104672358e-01 9.906956377247404244e-02 4.451605130314934544e-01 -5.466818092209704272e-01 -1.163136445963248278e+00 -4.921917308318934925e-01
1.032742018113538052e+00 1.177150401645266076e+00 1.932266295637693254e+00 1.513964491167869575e-01 1.550919699795598961e+00 1.043299289254024931e+00 2.552663895179505538e-01 1.240753736136500418e+00 1.183694879990466742e+00 7.014707876776105078e-01 1.006923352305129638e-01 7.936630154194317388e-01 4.595567160622112124e-01 -4.174653718830140248e-01 -6.561345796351542026e-02 -5.015234039757240359e-01 -8.685533365005678741e-01 8.390334842681995697e-01 1.093641832579177242e+00 1.930118230209093566e+00 4.125614183197479079e-01 4.489537325659462286e-01 -3.121327464455282974e-01 -3.289817769479495002e-01 -1.552166380539367951e+00 6.577843529173054149e-01 4.125879009112695117e-01 -1.014755088679778067e-01 1.349591898490879183e-01 3.641079460562816061e-01 -1.434140692754360402e-01 9.386253459744479111e-01 9.912971148603657578e-01 -2.561557644840820047e-01 -2.267033323832222114e-01 9.726187618598050033e-01 -3.675201640168465622e-01 1.482232076090491124e-01 5.412274660141241922e-02 1.183820923442372858e-01 4.212855954744109122e-01 1.008494992106116761e-01 -4.565715533694247874e-01 -4.166499809243769115e-02 2.080603115150517490e-01 2.206533647007172527e-01 1.085821316153298799e+00 -5.905964244168090405e-01 -4.677685977807706785e-01 8.855033487721336583e-02
1.279716856794186342e+00 1.708011303183435414e+00 -6.587591957865013281e-01 2.566012441456245519e+00 8.957313411649077128e-01 1.541432226728315813e+00 2.110894706961114586e+00 1.120419844034507895e+00 8.240567847420423586e-01 7.073992095208304631e-01 9.963505178098658321e-02 1.568060914031138120e+00 -1.720225595082059133e-01 -7.179137161408004619e-01 1.618516679292162641e-01 -1.310907342048520663e+00 -9.532959531327217517e-01 8.030361984069691594e-01 1.401789938892410659e+00 5.218468634167795495e-01 -6.359588613219413489e-01 -5.518961121296962480e-01 -1.081290311866093257e+00 -1.687144881079117309e-01 -1.160526367290541094e-01 1.548312468385338869e-01 -1.775800053291942959e-01 -4.899897008301815071e-01 -4.791742509019460972e-01 1.229336846495677760e+00 1.426639439960551703e-01 -5.257052671708978275e-01 6.608912249607297451e-02 1.048493802035956657e+00 2.771222206392091880e-02 1.301701185151243001e+00 -7.244570471441247328e-01 -2.592821120521152656e-01 -3.802971777883652482e-01 3.559047467348289695e-01 -1.228528231937290771e+00 -1.415561190422902627e+00 6.441541454205432782e-01 -1.470326504417829083e+00 2.536967393881867094e-01 -1.079099128837602395e+00 -3.073595031823745938e-01 2.221244831362089167e-01 -8.307198449145142966e-03 5.716032630207623644e-01
1.035962294777891035e+00 8.777540361158601145e-01 1.827946262077895012e+00 1.342952132583576264e+00 6.526103779289758045e-01 1.311348912831234781e+00 4.696830809914680493e-01 -4.116080459839244199e-03 1.991187732099980678e+00 8.742446201923883553e-01 1.121469548605954047e+00 -9.494862875003260427e-01 -5.701506338289653586e-01 -1.276902851276657258e-01 1.105650189629855840e+00 -1.685583493740073491e-01 -1.293983880245763940e+00 -4.331225467989718303e-01 -2.409240933740344204e-01 -3.826704242692958169e-01 -1.140260338785604288e+00 7.159663639213232900e-01 1.530829707647851867e+00 8.456500774132320597e-01 4.601258365948397433e-01 -3.620592824161092405e-03 7.999682345692512575e-01 6.971286792549150624e-01 5.912910854700209606e-01 -1.526245913687209778e-02 2.504101332496151411e-01 -3.654452236462635284e-01 2.361786331701468469e-02 -1.102217565303528490e-01 -6.437626337031504553e-01 -2.165443149461953112e-02 4.005179854296057607e-01 -4.319708398669639959e-01 4.933418636409178104e-01 8.443717897322975396e-01 1.043199463031314167e+00 5.786766605537498054e-02 4.942329034589718062e-02 1.291082115899925498e+00 3.020591377295940849e-01 -4.116790291887759135e-01 5.508525046348077686e-02 -1.423335635192150006e+00 -3.306688496769322194e-01 -5.208337994465664922e-01
1.833039616115078374e+00 8.580925363019448193e-01 1.984773732195017626e-01 1.802839893217758949e+00 4.700643620318013527e-01 2.383657733641062482e+00 8.730942840335658151e-01 7.705268688206367012e-01 1.527700964289596897e+00 3.821796382165419947e-01 5.152812720050220507e-02 -3.913346578580553237e-01 -6.084138673063094194e-01 -1.032096004772165232e+00 6.320708402662900127e-01 2.629666116978434665e-01 -1.239543425970676960e-01 -1.156366155011856689e+00 -1.584155378180169604e+00 -5.542110106974789119e-01 -3.555605677187297919e-01 -1.195033002220673435e+00 2.504092875660638429e-01 -1.772344611889215882e+00 -2.782765760331016858e-01 -3.061235860254765129e-01 -1.134438527697530646e-01 -5.153512792561046885e-01 -3.935985515095672543e-02 1.666272690882954211e-01 -3.880644781603061477e-01 2.621810593899143171e-01 -8.129809797294232920e-01 -2.020547714292554975e+00 -1.427151142535625139e+00 6.292308344246003715e-01 4.735053528943830581e-02 5.195529587579064135e-01 -7.123944236003393327e-01 -1.736986533216740680e+00 -8.392684977284174674e-02 -3.059451348403603999e-01 -2.119052971688782649e-01 -9.791168471428609577e-01 -1.352493893842315609e-01 8.211059789899810557e-02 -6.365150908351950854e-01 1.203985609912004984e+00 -4.198747340818408946e-01 2.083371575617857241e-01
1.351143524592844702e+00 1.910104418171109986e+00 1.376415003445997653e+00 1.777163321903744375e+00 1.309907751779097351e+00 1.229289772300667716e+00 2.062282144928682115e+00 1.652492268100401951e+00 1.039486456367100908e+00 3.733953870109416595e-01 -1.946537934407584491e-01 2.287426676778684664e-01 1.496588113411834398e+00 1.436615768015742312e+00 9.577425002146872091e-01 7.880675102539006494e-01 1.607969570162382400e+00 -3.702541801524548148e-01 8.587547556023236162e-01 4.015312399067197946e-01 -1.160826910325472722e-01 1.055962175991278063e+00 3.057688157768835291e-01 2.849833366082355490e-01 3.271142461182999228e-01 4.423568817433447542e-01 7.563025184307023974e-01 8.665235823532352333e-01 1.280734350127400445e+00 6.065445777175220154e-01 2.218256318641691038e+00 2.352285404405983771e-01 5.817651984021339311e-03 5.027169092249625382e-02 2.209072397977537572e-01 1.314657619015079160e+00 5.725280676662250490e-02 -3.602717116581751755e-01 3.965479597476065932e-01 9.287364132547807349e-01 7.721708867511054564e-01 7.520253272595258665e-01 2.000406557238732841e+00 1.802148716573364950e+00 1.307957309562489012e+00 8.770749388675290747e-01 7.092354381137965236e-01 3.473867087863020120e-01 8.040141516098354701e-01 6.980149029964692886e-01
2.301471576909604799e+00 2.169421748449701148e+00 1.605225066556475344e+00 1.337652497636024229e+00 1.021379644186621638e+00 3.162408376983218528e+00 1.811422320427554356e+00 1.820144512336155485e+00 1.593379712302859463e+00 2.493340228224529831e+00 6.506047596047926929e-01 8.215503809477520125e-01 6.053932520721044819e-01 1.493173325576477861e+00 9.473043894166717216e-01 -2.150569327631909333e-01 1.549140007359206539e-01 1.341021305647952078e+00 2.822880053317660676e-01 4.840303243157836888e-01 7.935620819756492583e-01 5.385848848939345235e-01 6.917095657254724861e-01 1.087649040616077478e+00 1.098098285819608888e+00 1.007847764371068600e+00 1.038987442025934405e+00 3.009809387473634246e-01 9.097917192202292780e-01 1.381529289081565304e-01 8.073824297629664803e-01 1.351036976055065786e+00 4.732092814767884792e-01 8.614552475382543095e-01 1.206860999813746060e+00 1.174330340429620589e+00 5.285412799806882278e-01 -6.439654538125352268e-01 1.071374933042592778e-02 1.703612598816024448e+00 5.795910097112225712e-01 1.705873417760386701e+00 1.389088815662623766e+00 1.063085255440397336e+00 1.918900483054169603e+00 2.935052833189618626e-01 1.051493368599043299e+00 6.726473050625968453e-01 5.542632534854179394e-01 1.974137592979231970e+00
3.240083156588688951e-01 -7.232386316747014821e-01 -2.098103004408764516e-01 -2.401880416807229413e-01 1.442135463444549348e-01 5.996075989899916081e-01 -5.855822861837109983e-01 6.944505634708275643e-01 1.161761227074985525e+00 -1.089560446326945264e+00 2.389061479659778664e-01 -1.132574666433794119e+00 -1.257341116340095599e+00 -1.636354668230338927e+00 -5.899438250702300213e-01 -1.466843056226499464e-01 -2.412713822438905087e+00 -1.361645759373912634e+00 -8.167145156582635845e-01 -1.422373077887176596e+00 -5.838823236178343201e-01 1.006405200881897721e-01 -1.726802216487660413e+00 -6.473565513449036635e-01 -6.673004859324757065e-01 -1.497028573659877848e+00 -1.026409585600068564e+00 -9.296029010138675552e-01 -1.133110484898024461e+00 -1.733812482187889970e+00 -4.953866132276425471e-01 -1.733684522984062504e+00 -1.017326657165740444e+00 -7.666597911715580249e-01 -1.139314056846549184e+00 -5.867463311520715319e-01 -9.748642804813030249e-01 -1.623222916020031770e+00 -8.338981430325068667e-01 -5.850539030104847660e-01 1.947655462076079702e-01 -6.894930043456594104e-01 1.624435381691890778e-01 -5.055909985585881339e-01 7.808469576294375658e-01 -1.006290988318729873e+00 -5.456616511613439080e-01 -1.725932343130391677e+00 -1.654250218944758322e+00 -1.684958526585398797e+00
2.121572116910616312e+00 1.441603717676596563e+00 5.892664817804849076e-02 1.559385003889591559e+00 1.549333437054227325e+00 7.943537946050591714e-01 1.877078083903509498e+00 8.703992909809453726e-01 1.841116458596216088e+00 1.686328342312992890e+00 3.278689906688296851e-01 7.467922429600263312e-01 -6.049271154442678045e-01 1.391983010071758953e-01 1.057825893781223492e+00 -2.064959023020740136e-01 1.084960622510430017e+00 -6.637407625348695772e-01 1.293991642246145879e-01 2.724947781774351707e-01 1.578353183119669101e+00 1.377912394008977026e+00 1.226417693380063900e+00 4.553132755883007032e-01 2.218214428650944897e-02 9.593458197607757088e-01 3.387959004380027284e-01 1.424515735994111409e+00 5.390049842581988715e-01 4.866857799167698118e-01 -9.456633760237886932e-01 -5.531750178045341526e-02 -4.701528730769198305e-01 1.068037161635859933e+00 8.556153797825951646e-01 -1.024098851398690807e-01 1.081611194037328527e+00 9.237666506904316233e-01 -8.082603983673398718e-01 8.228018564412863389e-01 -3.037407824075444851e-01 -5.294862750490555992e-02 1.044695204765751839e+00 5.908311879564956959e-01 -5.415814833796476213e-01 -6.327379082512042396e-01 1.377244460233993495e+00 8.110935332955918620e-01 -5.389055952079278011e-01 1.876316734985679080e+00
1.329376023939168316e+00 2.518474896704877786e+00 1.703546702340558827e+00 2.517879972931863719e+00 4.374382949780053487e-01 7.653613810914227100e-01 4.629911104309424319e-01 2.486097279507243352e-01 -7.707652554497879116e-02 2.404557724360338877e-01 -8.884948716621550169e-01 -1.038768557142971449e+00 1.617906342235256034e-01 2.618449560717876490e-01 -7.076590132423851154e-01 -1.029595097951777172e+00 -4.587891752105273113e-01 -9.906298339427469513e-01 8.762631375934949451e-01 -2.367768523293536376e-01 7.601420094229841551e-01 2.682062105531984320e-01 -1.259452345071311874e-01 5.342057460467851682e-01 -5.745081184018381304e-01 6.557555717294966113e-01 -1.519820810882944462e-01 1.907530422945280246e-01 9.069183669983078566e-01 5.890745748396336579e-01 5.083567306007130693e-01 4.994402991652285850e-01 -8.803638024812281138e-02 -1.238873220093105187e+00 6.621394210447169304e-02 -3.703432885993149237e-01 -1.172899818119969240e+00 -6.123725346551761595e-01 -7.607323027931469639e-01 -2.111075438900082979e-01 3.002924923570073901e-01 2.154986454685648423e-01 -9.162375135165090612e-01 -2.149348801190608185e-02 -1.061921483929425314e+00 9.583833405155008089e-02 -7.844314487835836458e-02 -5.619199326187966637e-02 -9.211421209216775763e-01 -1.191034266900680150e+00
1.369715250220920888e-01 1.952460831685763898e-01 1.321996624943472254e+00 -1.179821987173563791e-01 1.703391498934181847e+00 2.889081704060731948e-01 1.040045352069709717e+00 1.600334596797497344e+00 2.762779701310637659e+00 6.268112254545012973e-01 1.018952546135262871e+00 3.685941101983281065e-01 3.851973027335313104e-01 -1.260881064301184462e-01 5.297482621645946965e-01 3.640196665454665803e-01 -1.442779286627585977e-01 -1.379775720409189166e+00 1.056550870661207425e-01 5.353733008812555649e-01 4.796910753535939542e-01 2.175726167404589961e-01 5.249319776601338861e-01 1.714330208038930270e-01 -1.523583427816494473e-01 3.438084899297760288e-01 4.853314751640351865e-01 -4.924584285249207771e-01 9.869042724171283032e-01 1.253510323716989561e+00 -4.359131778067447671e-01 7.770253613263770065e-01 7.537362605531836568e-01 -2.929649872691749701e-01 6.270284423665029028e-01 3.509902421565162522e-01 3.633395737242677281e-01 -2.972219264902474789e-01 -6.004213921469182536e-01 -3.471604639317420471e-01 6.099962861932887170e-01 8.555397111890598039e-01 4.126365355431194093e-02 1.202966953576353859e+00 -9.904889017052893596e-01 4.943409134351325340e-01 9.255137030564982714e-01 1.045910708229079944e+00 -5.508829191884623278e-01 1.528869717273797883e-02
2.119000652274107832e-01 -6.128156112640881226e-02 -1.092876317168693934e-01 -3.057783421784094902e-01 -1.970836412916354696e-02 1.318686416582273369e+00 1.031404903729040479e+00 -6.609253151794109993e-01 1.084640311082032404e-01 8.488325018083812123e-01 -1.615300142466840949e+00 3.084116030188697177e-01 5.840336649635942123e-01 -4.939327494077985770e-01 -1.086486390368471389e+00 4.417448272204284321e-02 -3.845800082127428469e-03 -3.644589697563439534e-01 -1.185102479156354693e+00 8.015588247804683597e-02 -2.346376464492081482e+00 -1.521819466341699290e+00 -9.463582406832213856e-01 -9.946367728117567752e-01 -8.799801515757523784e-01 -8.747908936443040684e-01 -5.035000802187025171e-01 6.218287693710821545e-02 -6.606148162688457726e-01 -1.169957493875039278e-01 -1.330016024577617695e-01 -1.009882625727689831e+00 -1.102111213819550128e+00 6.900747279903430842e-01 -8.383139382701391140e-01 -8.740037115984253813e-01 -1.581354933007769636e+00 -1.007399097563291157e+00 -1.431217817244288870e+00 -9.534762915818567608e-01 -4.644218927351947968e-01 -1.142456786980939665e+00 -6.842673420359871583e-01 -1.298720106921487760e+00 -4.133210376647905582e-01 -2.222793548668439811e+00 -1.140247744788932760e+00 8.704062515071963047e-01 -9.672908052806997725e-01 -9.765010826247036979e-01
-5.583327241696562915e-01 -1.463864271185553179e+00 -8.218833312211133446e-01 -2.742030248094207145e-02 -3.710059844082991276e-02 -1.262316208736534495e+00 9.292820981358115295e-01 -8.625319259738659650e-01 2.899574437970162677e-01 -1.010883378091060880e-01 -5.416461698201975317e-01 -2.114669485463039678e+00 -1.295654809436335819e+00 -7.010931623364490273e-01 -2.005381078300201292e+00 -5.878770503234607148e-01 -1.747057129137629561e+00 -9.447106523814237100e-01 -2.738211760865172373e-01 -1.184609660008062670e+00 -1.775170766251412902e+00 -1.903586498426356410e+00 -9.778492901976592044e-01 -2.352095121385954890e+00 -2.932726476548321304e-01 -9.046162916630396955e-01 -2.531090411124518602e-01 1.180810968671504035e-01 -1.650709680388490641e+00 -2.539789354719294234e+00 -5.100283250342768637e-01 -6.939688728596573597e-01 -1.276477095332916978e+00 -7.633605813599158019e-01 -9.116025691245248641e-01 -1.817907367163087207e+00 -8.164642545988035627e-01 -2.001151339387905459e+00 -1.208152447830096010e+00 -4.840380724119280331e-01 -1.186389692132674201e+00 -2.466360716821806687e+00 -1.547739997863044614e+00 -1.712305645156343870e+00 -2.800186645522872553e+00 -1.997230866097721824e+00 -4.579897002782442605e-01 -1.550603296508347828e+00 -2.276811140560768276e+00 -1.000298253335291099e+00
2.483687909974792607e+00 2.923367393905059952e+00 2.623738631808902433e+00 2.172913895167496445e+00 1.073697638659294906e+00 1.105874790375811267e+00 2.271466843166925820e+00 2.507791904258788840e+00 1.335824505895777614e+00 2.604788872077840267e+00 1.189817085337146363e+00 -3.942848094495821631e-01 1.085037697577232035e-01 6.916738409102435314e-01 1.078142954327216074e+00 1.626392680181221184e+00 2.771201457719892347e-01 6.401090737068459990e-01 4.474064541658350769e-01 3.343372283363155173e-01 1.567899679013106340e+00 1.977879317973560980e+00 1.389850659421578261e+00 1.373202924046517115e+00 1.003284582247749634e+00 2.807967069348731304e-01 1.464812797867144800e+00 9.688920070416844332e-01 1.326792691720925177e+00 1.262091750462591033e+00 2.107633533255365066e+00 9.024166599349212614e-01 1.247637520390364685e+00 -2.173103412253628852e-01 1.880128702190821066e+00 8.412008963460896327e-01 1.932648321140178149e+00 9.288821773284159367e-01 1.180969312986145603e+00 1.921592895921349076e+00 2.432869438185178090e+00 1.749288406116775052e+00 1.162736266192542889e+00 1.914916890276270323e+00 2.606810727032848884e-01 5.141493092479263449e-01 1.647914272327823504e+00 2.011529763086636446e+00 2.032202437072688550e+00 9.301698268113319790e-01
1.276171685951383417e+00 1.175707886139164993e+00 2.574334479777199647e+00 2.655312134524076217e+00 1.050671248784059264e+00 2.171755701700277541e+00 4.540433996149992879e-01 1.990837221497010034e+00 2.930936756608713445e+00 2.084735654273091043e+00 1.282150457847879732e+00 1.864151224172643451e+00 1.329354471016727546e+00 1.651161400354735687e+00 1.561425019747520349e+00 2.194558602369814260e+00 2.049740779920554257e+00 1.632319539889681703e+00 1.637795431301559690e+00 9.239395619289616501e-01 1.644061016362646566e+00 2.130227996481523611e+00 1.075489437254874447e+00 1.132231956121872996e+00 1.822625092996131624e+00 1.188418444394740314e+00 4.936686470322791398e-01 7.810219460567262573e-01 -1.644663965207120160e-01 1.934458739523384763e+00 1.637745793249731907e+00 1.495384994826947311e+00 1.673525773802100325e+00 -3.680011098282053861e-01 -4.690538903576216972e-02 1.615029539389282176e+00 5.314232397252751650e-01 4.842996587617798832e-01 2.042133369933258447e+00 1.398012570041420988e+00 1.814066502873211251e+00 9.449794517701683993e-01 2.065103306889581047e-01 1.888397303413333450e+00 1.327480978206395879e+00 1.003910136775432838e+00 8.928247663879717022e-01 1.472740852014080115e+00 2.530621317344310395e-01 5.381943154679066366e-01
8.665813654306042668e-01 1.410224933802216807e+00 2.070615196488316823e+00 1.667749552464209639e+00 2.180982124947766998e+00 1.814305038051211127e+00 3.279834120254263574e+00 1.578376234693705360e+00 6.508631990647055776e-01 1.211166724246861559e+00 -2.625453967111275877e-01 1.106835617019224394e+00 1.834972805246531946e+00 2.045666297946490353e+00 9.170118627907303255e-01 -6.381149078332358782e-01 3.776546466310212180e-01 2.586030183871474986e-01 -1.362367147054363903e+00 1.737196059724033459e+00 -4.094486784632475791e-03 9.630990596551368688e-01 2.710772036520912587e-01 -6.165622922649383053e-02 -5.576928726769602163e-01 1.471081837775970770e-02 7.611192835790886457e-01 1.184910400751375104e+00 -2.950897833320159092e-01 -1.389219198107278230e-01 2.912859810001202088e-01 2.334142243725124272e-02 -5.964288804849051662e-01 -1.247317348119586500e+00 -5.003798629533010578e-01 1.564999213076415208e+00 -2.821693018200145953e-01 8.234775322219963778e-01 -1.824055624672371867e-01 -2.712298573271665694e-02 3.976737005304435968e-01 1.084425698516383152e+00 -1.900668348680728537e-02 1.008703527955789436e+00 1.916864292358276545e-01 4.434118612706847151e-01 -6.230163657502220120e-01 3.302313862637098474e-01 2.067310974533978829e+00 1.496173617893507446e+00
1.183820922477510029e+00 8.355051628196618063e-01 2.985389277815113207e+00 8.482380172736270207e-01 1.143256868796388437e+00 1.778629402576957341e+00 1.144099285021644929e+00 3.317096983516380160e+00 -1.296673349663923780e-01 5.110370356841842376e-01 -2.122888802016203169e-01 8.528587689763923452e-01 9.959964693693051929e-01 6.615536450172927463e-01 4.128731713268774667e-02 -1.275043593979342083e+00 1.754440399974826148e+00 2.629362361255950797e-01 4.940625654953779700e-01 7.013852604409488711e-02 9.035621565099212493e-02 1.382440424380943389e+00 8.100578536242850625e-01 -7.848985542460626963e-01 4.439074481439004849e-01 -1.048517120377350127e-03 6.120759963270993032e-01 3.905773595334925408e-01 2.232159280773720125e-02 6.853863798001663676e-01 9.662242192931649321e-01 1.196731725973226718e-01 -6.317114104928297502e-01 6.789055706101605470e-01 5.290548920883813011e-01 7.038022135570278781e-01 -1.905234342182397511e-01 3.076024359207316650e-01 5.723826310479130930e-01 2.330191376924387325e-01 7.081560276342458993e-01 1.018908872273573074e+00 7.519499195360430759e-03 6.812247959782126161e-01 1.334572992763379151e+00 1.628861215391108397e+00 1.134179375922011790e+00 5.960217652286458057e-01 9.522116858717085686e-01 9.683054064615383982e-01
3.295304898134937543e-01 3.019013245156265679e-02 6.755902276980008114e-01 -2.074503270461187654e-01 4.843394958645638182e-01 -5.480991878665530948e-02 1.100346225972112180e+00 3.898638735455669524e-01 -9.185699696658522484e-02 -2.427211960982305072e-01 -1.099220918253329460e+00 -1.258970478124457948e+00 -6.542885042980230992e-01 -8.352463822790032744e-01 -1.005920654290621385e+00 -1.413132304737588107e+00 -1.122262364909759835e+00 -9.830735598620148341e-01 -1.001182230699277476e+00 -2.760935062670290208e+00 -7.476427624029370334e-01 -4.472616040121171199e-01 -5.767095040103522585e-01 -5.986642858930611988e-01 -6.178230241313122928e-01 -8.557064016114138694e-01 1.025731847253030515e-01 -1.743612920324724425e-01 -1.709265853628604281e+00 -3.478814952914229819e-01 -2.234899978241561502e+00 -2.007186043079124405e-01 -1.326052012303462924e+00 -2.130450122451180428e-01 -9.137876937870340610e-01 -1.899629328143993989e+00 1.130467896557769969e-01 -1.455765939399941367e+00 -7.847755245808718527e-02 -1.957748955774426536e-01 -1.119082228113871480e+00 -5.806597493416430777e-02 -6.617202590986774255e-03 -9.573943063249306107e-01 -3.659215628226963335e-01 -4.988772189715789951e-01 -3.125253380702223138e-01 -5.094439575073967941e-01 3.565746158486476913e-01 -1.322469769577974130e+00
6.475275424172890482e-01 1.421653878812037863e+00 1.218418771646857524e-01 1.360213946223943760e-01 -5.678809088536311833e-01 9.983416450357159855e-01 1.172907780142997680e+00 4.795961899057873401e-01 1.829042277505382952e+00 -4.010218327055610210e-01 -2.136008861747515475e+00 -9.882724887438917305e-01 5.595875191064414444e-01 -6.508284387381565450e-01 2.838834799541453124e-01 -3.908714389670817635e-01 -6.535230410924062205e-01 -2.220908949824764167e-01 -6.870543276379170727e-01 -3.162210119419333054e-01 -1.175323611947560964e+00 -6.741283484746143362e-01 9.944252513639696700e-02 -1.209839160683204573e-01 -9.807820931401830533e-01 -1.586211139420434790e+00 -4.014489305864492041e-01 3.728250263657008623e-01 -2.227728887737212560e-01 -1.877419393816623927e-01 2.679984416764598087e-01 -9.035441985607561843e-01 -1.598055932739515850e+00 -5.977781011913269049e-01 2.083255195998675591e-01 1.039300483266603292e+00 -1.381407081938738957e+00 3.024334644140537764e-01 -7.801208496518947655e-01 -6.855284885314026910e-01 -7.721920024778915481e-01 -1.566462416571456906e-01 -3.488155176306679262e-01 -7.909563914842496768e-01 -1.264651875879791998e+00 -8.892798345700577700e-01 2.017484646596331976e-01 1.133185104703333446e+00 4.391025648157105832e-01 9.798946170477697004e-01
1.830841978332149900e+00 1.480210943843859761e+00 1.675164580880310172e+00 1.227921930551238106e+00 -5.514434718920724343e-01 1.477690447248225736e+00 1.302439320249080268e+00 6.079752577655909151e-01 5.912578164602242392e-01 1.955944047644713191e-01 5.157641497526126856e-02 7.290623608774239317e-01 1.410325712133937426e+00 -6.634860317620467907e-01 -2.899230205109983860e-01 1.735786703724394031e-01 1.008971268865092696e+00 -8.655323011207503026e-01 8.634943722300064683e-01 5.216639605491526499e-01 -5.628779853539079836e-01 5.090295575153778174e-01 2.167469219765585375e-01 3.657018894002086462e-01 6.747514336003542779e-01 1.772376180800073087e+00 -7.483547152158902260e-02 1.034338394036990350e+00 3.785719336929634360e-01 -4.217046773780048774e-01 -5.619473502090389649e-01 1.355318638152026578e-01 -3.987284558554430314e-01 1.271268846798172758e+00 9.433642210914996440e-01 1.094411798241862632e+00 1.041316986022860380e+00 2.790323723208443241e-01 7.329202778543623953e-02 -5.758991935466513112e-01 3.130656707258570037e-01 2.879433375214985324e-01 3.010378326864639464e-01 2.530331045364403453e-01 1.989048703183432243e-01 1.203912552318471274e+00 5.572454320737916245e-01 1.689316513301540423e+00 -3.001801201372314987e-01 3.191035643048689696e-01
2.382694843963102826e+00 1.400320281587059679e+00 2.033214047640258482e+00 1.780444795095299515e+00 1.629109117530245676e+00 2.002968159309677088e+00 2.954118335903000769e+00 2.377802645327404818e+00 2.158285085256688607e+00 2.079303748747556746e+00 1.310484928401686844e+00 1.136224101931201158e+00 1.055834653486573238e+00 1.607471513457346068e+00 1.408079730956399045e+00 8.283463706523144232e-01 4.108609096752878775e-01 5.288437531243116441e-01 1.195210180161637714e+00 8.042709008002837390e-01 1.743997606504673836e+00 1.893230865032113241e+00 1.090187328290133761e+00 1.600180423674477659e+00 1.860768738031456593e+00 1.479313692594246943e+00 1.361830568015938603e+00 2.071396742352984433e+00 2.643514573009648760e+00 1.131642174317905258e+00 -5.776358587223660024e-01 6.787898585460542256e-01 8.145180950767934025e-01 6.038563968300079132e-01 8.106977252748200913e-01 4.857180114194759035e-01 1.082563722242181094e-02 1.329238315937410375e+00 6.018890485110968136e-01 1.611746374872403020e+00 6.195762418021836249e-01 1.230788967872365802e+00 2.522195018469621797e+00 8.350185339435315379e-01 1.029021389696511468e+00 1.885164769356958203e+00 -5.290329935417061868e-01 1.472094190422937210e+00 2.251090281740210752e+00 9.323618428934831170e-01
1.826892292800720519e+00 2.885674756004569907e+00 2.610489184440171417e+00 2.482057744097291518e+00 2.639818989227588730e+00 2.280027556114326615e+00 1.420083562455620951e+00 2.545830728252179931e+00 2.472118159888932354e+00 2.001505812109441784e+00 1.500526260514606358e+00 1.347613411515870441e+00 2.359222802596880886e+00 6.690758876821667478e-01 1.667970781859743346e+00 7.731003052049695290e-01 1.811255445011999088e+00 1.380770568887420113e+00 7.781540924658585379e-01 1.226856530236220877e+00 1.569535476279387387e+00 1.169251495559795018e+00 -3.049662125347973179e-02 4.396377920553626861e-01 1.564666911025986762e+00 1.274804804177875672e+00 8.221573754142507129e-01 1.817580163645747815e+00 1.591067562280992664e+00 -6.179070604269844003e-01 1.041479926368809039e+00 3.048654143587761767e-01 8.580394717141116567e-01 2.125576846863289404e+00 1.138675804765771904e+00 1.193062862358906351e+00 1.303771932803584166e+00 1.880062219523737532e+00 7.383731932858677016e-01 8.023961319728202257e-01 1.249355140908299022e+00 1.085044997834073044e+00 8.654370176234930101e-01 1.115755247089866620e+00 1.080928131053449759e+00 2.058456086598634105e+00 7.467229173607480286e-01 1.862460284074765271e+00 1.947555319461644618e+00 -8.165696840923014621e-01
7.352354220131410711e-01 -6.148240480823321530e-01 1.342682071811588607e+00 1.367687370768340793e+00 -2.111230579415589670e+00 -8.117157409815183300e-01 -9.839512020426588457e-02 1.469903788674987721e+00 -4.157282566151621062e-02 -1.602247144156850212e+00 -4.268894962571816998e-01 -2.976164905163495300e-01 -1.671088411275728713e+00 3.717117956933047584e-01 -7.943156527115168286e-01 -1.397823234972778828e+00 4.998532763921778588e-01 -7.263752984131665036e-01 2.350415627455037793e-01 -1.151890843790816188e+00 4.843876570920372521e-02 -9.770874864312922847e-01 1.008293974340377097e-01 -1.307039763732532389e+00 -4.816160425997809691e-01 1.137637183224008419e+00 -1.327071429165771255e+00 -7.455440713884188275e-01 8.852374745546895407e-02 -4.396814128406487665e-01 -1.112918389965979804e+00 -1.108866892785553171e+00 -3.498937387094411267e-01 -4.310501295262635368e-01 -1.266504133855282044e+00 -7.199821261935749339e-01 2.593801243776395760e-01 -5.992288677159436638e-02 -5.683349294904441740e-01 -1.533913018065388156e-01 -5.277727158136871211e-01 -8.925603598829479068e-02 -1.223186002705824338e+00 -1.325736421762453432e+00 5.725318787063427006e-01 -6.016657166612785490e-01 -1.316024036288774735e+00 -9.253882957052198543e-01 3.285045882432841569e-01 -6.182175556000464312e-01
-1.036971753691375842e-01 9.352597795816999238e-01 -8.177734190585606022e-02 -7.946069608153667474e-01 5.068670228004030776e-01 1.411245300607088415e+00 1.056893560571009250e+00 1.065900628450836329e+00 8.485781119239033110e-03 1.148169927146329927e+00 -8.923668598749132097e-02 -2.094960826967041945e-02 -2.189314016400487894e-01 -1.922365374510835112e+00 -1.323081971432874315e+00 -7.061438017364474184e-01 -8.375546936348321481e-01 -1.600279532552484563e+00 -1.151505911517788361e+00 -6.377322806808294331e-01 -3.896067142206816047e-01 -9.183178496593347173e-01 -9.198983597196178641e-01 -9.283855614632406661e-02 -1.322829215468659614e+00 6.889279576244253800e-01 -2.992653122303697705e-02 3.061716394841756950e-01 -1.321159939529815031e+00 -7.316587780826230292e-01 -7.992229512175262895e-01 9.559327697086861253e-01 4.228310333770841645e-01 -5.635182910770504261e-01 -8.280298756550269479e-01 2.350837245722025293e-01 2.938261638222116057e-01 -1.556001357149930375e-01 -8.083110394596819681e-01 -1.217976044502627531e+00 -5.459835156889393526e-02 -4.387536194234222808e-01 -6.373561208182362825e-02 1.817116520782584843e-01 -7.703155325910167051e-01 6.680513048674946788e-03 -9.903654371135749424e-01 3.229917738344870726e-01 1.963564014328755547e-01 2.458053428404882168e-01
2.754901322251988027e+00 3.302295194713499971e+00 2.766502928660049321e+00 2.323410185570943032e+00 2.375672746032271299e+00 2.942639735664482004e+00 2.383605837638590685e+00 3.058973107593995433e+00 4.353012460199662925e+00 2.789465932006601090e+00 2.591727376440881248e+00 2.143262361978087505e+00 1.339058824101174716e+00 3.021474744269095680e+00 4.275581250930279964e+00 4.360624326547377083e-01 1.988048310664563667e+00 1.964274702849840182e+00 2.759344379297790084e-01 1.960149623274820785e+00 1.524199809598588695e+00 1.168089801761923896e+00 1.630930671122876596e+00 1.680262162512231594e+00 1.210921375604906647e+00 2.320136969191636922e+00 2.024954159716444213e+00 1.344595382751152091e+00 1.170196538048406731e+00 6.154832070297723279e-01 1.694239818059632086e+00 1.477367568219200011e+00 6.879359857158868774e-01 1.079648707042465849e+00 3.200368834490092684e+00 1.792890530502002200e+00 7.980608742842686398e-01 1.923736520352572033e+00 2.243644559974536712e+00 1.538855343993319691e+00 1.652575957785636485e+00 1.880298906052409125e+00 2.322713935208294611e+00 2.369456001418178026e+00 2.449270896551153154e+00 2.525549436480174048e+00 2.224120159572469557e+00 2.518027600471659522e+00 7.590879514805018990e-01 2.767573115093157732e+00
4.347854050524775360e-01 -1.739705105703137633e-02 2.489616029087836635e-01 1.936133182943313713e-01 3.722904038438501484e-01 -4.469755647049031833e-01 1.113730396429460479e+00 6.041361310754840286e-01 1.082288761812657540e-01 1.561644985919109496e+00 -4.746446187276299744e-01 -3.660291969988763161e-02 1.274933829946058583e-01 -1.109762242950036892e+00 -5.895544122359225314e-01 2.953933936049600861e-01 -1.631144653881306361e+00 -3.998535049802787733e-01 -1.300155088230964040e+00 2.200719624918140438e-01 -5.061743083965062340e-01 -2.315723299042815875e-01 -8.943036596093196788e-01 -1.755708806975727176e+00 -7.068506118954854811e-01 1.188164639984636700e-01 8.873127521837020915e-01 -8.601685424091513044e-01 -1.007494886158987191e+00 5.827238029624954851e-01 2.407590624778042920e-02 -1.017216686534138520e-01 -3.707838701879963283e-02 -8.522798999003057263e-01 2.746903261407435681e-01 -8.313766699938369698e-01 -1.436552981711264776e+00 -8.651136243926752512e-01 -9.190139864484344612e-01 7.469083665290014995e-01 -9.243046619796527197e-02 -4.648061989404708161e-01 -8.426213754552407398e-01 9.621659900249837083e-01 -1.105628096810217453e+00 2.647457998898626874e-01 1.380514355084944134e+00 -2.899524306401384810e-01 -2.965587925521531720e-01 -1.150246026222324192e+00
1.213854072068236478e+00 1.596880550319233372e+00 1.969538083816126051e+00 1.769339594520394243e+00 1.935331334661771985e+00 2.592701720008225408e+00 2.212886482482554040e+00 1.950123761697812208e+00 1.490614281021096499e+00 1.799803845952902659e+00 5.495174961931359459e-01 1.596457868133918545e+00 1.146291777182622207e+00 2.182052946769386104e+00 -1.627810992618392572e-01 1.294006576106789153e+00 9.844782235768360090e-01 9.231353662636705426e-01 2.345765926184986583e+00 2.600656434541749995e+00 5.918287755377839021e-01 1.227450015865262811e+00 6.559208392891965334e-01 9.717042638484045813e-01 -7.544454057840723760e-01 1.826244819811069453e+00 2.049781968590041803e+00 1.296436079838524158e+00 2.051340959406063202e+00 1.620989373756397400e+00 1.188075309568685345e+00 2.906097644423497606e-01 1.026590451341801713e-01 5.824481852376366398e-01 -5.312855411716427279e-01 1.010365163344277839e+00 3.008268901523995176e+00 1.921272341411607076e+00 1.358872275434747090e+00 1.399723388058755180e+00 1.975516058641782147e+00 7.342865412719523643e-01 1.651895401816514175e+00 9.338280824317055639e-01 1.211689978791182565e+00 2.002541393453250773e+00 7.394683223038776010e-01 1.268797539850129885e+00 1.792136833535285412e+00 2.430533693328489786e+00
1.228610253143580744e+00 3.019798249995453432e-02 4.061826670724593136e-01 2.484024646269837877e-01 1.385644812093662637e-01 2.574766239672335866e-01 8.833937893866306013e-01 -6.517876055156339721e-01 8.619052883931838105e-01 8.747890832403131256e-01 -7.698242364850461650e-01 -1.163818293300774576e+00 -6.983531199025276859e-01 -1.134088261559236671e-01 -9.876615446137556598e-01 2.406662551402282968e-01 -2.672093620955225401e-01 -2.046651570403499876e-01 -9.839401285630955396e-01 -2.364513184223390851e+00 2.986839807173363170e-01 -1.894322072236566956e-01 -9.930150856233539713e-02 -1.237224241877500130e+00 -6.081570090239160065e-01 -1.587999371625346823e-01 -1.313489803619697638e-01 -6.250817504916987843e-01 -3.258216886278619828e-01 -5.541249804094859899e-01 -8.295821292775643618e-01 2.902592234069756479e-03 -1.295964058656540407e+00 -7.978914816021297485e-01 -9.854123043684058780e-01 -7.302574107220701771e-01 5.706727481169279192e-01 -2.908975280947539432e-01 4.789249429847127204e-01 -7.088380106492168098e-01 -2.414936235314256052e+00 -1.597494436453941180e+00 -6.365681398249790623e-01 -8.375375228478444400e-01 -1.129796215485518118e+00 -1.267547818745628385e+00 -1.823926046172183180e-01 -1.667118497259762466e-01 -7.010355173871741785e-01 -1.645567546256230251e-01
1.233408858835844502e+00 1.447707110189471846e+00 1.286844069958239078e+00 1.512371518610596599e+00 1.387854680757280690e+00 1.554367905270936268e+00 1.284747571186724446e+00 1.538162697233099285e+00 1.846474842374948189e+00 2.268653350231755184e+00 -3.635055743092958647e-01 2.156013914510666041e-01 1.270806592317228034e+00 1.373567206927810869e+00 -1.341800490666749113e-01 1.542949110939488833e+00 1.236316987419031621e+00 8.075900427072789656e-01 -5.036250332665670459e-02 7.022471122784046393e-01 1.240066539594494532e+00 6.639477246617880857e-01 2.007290665041378652e+00 5.207445583565113029e-02 1.172162032947681842e+00 5.731047621584333118e-01 1.566336008570750060e-01 8.240706371999031998e-02 -6.338272147641290082e-04 1.841264394165218254e+00 5.621127821495632837e-01 -1.860632945205198119e-01 8.762065837674182234e-01 1.683598260234595356e+00 1.460513836337232085e+00 -2.302560975231277285e-01 7.208738798751955779e-01 7.494293844006357785e-01 8.927223853410534149e-01 5.759129316915522212e-01 -5.827525544675770108e-01 1.077819024638047907e+00 3.517310303378807235e-01 2.548397547846049105e-01 7.549893423917491964e-01 4.342713139820568169e-01 -1.985091196738777708e-01 1.218465023397500513e+00 5.773835889666376620e-01 1.488189236453987263e+00
4.835805494572579244e-01 7.769638414752416677e-01 3.715979719914375146e-01 1.157982114755243597e+00 1.033801929595913105e+00 -1.428933861545051975e-01 2.217419009044907074e+00 6.916923701725521401e-01 1.097437280851958130e+00 6.868831288658070466e-01 -3.437297198880441274e-01 6.280177039488414881e-01 6.513379048634335700e-01 -7.485169697529465704e-01 6.786571876442071272e-01 1.519493986399253371e+00 3.487255176559106440e-02 -3.151756770096446614e-01 7.798353435741377238e-02 8.875889758166944921e-01 -4.056381970468699721e-02 -3.362519216562189772e-01 -1.146872067428372777e+00 8.969843584038030837e-01 -1.469149144394024331e+00 -1.139522521218112039e-01 -1.300645475293556563e+00 1.622459293850189999e-01 -5.587855805727046654e-01 3.805336838307128433e-01 -1.810712185769050853e-01 5.862494432369489417e-01 -4.541700589023743573e-02 1.954573793753711097e-01 2.648661410188763443e-01 1.401761846542911583e+00 1.372552796476691206e-01 4.959426053656361411e-02 1.853815247769474428e-01 -1.304580042287210473e+00 -2.638295563800883287e-02 1.465477911082981421e+00 -1.363309670402023777e+00 -2.745729948648927277e-01 5.553712151960717991e-01 3.482472346540038122e-01 3.331532447348349857e-01 -9.028597933460162650e-02 4.266127142608332479e-01 -9.915714899912757563e-01
1.364307183268733459e+00 2.731617339489306184e-01 -3.580344824652237357e-01 4.587576775615975766e-02 4.707980891781416988e-01 3.891265897157674125e-01 -5.923602853304099636e-01 1.126324580652674934e+00 -1.201722650727186092e-01 -3.179287488593256494e-01 -1.745171105423660718e+00 -1.026314027807482265e+00 -8.473696712831458866e-01 1.233460495020957254e-01 -1.065586469725998131e-01 -1.395715733318595664e+00 -2.564878509830226805e-01 4.791342951312915210e-01 -4.798613696329567246e-01 1.812208122208773253e-01 -9.788957769200329340e-01 -2.279461065021188559e-01 -1.338306990450826239e+00 -9.696792060340653219e-01 -1.244066377968348514e+00 5.357398377231858966e-01 -2.295362647489780916e-01 -5.875146787622682609e-01 -1.601266575477370058e+00 -4.069422799809258029e-01 -4.010420430379482148e-01 -1.125691530163774434e+00 3.404482587063074051e-01 2.251877057379928215e-01 -5.255892025934189027e-01 -1.509598236694186468e+00 -5.214736542081723769e-01 8.851192812749785199e-01 -4.646265258050564229e-01 -2.299580458072828792e-01 -1.431533761641773650e-01 -5.618216292504337739e-01 -5.478162616201500690e-01 -1.067399555512637210e+00 -4.319283345476009894e-01 4.821672560278735670e-03 -1.944086172453369565e+00 -3.195532988474512059e-01 -1.779390194799474134e+00 6.850610407115551581e-01
3.401168427043808062e+00 2.890908138341528044e+00 2.281649257096556305e+00 2.883957949714679891e+00 3.028903451473929476e+00 3.178043028507193224e+00 2.465813851174734062e+00 2.791017819101353048e+00 2.885936655812733953e+00 2.836302868507067032e+00 1.134782242653649353e+00 1.993819017763752699e+00 2.032978829585752489e+00 2.930751272968282972e+00 2.333690754323765493e+00 2.396073702064750233e+00 2.104606210542117051e+00 3.185478106728814485e+00 2.313630961937656938e+00 2.789757715876621802e+00 3.462711278726638309e+00 1.472282388696019462e+00 2.457167692218850341e+00 2.533997572355861205e+00 2.057370511367262456e+00 1.612090365304513107e+00 1.918300403173353041e+00 1.868682014690221882e+00 3.184278863722136865e+00 1.364676809372530109e+00 1.990221477583480336e+00 2.588277846368049140e+00 2.279055402580313583e+00 1.840089273252748958e+00 1.379713392418947082e+00 3.292311473367403263e+00 5.358497326448176112e-01 1.888453132836746207e+00 1.682177749787561405e+00 2.344262331370542185e+00 3.844858139769461225e+00 1.346425953996507108e+00 2.831329743397663190e+00 3.083184928118421819e+00 1.689508349346205085e+00 2.720513301500717684e+00 1.886635160648376663e+00 2.619325489458663725e+00 1.657425069418905883e+00 1.170094930613341910e+00
1.337178369666409239e+00 -4.481024560201023466e-01 1.135027497617617120e+00 6.017448656138835172e-02 1.542544471903717795e+00 5.645168373272893003e-01 5.040130467309986706e-01 -9.399170837018711033e-01 -2.723132190442738576e-01 6.660685673754225267e-01 -3.728459324151686127e-01 -1.706922735256861667e-01 -1.008797586543398239e+00 -4.534606882174607723e-02 -9.983598590082461144e-02 5.267513415770490592e-01 -1.713079408861963859e-01 -6.123401510680811510e-01 7.614197327262381965e-01 -1.952378705957013016e-01 -1.584403170344013789e+00 8.575579927199784569e-01 -4.085010353168215813e-01 1.930998125900661444e-01 -1.494466203054949094e-01 7.367718631905754156e-01 -5.752552568959876655e-01 2.016290829236333237e-01 2.132095219690597343e-01 6.169050048738556891e-01 -1.080646770227962516e+00 -2.128067847165051041e-01 7.017274520739120724e-01 2.140542985215976579e-01 -6.173284817828422755e-01 6.521922036012727242e-01 -1.313344212113743747e+00 1.790064137396019939e-01 -5.383156162086245589e-01 -1.519212687138638218e+00 2.276817874052420032e-01 1.523545612944817995e-01 -1.451955148456516576e-01 -3.217643616825450192e-01 -3.982259995612530412e-01 -1.011662719488322093e+00 -7.311606957223861780e-01 -5.057559020905649794e-01 1.298494504451677578e+00 -5.499410655866235897e-01
-5.299306090799418278e-01 -5.788299468933935099e-01 2.230480982066870510e+00 1.062086206131315658e+00 2.296634637327908957e-01 1.135054936048378593e+00 -4.794962506368771749e-02 1.169638837756011851e+00 1.447075312243424339e+00 -4.051454823883238188e-01 2.023279166378212923e-01 -5.062710441612644496e-01 -8.442914346974084161e-01 4.986057876739956041e-01 -1.716431483197035923e-01 2.402999997293421841e-01 -8.117886133861564046e-02 2.070073928409009167e-01 3.240240505957155959e-01 -6.041439144317075627e-01 8.448737155141777810e-01 -2.538461940676145501e-01 4.916681919828336800e-01 -2.435379041017194379e-01 2.273014663120929979e-01 -6.115959320852135672e-01 -4.198152472757780973e-02 -1.644023308519576843e-01 5.802931881052413310e-01 2.000564782637202776e-01 3.409491760816943939e-01 7.963871654037835146e-01 1.064744362522351606e+00 -1.010505869990560246e+00 -2.859011413900121035e-01 -3.232400654627749087e-02 -4.783144815567362818e-01 1.328752299613229493e-01 -1.122116876753637804e+00 4.569401632735056729e-02 8.635292496758327774e-01 -7.661858419345284332e-01 5.103497718470025868e-01 -1.456115759650689956e+00 -4.460075948938548307e-01 -1.026534383048083754e+00 -5.232239296600343925e-01 7.983806676480816877e-01 -2.154404969263843395e-01 3.096990296052209990e-01
4.869087134228222702e-02 -6.379872238821138186e-01 -8.995023593186246558e-02 -9.690550789936880349e-02 -2.813621077221408751e-01 2.711798152181290611e-01 -8.202079763278737889e-01 -3.366877016598288641e-01 6.662697325685917882e-02 1.597342922155915446e+00 -8.542023658875352865e-01 -4.081720983462940877e-01 -7.285324875513244924e-01 -9.571453950430108826e-01 -6.901423235136436851e-01 -9.308921939548474578e-01 -7.299478967802569551e-01 -7.889770180347230877e-01 -3.750188086902823681e-01 -1.532950555850155938e+00 1.099626545490067775e+00 2.154892549759188369e-01 -1.116624929676478306e+00 -1.677314627635761113e+00 -1.714399949539007872e+00 -1.811000737546545336e+00 -7.307082295506769354e-01 -1.668917560743236717e+00 3.065656052084268432e-02 -7.330826668871398555e-01 -2.496066166337959080e-01 -5.120986325327755440e-01 1.291056380266380199e-01 -3.430764469252579607e-01 -4.863507824870349494e-01 5.301860928011608437e-02 -1.220296158501791073e+00 1.867878353482792797e-01 -3.439243982438118796e-01 -3.043401442756434316e-01 -4.594999392739836930e-01 -2.777081118128290060e-01 -2.915743691154910611e-01 -9.175789043350568441e-01 6.027065275468824757e-01 4.363857882927636433e-01 5.025624147149966303e-01 -1.377807715965610580e+00 -5.648344538629453959e-01 -5.069919257115843569e-01
1.234407965011328212e+00 6.587503309764755066e-01 1.842291121308401447e+00 8.625961366405420216e-01 8.260653287355474994e-01 1.168505260698609938e+00 4.081130729236388532e-01 1.443421467197038011e+00 1.193631851184298265e+00 5.658654032012211399e-01 -4.623958813706452453e-01 1.160420120800170318e+00 1.994835803822042619e-01 9.144389854254122429e-01 -7.882042977849302093e-03 6.191386616932984845e-03 6.936833826388073554e-01 -1.588976002955790889e-01 -8.001059502470371232e-01 -9.968180486796683615e-02 3.359541105205688938e-01 1.338840017020462625e+00 -1.006455537256922828e+00 -2.927373706733273351e-01 3.965006584223805808e-01 -7.383423424886467190e-01 1.113007903489614314e+00 1.423936388590674396e+00 8.402810354567875617e-01 5.918076246839695242e-01 1.103592244928870425e+00 -2.715774910315779112e-01 9.249915417137790641e-01 7.813578033065211592e-01 -6.318753683508012697e-01 6.309034159455794155e-01 4.497544367338999760e-01 4.422055219036894469e-01 9.906826010815338313e-01 6.535498024725120425e-01 1.265886445784765391e+00 3.299199365213678625e-01 -5.743998817725406436e-01 5.055792539062868851e-01 -8.167210529239743444e-01 1.464387684786962351e+00 7.818403244229557014e-01 5.523185986504878242e-01 -4.481070863659844528e-01 -2.553328226818902744e-02
-1.448877954235232579e-01 1.645160728430646868e-01 7.349594081229534615e-01 7.830631554004086059e-01 -3.965257853919745834e-01 5.729576833519754997e-01 1.909036087295038708e+00 1.768742955874530676e+00 2.303228401091516053e-01 6.007493810927595490e-01 -9.114824231181039016e-01 -1.035623367035075404e+00 -1.111374162432563484e+00 -2.458657348760641959e-01 -4.994664688522882923e-01 -1.983242605798852365e+00 -8.430909212040429979e-02 -1.696033311657410003e-01 -3.851944142734160109e-02 -3.781941458482876994e-01 -2.954639994564547956e-01 -7.451598101103135141e-02 -8.706905819504658917e-01 -1.037197629730623127e+00 -6.438052340001447771e-01 3.072620637228452023e-01 4.205097668533233080e-01 -7.893883059483543241e-02 -1.473308906591272172e-01 -9.148887451743717980e-01 4.636447623633606074e-01 -1.861964516739008160e-02 1.564276706634462888e-01 1.796015416282289445e-01 -8.133170283262161071e-01 3.881590249768485101e-01 9.587066326588090659e-01 -1.157028000721918248e+00 3.710689297508193984e-01 -6.821290399783106473e-01 -6.125547504018817868e-01 -9.036884689067467002e-01 -7.179039409287431006e-01 -2.384342949030793246e+00 -1.352165369004951101e+00 3.815270541775687141e-01 -7.791205161217608088e-01 -3.416558995774942042e-01 -5.120083238020983751e-01 -1.404550233221989464e+00
5.856823066168544978e-01 -6.965304396268088283e-01 9.791694193763815779e-01 1.661639696134781907e+00 1.136767966486164294e+00 8.532684456334679313e-01 9.714064504717865312e-01 1.082067768820949905e+00 1.864395398896473433e-01 3.396187713513223461e-01 -1.059461822905433115e-01 -1.343713530447306681e+00 -4.849586343786428944e-01 -8.048455702582082427e-01 -1.875426237460914858e-01 7.539527295435425325e-01 2.114420670353836240e-01 7.861603691399143834e-01 -1.191586480805373549e+00 -9.678498180962207265e-01 -2.279616062010182409e-01 1.884560992932090007e-01 -3.097753872082203430e-01 -1.300035758320649215e+00 -1.116826513499845186e+00 -4.391148742289800455e-01 -1.020095433352395720e+00 -5.140510541709399778e-02 -9.889025811063778537e-01 7.912416549954386369e-01 -3.289817651913410912e-01 -1.079793869681672375e-01 5.140232628513864421e-01 -2.561503859350950929e-01 4.424040449485061588e-01 -2.920053196925610495e-01 -8.774813232544147468e-01 -1.442551465944329037e+00 4.733650370309833710e-01 6.018656751976864810e-02 -2.835281814364283726e+00 -9.131899725436215531e-01 -7.563940609925537961e-01 -8.535902993055803911e-01 -2.192205395278729735e-02 2.575082244179982549e-01 -7.674877046712078599e-01 -4.524314105154925159e-01 -1.307226408964742292e+00 4.064617801648438139e-02
1.616205886867458918e+00 1.403399191203755114e+00 1.850783962557631668e+00 2.001026452650732423e+00 2.450012487074615830e+00 1.696205017428694450e+00 1.447864856955442203e+00 8.140245931299636695e-01 2.311500726105315984e+00 1.910019126851279836e+00 8.602176831706526139e-01 -4.339128068817603434e-02 -2.294887217915748401e-01 -7.077338614766796043e-01 -5.495531193224143518e-01 -1.557677184815921267e-01 1.546169318702185880e+00 3.621814867408862937e-01 2.088966073498166320e+00 7.260897866040728621e-01 -2.641641995835891307e-02 -4.542664094387142693e-01 5.450327404926286201e-01 5.491191522563952931e-01 1.067703085359536841e+00 1.418564818689080909e+00 1.294458123740597655e+00 5.711703095554883092e-01 -8.748634285972078928e-01 1.008637367044907807e+00 9.016602796497464878e-01 6.914843185108291435e-01 2.579964308662252917e-02 2.018755945076432246e-01 3.865069550692816769e-01 1.089894135504294370e+00 -2.183171585217443256e-01 2.099640918118799604e+00 -6.105097347522173701e-01 1.616708407998576069e-01 8.632755965958178734e-01 -3.352248966321395574e-01 1.084224342112111383e+00 2.888116885853050375e-01 -6.568926556172145492e-01 -5.116494475804067577e-01 9.365372045998721084e-01 9.311934438895798083e-01 9.192020747545788240e-01 1.256870458335294538e+00
2.080036700121976168e+00 2.135495737859520737e+00 1.417155515633074847e+00 1.588308423632089461e+00 1.496900783739319785e+00 2.458379861396411847e+00 1.439055786939299031e+00 1.332527041191322370e+00 2.457963699339691388e+00 2.514770225537819925e+00 1.453528279395370992e+00 -2.382169366866771221e-01 1.210286424982855102e+00 6.808945310294645115e-01 1.351563744716282711e+00 3.827766153682009564e-01 3.546172095927893619e-01 5.285415413808580709e-01 1.940594364115145187e-01 1.457937417552766179e+00 1.892807568944750995e+00 7.510117066311438050e-01 1.004911180267426651e+00 -1.202055497229153752e-01 1.791949176387293896e+00 -5.735922027888210595e-01 -1.262992712613176041e-02 9.504149670257199256e-01 3.056516568903489550e-01 -2.371998686103295728e-01 1.613426150712737428e+00 -1.297739742869518931e-01 5.167719451935544051e-01 -3.344013426505806352e-01 3.798600202800969106e-01 5.305901445849837694e-01 1.277813664167013030e+00 1.847634343813813862e+00 1.460238498919429029e+00 -5.027027657656610860e-01 1.003101310912886568e+00 3.196659558406030888e-01 -2.034284619516774917e-01 6.586778804529945797e-01 4.398352574224810296e-01 1.364911428450156894e+00 -9.948794974319082884e-01 4.013697057376653388e-01 3.950846402280908665e-01 9.723388410434788964e-01
-4.809297648434274208e-01 -3.176230815717224765e-01 -5.751313616900304293e-01 3.955669232216325604e-01 -1.004023831413409784e-01 1.323521302768025931e-01 -5.218537069589532784e-01 1.912352582114040800e-01 -5.874995384873653581e-01 -1.003153588533161500e+00 -1.086324456691080798e+00 -6.316002848334471009e-01 -8.837208687502169369e-01 -9.963244340242825015e-01 -5.735976441327674813e-01 -5.008357526099734003e-02 -2.610561129220960730e+00 -6.723495182895740108e-01 -1.193049688706484535e+00 -2.718581408492271034e-01 -8.230508802717672046e-01 -1.775518895738753322e+00 -1.635786465822647973e+00 -1.269770450621318991e+00 -1.269822688631013552e+00 -1.498315796519197107e+00 -5.608827836729006755e-01 -9.598311734755314850e-01 -1.339297212117345204e+00 -2.510896397388005852e+00 -1.086814977519843017e+00 -2.822291014203518689e+00 -1.769451622623500642e+00 -7.031047806827922519e-01 -1.180192013320167765e+00 -6.102796469959750336e-01 -2.431479198380040452e-01 -2.628237523574457057e+00 -3.886226772432990750e-01 -6.023439500892981968e-01 -1.840667849843517390e+00 1.031873151907815034e+00 -1.499307395332218462e+00 -9.962764425466603679e-01 8.367760554893781677e-01 -1.281260130312577239e+00 3.254195923546126523e-01 -3.937613620278890281e-01 1.068782568112828235e-01 -6.089258065614756577e-01
-4.512345827858510461e-02 7.301645994085135261e-01 6.060158196747724713e-01 4.160731136672064512e-01 7.518292728112596635e-01 4.368725023134204521e-01 1.169971200772008446e+00 8.405640116360701963e-02 -6.268614476953973114e-01 2.168238262576522857e+00 -5.550734952111965326e-01 -4.989666705962900184e-01 6.618487194451266875e-01 -3.833156016239777641e-01 -4.560477161844924687e-01 -2.711021369383747048e-01 5.177985309010777470e-01 4.074725947407762949e-01 -1.197272624411358233e-01 -6.061938719341574133e-01 -8.324011116788099240e-02 3.229616540638651223e-01 -2.330518574126282938e-01 -2.934553909968429242e-01 -1.244461716562401676e-01 6.535428618913554644e-01 -8.707150339550647766e-01 7.104450186188292493e-01 2.913713253877309173e-01 -1.113603915580880344e+00 -2.647798408603070919e-01 8.010619401308016752e-01 2.050460455560647877e-01 2.757782106062144911e-01 5.224337083519179359e-01 -4.267035104431265990e-01 5.420622852632264177e-01 -1.399984685400516848e-01 -5.129070334775031048e-01 -1.650442346457497989e-01 -5.930894187589658140e-01 -4.357347289431798276e-01 -5.155774539474669016e-01 -7.004985562151517797e-01 -3.115549860805263416e-01 -1.510961252198299853e-01 4.073241191078179058e-01 -1.620296081931669629e+00 7.552256739957429188e-01 -7.091711881329215705e-01
8.496971929521996980e-01 2.960536995723846987e-01 2.292852609649944640e+00 1.118767043085407309e+00 9.937131132131978850e-01 4.854737713253982623e-01 1.466405588377284186e-01 1.444570513600006878e+00 5.272341488609137983e-01 8.235341034946859207e-01 8.923885229358559101e-01 1.227383070446837809e+00 7.595169068995710759e-02 -6.067016070473975065e-01 -2.062964291919504312e-01 4.558287312421576143e-01 -4.154346000401970551e-01 -1.780681934278978973e-01 -1.078908293568239030e+00 5.006865692536304202e-01 8.562737384339670355e-01 1.686675061711012114e-01 5.882024075782110728e-01 -2.134850011872287401e-01 7.145409266300813966e-01 5.293672074555129115e-01 -2.449717488998043591e-01 -6.947286699621113559e-01 -7.350698749091941764e-01 1.827894322165238616e+00 -8.365753896248293575e-01 5.528607377136182111e-01 -3.791389592403029973e-01 9.603171015628370055e-01 -1.477830059812302199e+00 8.741623819313623089e-01 2.228576783466986733e-01 -7.544021680447261513e-01 -9.416821170524902751e-01 1.782091187329092608e-01 -3.023607076844620628e-02 -2.846893920352461249e-01 5.279580849072194049e-01 -1.419661526512756844e-01 2.256509227993474739e-02 1.681211768364495318e-01 4.012494881759123277e-01 3.980068154230542166e-01 -4.430717108138553240e-01 4.871806603663810242e-01
2.513856942237564951e+00 3.159686208514129291e+00 2.525982387640584470e+00 2.452075211506757668e+00 2.272164554322949392e+00 1.597011797957689883e+00 2.133682957718017192e+00 2.767134740256521397e+00 7.354543837392357730e-01 3.015629207910185627e+00 2.493684045982972608e-01 6.362834073629176634e-01 9.077680092148655566e-01 5.730082321849992999e-01 6.954039087032266586e-01 1.420103324549615076e+00 1.219275856976850703e+00 2.633025102476393542e+00 7.933045014140336360e-01 -7.992815625073965147e-03 1.061780382683152668e+00 1.134767587018477908e+00 9.666179921971617128e-01 7.894810569381029985e-01 9.231582794093541322e-01 3.871793569268864865e-01 1.737361478286203464e+00 1.420348868632965500e+00 1.820956877663005180e+00 -1.993849853508983805e-01 1.783024632765087381e+00 1.043659098870697965e+00 6.836322078302617955e-01 9.681992308860114527e-01 1.155762653920171079e+00 9.794364583915835532e-01 8.666969940981564813e-01 1.486563365147778537e+00 8.260131901660501264e-01 9.663989283800118457e-01 1.157410899708717134e+00 1.863630703802852118e+00 2.451423205318950860e+00 1.732262662630000172e+00 1.545358509819246384e+00 6.887315480015508973e-01 4.113621512100720801e-01 1.648532085904609090e+00 1.622748572361079278e+00 2.428995220284951184e+00
4.148254229452639219e-01 1.375367395493792166e+00 9.059352615689145738e-01 1.460777606247501970e+00 1.125033954464629504e+00 7.578228879401391893e-01 5.263242736673149347e-01 4.836361000268579735e-01 1.702650654554016985e+00 5.844426193486000898e-01 2.585688409270154309e-01 -8.730248191660600066e-02 3.775905361517987169e-01 -9.942359067531356676e-01 -1.025555552609311860e+00 -1.018925366559972900e+00 -6.950815061305248843e-01 -8.012344308743539756e-01 3.235167472070673567e-01 3.725164684560634543e-01 -3.121856358266412723e-01 6.222898619592514002e-01 1.583300665055525913e-01 -9.286913967818560822e-01 -1.761851237320284091e-01 5.826439266106038239e-01 -4.613012203981300963e-01 1.097159768652632011e-01 -7.930370397229701274e-01 -3.971470605374430862e-01 6.934342248895405403e-01 -3.649301187551649006e-01 -5.928438993852238603e-01 -4.458262165934712695e-01 -3.607994353573298341e-01 1.470469848835564697e-01 -3.433512603818046904e-01 -8.224683254379755448e-01 -8.146190576262875016e-01 1.156349444566531881e+00 -2.601850554493587153e-01 1.616410604103799276e-01 4.641485159223332491e-01 4.022878922657096012e-01 4.646360696627886977e-01 -1.353680836877711569e+00 5.037341945999332937e-01 2.096890330863116214e-01 7.100918497588265543e-01 8.129721130468587909e-01
2.081594085485388934e+00 1.159570402144907808e+00 1.996834173904476817e+00 1.595810135652523609e+00 2.098119582767311364e+00 2.159369217575951350e+00 2.031315142953656672e+00 2.294158686177743434e+00 2.606367068225455164e+00 1.268056614135017579e+00 -1.743778289296483153e-01 2.515429596499914044e+00 1.392299109154526482e+00 2.159392346645230720e+00 1.691175742269598881e-01 7.810469785819522670e-01 1.617080280933389291e+00 1.509449352526529120e+00 1.235086500390257580e+00 9.165315496645422000e-01 1.278438342133991212e-01 1.372466645338904057e+00 1.625926785557865406e+00 3.586175389631262034e-01 1.065648364819371974e+00 1.618310306263594178e+00 9.183510085723640692e-01 5.220575948143423295e-01 1.278547517398669786e+00 2.226812402770363075e+00 1.683213035587838746e+00 1.767036801141483204e+00 2.509710539628762782e-01 2.382223820871880726e-01 2.028366277644717997e+00 1.562164268748877705e+00 1.140439399472097159e+00 1.923795065692624373e+00 1.253640301580389194e+00 8.765249988562696659e-01 5.597463105894621149e-01 6.588740382041576860e-01 1.186523645418134709e+00 2.246932466650962912e+00 5.414574822131239529e-01 6.617263841423391968e-01 -1.024838031143970318e-01 1.025539167835092247e+00 1.504100172414479353e+00 8.315867145533329952e-01
2.130334874165118464e+00 2.325064240161881735e+00 2.298066028464270438e+00 1.521877115113854817e+00 2.347283356292840573e+00 8.999450411231559865e-01 1.472142964361570439e+00 1.903979666684180616e+00 2.845561938061710983e+00 2.096023397484117368e+00 1.118268005963519496e+00 1.283428436945271700e-01 9.578689451414480471e-01 8.162876208408235135e-01 2.872862245224798716e-01 6.608684692663364668e-01 5.709320012084186935e-01 6.276937892930574137e-01 -1.641198594412423550e-01 7.862956302255226237e-01 1.323967493614502278e+00 6.367107442266470851e-01 2.466940365760642850e-01 7.016461792992496616e-01 1.434039261427682677e+00 1.013015291224974856e-01 1.231767233920689764e+00 2.044526179504991603e+00 -7.158051056890296637e-01 1.346956060835344360e+00 -7.471230884613060119e-02 6.747070949110235416e-01 1.294968456261203382e+00 1.130070118295984249e+00 1.082076560521666675e+00 2.409012768609920807e-01 1.391498457263185662e+00 9.558456399815635773e-01 7.711281557418391275e-01 -2.988412183653519905e-01 6.681981471875338974e-01 9.356660003154571026e-01 3.712712475333861395e-01 1.081784748562544918e+00 4.929473127478157801e-01 7.448953448306433467e-01 2.138281029358931384e+00 1.340526571957914692e+00 4.581524704799501135e-01 1.656168869302925950e+00
1.205739432839022518e+00 1.153706020021835199e+00 1.346846689315493117e+00 1.021033314491957222e+00 9.423629360280930678e-01 1.271551421314029096e+00 1.504942923915339126e+00 1.665978858935757367e+00 9.403016565425504902e-01 1.117488375676803480e+00 3.561873693193170487e-01 -2.897457998703826809e-01 -1.462393479647294159e+00 5.682292147838925445e-01 -4.167330270249303137e-01 -8.802189850146360239e-01 -2.548171965975302711e-01 -2.639441928762089051e-01 -9.245654319676001043e-01 9.085463121049153212e-01 2.868057042814050606e-01 1.393040531214784883e+00 -5.821875830614618996e-01 4.079545648342607356e-01 -9.525260699473507842e-01 5.260108934660148172e-01 4.686771821333472754e-02 1.712496788246299362e-01 -3.723447517152934094e-01 4.655924267434868868e-01 -3.415494908723820666e-01 1.433421473521263589e-01 -1.158796833008083199e-01 1.800188832700060915e-01 -1.047629057035063260e+00 -1.034948635279386187e+00 9.155240396390152968e-01 4.300675383454201084e-01 -7.519925764007209246e-01 7.713629927537163367e-01 -9.919780189117823888e-01 2.189481012911828894e-01 7.474102833004139246e-01 4.147336487255874893e-01 -8.286268664473558365e-01 2.070914504802497669e-01 -5.569715531245925666e-01 6.634228492439565583e-01 -6.338378384075482597e-01 -1.583594392568425935e-01
2.487215993686289650e+00 1.329062474502378244e+00 2.291430976766309691e+00 1.598456497054094427e+00 1.942489114760540314e+00 1.281952531143501606e+00 9.870653804544932131e-01 8.007594220813727404e-01 7.070325970041648755e-01 1.178338433742273317e+00 -5.864672628959705092e-02 7.963489440681263964e-01 -2.036518200418032387e-01 -7.459632412160931147e-03 8.060707459698646105e-01 1.498432587152281448e+00 1.030031858424116153e+00 1.077740994807156794e+00 5.362022985254331076e-01 8.037840096436458248e-01 -2.695310044770264923e-01 3.425460274198702249e-01 -1.916333915543095567e-01 3.047400232608906689e-01 5.955795367002033602e-01 4.022754346956666227e-01 1.091252226039142736e-01 9.946387373096439166e-01 1.088837470434929733e+00 -4.658781549552878376e-01 3.386194429669640016e-01 1.920204830931727003e+00 1.661578194403825703e+00 5.282485850822321582e-01 3.705435465490308777e-01 -4.493314675256864787e-01 2.142575144720578528e+00 1.167702011331014367e+00 3.564405949262277051e-01 1.979187330753199969e+00 7.810471973995752881e-01 1.063328602590785793e-01 1.085259168608248448e+00 1.241562778556705160e-01 3.274011742498404987e-01 1.156158827375005416e+00 5.858362689870295625e-01 1.487655174414305836e+00 -2.795030068965959624e-01 2.632722808653111812e+00
7.291398468563354829e-01 5.165615252652783207e-01 9.268009034954681757e-01 1.305136978837339701e+00 1.094326081072843238e+00 1.381007748591413176e+00 1.101730979428154678e+00 1.322611788742826811e-01 9.788053623635705192e-01 1.043340965140424181e+00 6.457163135584054192e-01 7.500021955927101136e-02 -3.832398571112358709e-01 -7.791126922863664817e-01 7.074801061927001866e-01 -6.918604333515145921e-01 5.114785404620777465e-01 -6.616949692709561681e-01 -3.680042678029003533e-01 -1.363432556051150213e+00 3.730068892689322735e-02 -3.222939107242111523e-01 4.494520871048603844e-02 1.632952595345942726e+00 -9.852462822501056872e-01 -5.145210866480325329e-01 8.651686933432407578e-01 2.284977691399092126e-01 2.226542993095493306e-01 9.621507042669703120e-04 -4.385283947905798119e-01 -2.368444675943917610e-01 -3.468045775503752481e-01 7.936458958147821208e-02 -5.860537099172440367e-01 -9.734460384925697207e-01 -9.571566667013091390e-02 -4.507497494011279415e-01 3.764955300298516438e-01 -2.997860112708012822e-02 1.738219311632887287e-01 -1.820643313227731652e-01 9.413435991885056309e-01 5.349008017035447038e-01 8.004448087612009433e-01 -2.500955227980427020e-01 -2.305762287483246464e-01 1.128469563178171320e-01 -9.730567808071846070e-01 -1.247733828349964214e-01
1.549726397071267137e+00 2.281725140557030240e+00 2.772445786337550899e+00 1.198439809869826345e+00 1.646360853969841331e+00 1.702638830884037224e+00 4.011452152233465629e-01 6.404851556902679821e-01 1.155026995666399658e+00 1.617365752637095255e+00 -3.414668938762246420e-01 5.542308458545448513e-01 1.543696342841181179e+00 1.161743292807400740e+00 3.642503944175788377e-01 4.477539356295411332e-01 8.425972585238777901e-01 1.313811671433305461e+00 1.554709875190835922e+00 1.023731356383839497e+00 9.902818199815099920e-01 5.452232900886730960e-01 9.762230527686649451e-01 1.120115467935506537e+00 -2.596353902915833709e-03 -3.582464070290731217e-01 8.361819193935079442e-01 -1.084168634699218120e-01 1.142559412725061563e+00 -1.403673075667434822e-01 5.754768143975971251e-01 7.237453257922021876e-01 5.096892878958352302e-01 -1.430303845586813893e-01 2.171395355701963403e+00 2.497317742856868805e-01 -3.586106206076996594e-01 1.474512208548081738e+00 1.235681854166149174e+00 6.546265046258268328e-01 -4.924776101711151877e-01 1.860592054951472285e+00 6.486822557543715506e-01 -6.906471233286578526e-01 4.652206116017388315e-01 1.060105161439787391e+00 2.858947500847128786e-01 1.405587172503751647e+00 1.163770574131095081e+00 7.483287306107199166e-01
2.317106147578411601e+00 1.169735630728545139e+00 6.145379531661432360e-01 1.184412875415266075e+00 1.917786743229813684e+00 1.494331481594801669e+00 4.575116138777207686e-01 2.081911958002480745e+00 6.561628592189401310e-01 1.397146009427454150e+00 3.851123280729646936e-01 -9.924857689931875226e-01 3.513752760943308906e-01 1.849098320403489426e-01 -1.285560065866612867e+00 3.668896265437476822e-01 -4.887354110510696431e-02 1.162863387417159666e+00 -8.203582424868202105e-01 -4.835271487533625012e-01 -2.312506663059120740e-02 -1.974868345572410311e+00 1.193589687506872110e+00 -2.826357170270481500e-01 9.091824244952899370e-02 3.286857915878414471e-01 8.746494359182524492e-02 -8.848887501494869801e-01 -6.898768682769961247e-01 -2.864712214135533563e-01 -6.368834323364278571e-01 8.354684788742310075e-02 2.407698503876229135e-01 4.055790056926915077e-01 7.720520715133819545e-01 -1.022251493466581618e+00 1.217015351498929698e+00 5.006405279904716510e-01 1.167414794644617393e+00 -2.100741980049904423e-01 -7.860522913326161154e-01 -1.360424682738920199e-01 7.124086417526530601e-01 -1.478890556836049697e-01 7.921955643408449266e-01 1.038441689876707041e+00 -2.699802672363074696e-01 2.436920020380725638e-02 8.417883430241925868e-01 -6.135092792781424165e-02
9.854733980915885150e-01 8.648436614583219217e-01 1.258307295864328434e+00 1.774260360876247722e+00 1.673563220760958536e+00 9.753816266542505442e-01 6.665168659454104860e-01 2.294081538817195121e+00 9.062677099527755020e-01 1.470420150991731845e+00 -2.641893120742072956e-02 1.636485944184400854e+00 -1.054892246749042251e+00 2.434852724352824793e-01 1.024939408235830740e+00 -7.821410652631279881e-01 -9.992874228031491946e-01 -6.219539668530583709e-01 -1.426930006103705129e+00 -2.822303341983433689e-01 1.007894237875878174e+00 8.375668935423035144e-01 3.094841227182051902e-02 -3.939700712163959340e-01 2.196282408800002139e-01 -2.209590351478211701e-01 8.930310534569846359e-01 2.736693550589347490e-01 1.424499625013318616e+00 2.620170923136516672e-01 -4.282518289639089537e-01 -3.477303020231661268e-01 -9.715651997572639642e-01 1.335076996609199762e+00 1.000581706353520284e+00 -1.488526599302701481e+00 1.774003423235831045e+00 5.876893833593556105e-01 2.062745213039473280e-01 -1.829767841195429345e-01 -7.417071130587511441e-01 3.015037456518927517e-01 1.736663545514173235e+00 -7.432318002867666085e-01 1.140507995898588423e+00 1.084388884776563700e+00 4.238471519513987151e-01 -9.901591296626790495e-01 7.278560871036532376e-01 -1.422403273757309572e+00
8.658400556016035976e-01 1.009605126236435613e+00 2.589736289559772864e+00 2.035273799026361630e+00 3.115405397614553484e-01 1.516319285850586063e+00 1.286337948976276735e+00 1.600582816289447763e+00 1.911673184779453916e+00 1.374723923249106416e+00 -6.905108347536451086e-02 7.091958970608899238e-01 6.878003724728675161e-01 -4.104217679439444155e-01 8.865418528007175114e-01 1.529750851504235731e+00 -1.203280128259729825e-01 1.498431470684285505e-01 6.918920015607776808e-01 8.677603956611485980e-01 6.036793420260389009e-01 2.177374261081904017e+00 1.127918019393727489e+00 9.439146877113188117e-01 6.122089892874623684e-01 4.483544778360942229e-01 -7.048065517013575310e-01 4.058338449702040829e-01 8.239310711403284859e-01 1.183483619998142000e+00 1.258920001868920169e+00 -1.812852651604853205e-01 2.882237040556221430e-01 8.485815083430549022e-01 1.892726891570251924e-01 4.639115008619054126e-01 1.098424739988308474e+00 4.424999819804462109e-01 -1.882702847657134138e+00 2.278915523642099039e+00 2.610997875611075769e-01 5.093625196517259646e-01 -3.728172640576667141e-02 1.281700867177046232e+00 1.187781899285625054e+00 9.100624787044946096e-02 -6.931568072850098627e-02 6.815234457940227975e-01 -4.728161053505422484e-02 4.843779458298229090e-01
7.382540561677479740e-01 1.116316406880701662e+00 7.869269735481466688e-01 1.393546025615776784e+00 6.634964307593279598e-01 2.569292402788931895e-01 2.736359944699566782e-01 1.003556350721277690e+00 -1.380332855740258324e-01 -4.579453292823230104e-01 -1.325358196240139286e+00 -2.485400906254230380e-01 6.727837147798749751e-01 -5.160121195684662654e-01 -3.525191534716894393e-01 -5.436470467207034085e-01 -3.155620583947175706e-01 -9.873898540446023331e-01 1.559963520283788596e-01 7.370964726166252534e-01 7.996865118802184424e-01 -4.777518149444263118e-01 5.290784811686242289e-03 -2.907552627202786288e-01 -1.087219545328090842e+00 -2.917579520046022223e-02 -5.148560070969941949e-01 3.358601929049818136e-01 -2.869537311388223877e-01 -4.067673792042968972e-01 -5.999055002145918802e-01 -6.695207129753768527e-01 3.109930040936395579e-01 8.755610979036907437e-01 -4.672587236444636360e-01 9.230846628223933481e-02 -4.746461468010602647e-01 5.105359859183897786e-01 -9.565549520225365976e-01 -7.476061379836437260e-01 -5.791917871569293164e-01 -3.572317947985473308e-02 3.241700998977435355e-01 -1.902041891914115213e-01 -9.588839755209072058e-01 1.158253074732552124e+00 7.801061720124148613e-02 1.187368121823138695e-01 -1.731281204434692356e+00 -1.665707092066937900e+00
5.022441406004368725e-01 -5.467518588366131471e-01 -9.135475484719319805e-01 1.128340627994226963e+00 6.586007133036491101e-01 5.954670176047694996e-01 -5.351418966984808900e-01 3.656958860239056808e-01 -2.870087179430584889e-01 -1.170219992283213273e+00 -9.706596414951830232e-01 2.269356665033486486e-01 -9.365348883586043227e-01 1.998998218970231278e-01 -2.707053444486052785e-01 -1.244608351049800443e-01 -4.933449743321507430e-01 -9.710642978101522438e-01 5.185230216626277588e-01 2.182153545620439394e-01 -4.712934643184040623e-02 -6.164851359020637744e-01 -4.415440947410920747e-01 -2.194105891916249274e+00 9.496881535914981631e-01 -5.400043158334646431e-01 -1.575161671907373107e+00 -1.032036013351233183e+00 7.195377952260256782e-01 -7.877810644450351785e-02 2.802320307872482874e-01 -5.528888511792418026e-01 -1.624565569742906224e+00 3.299824455988272787e-01 -1.015811392213772146e+00 -2.179244860264126782e-01 -9.720896856658144403e-01 3.363872135745595293e-01 -7.763537361048344909e-01 -1.327177621579195721e+00 -9.687932130811898190e-01 -1.821482903630330386e+00 -1.762267527348503116e+00 -3.737548528169179485e-01 -1.319363042908202832e+00 -5.902890697682060539e-01 1.503742214482711725e+00 -6.237598979513486741e-01 -3.037636805805110085e-01 -4.743757816369995606e-01
2.081999515673195855e+00 1.395409761002792459e+00 -5.288219430494291995e-01 1.335230850776454092e+00 1.593326843277998339e+00 1.017326785497141284e+00 2.221107897583459723e-01 1.293739541528866610e-01 1.322467333593114303e+00 9.046485805155701776e-01 -2.881415931509963002e-01 -1.492757460602110564e+00 -7.071143021127789252e-01 -1.040783698288141768e+00 1.034372143328354393e-01 -2.460366869013823621e-01 -3.678831815899692437e-01 6.048755952170161709e-01 -5.215752395005114339e-01 7.601276036568195560e-02 4.197677289935053402e-01 -3.746738582794519740e-02 4.305057796273586979e-01 -1.208871795829257856e+00 2.554771379753058902e+00 -7.059072137406722236e-01 9.901512639231278834e-02 -9.138451729219529973e-01 -1.118493108540375536e+00 -1.031197304079663812e+00 1.591570744527750270e+00 4.009009918064381228e-01 3.525501384490138390e-01 -1.389485422766610911e+00 5.315059362384566555e-02 -8.275280721927338323e-01 3.937053427911993975e-01 -1.163903367475832562e-01 -2.669219045123406575e-01 -1.977812817983918281e+00 -1.513066338215313111e+00 -1.275063482321009134e-01 6.352695421936289666e-01 3.211832283077270533e-02 -6.197535163246872258e-01 1.436258850183296520e-01 -7.468715232565318329e-01 5.136063767997453011e-01 -2.743452980914129480e-01 -8.313169307250493079e-01
-1.428802875830954555e-01 6.330116672110479570e-01 1.629175326997458484e+00 9.200739957621383303e-01 9.275217291712214429e-01 2.470359656971408135e+00 1.337088803310223728e+00 2.001056391313900562e+00 1.927539228491958134e+00 7.693273680054970587e-01 5.571713481276505675e-01 1.675147951997077778e+00 1.034732924587216107e+00 1.397525521497712475e+00 -1.116450621348626937e+00 2.385436433391495692e-01 -4.174122271702256082e-02 7.783676337525371469e-01 -1.783653035366002948e-01 1.722171522676197997e+00 -7.267558777731446540e-01 9.963713445052547746e-01 4.555126492866412025e-01 -3.451311267953637851e-01 -2.869731241538999167e-01 4.151785148455712851e-03 2.328602776103131655e-01 2.767442602870878177e-01 1.540381444838219371e+00 -2.933658914436074183e-01 6.119529920369852771e-01 3.219330105926597185e-01 -2.213918783768596132e-01 -4.401171285263674390e-03 6.314090535257409487e-01 -4.070505356274864983e-01 -1.842269464547947044e-01 1.108116951038323306e+00 1.562801578225088972e-01 9.530853805245517729e-02 1.019349711113401113e+00 1.382513515155666006e+00 -5.570287015968962141e-01 -8.168146964611149030e-02 -1.366600267551777215e+00 -4.581072995831916850e-01 3.489449934774288553e-01 -8.003571432610840919e-01 -2.804197022882425339e-01 2.957929067256939715e-01
-4.917716729656951280e-02 -6.121356800735715531e-01 7.796513350931761899e-01 2.596915082413909781e-01 -3.464099225842021124e-01 7.811375044433708226e-01 1.107514729345490556e+00 8.371055122881094768e-01 -1.403430164775931743e+00 -5.953373554202570084e-01 -1.211799377339695116e-01 -1.657259583825042570e+00 -1.323504928455304874e+00 -1.373033149657133967e+00 -7.809070989345573421e-01 -1.874476132734149925e+00 -1.567040341259975156e+00 -2.162694802090858737e+00 -1.317869524059094077e+00 -1.058048338542794786e+00 -1.350285402749922925e+00 -5.955307848391693248e-01 -5.707165363478566844e-01 -2.064809461164894208e-02 -3.167647432707593191e-01 -6.614969391302908397e-01 9.222453125116270023e-01 -2.574811365909793204e-01 -8.030251913917014761e-01 -9.828983853928437986e-01 -4.861325695187284635e-01 -5.521270066053310943e-01 -1.346517782253342288e+00 -1.032473587272891180e+00 -2.765987833585793476e-01 -1.593151565067052466e+00 -2.540166553922691972e-01 -1.677058670242615568e+00 -6.982993884372704629e-01 2.808789594427038572e-01 1.141831464398853857e+00 -7.577257080663022393e-01 -1.059482931862506083e+00 -5.122994111660946759e-01 -7.630720971463459401e-01 -9.719536744970840303e-01 -1.629385277761455253e+00 2.025451642782202799e-02 -1.311455983479438370e+00 -8.060216886293658511e-01
9.299578910515705621e-01 8.933247728033154589e-01 3.023619869409699401e-01 4.374673704654490347e-01 4.019088998192450468e-01 8.126868582206917546e-01 -7.378034028708500003e-01 2.480161711516506884e+00 1.104114405740235227e+00 3.221707440673355016e+00 3.555120238013931983e-02 4.642539390995915061e-01 -1.186799743295309240e-01 -2.019910459434642647e+00 -1.198378436704047534e+00 -5.185337632328868018e-01 7.369458815568100674e-01 -2.421381041332262146e-02 3.090855399288445771e-01 -5.708922389453388035e-01 -3.931491263155299509e-01 -6.473708434685931934e-01 -5.756445935665942537e-01 -9.389553620685323621e-01 7.502991104117150423e-01 6.728776806942956545e-01 7.700533313288011605e-01 -8.398146863368433079e-01 8.149816139918584224e-01 -9.165874092967192244e-01 -5.965661352728234279e-01 -5.295247368984439262e-01 -6.258175254645187424e-01 -3.819255895729219974e-01 -5.513444585209287263e-01 -3.862242295121753183e-02 3.309775882403855340e-01 6.148521662347460337e-01 -4.151566132773480411e-01 -1.470230342503604515e+00 6.459555091531518078e-01 3.990887308548916046e-01 -5.439124059581172954e-01 -3.650732131981830331e-01 2.559952881995896101e-01 2.006066776172427679e-01 1.383378631000418579e+00 -1.524922903155297327e+00 -8.614167954418343598e-01 -5.511825946645134387e-03
1.581701456032027497e+00 1.757959646073455895e+00 1.325672301492354155e+00 1.630544690389505336e+00 1.299713791014133424e+00 1.404328025561859539e-01 2.683653098729381181e+00 1.831706169910925830e+00 8.513936082677356909e-01 4.992496448516842156e-01 5.848837502241906183e-02 4.700377062391170591e-01 -5.880719828929162896e-01 2.578619112324631590e-01 5.728481694735648722e-01 6.650631367979219499e-01 -4.358024755365402791e-01 -1.388489094583930772e+00 3.405631950309709333e-01 1.960994040524428605e-01 3.391970891021509060e-02 2.170755794794998195e-01 1.444155290107020095e-01 6.411359203982113231e-01 1.589294955343176219e-01 -2.569204834978368601e-01 2.885571490098151060e-01 -1.883755731679961631e-01 1.944411810275931130e-01 6.560507191159273832e-01 -5.128583112576583225e-02 -1.695135015562715050e-02 -3.396586584679243959e-02 6.649752646341073881e-01 2.360123232034004870e-01 -1.450887920216125559e+00 -1.210402245564698859e-01 1.059195685125765340e+00 -4.047236362652228414e-01 4.226465052634202357e-01 -1.647836726395121021e-01 -1.234807180572511598e+00 9.423532398321614600e-01 -3.852645499506310300e-01 3.891506555596362382e-01 3.717269540034737751e-01 1.258077210630172305e+00 9.517248380004023067e-01 4.244846518750995668e-02 4.190337986068974896e-01
1.871867374953552154e+00 1.882782943868714698e+00 2.429337534923300623e+00 1.988120378349901518e+00 1.928950760103762097e+00 1.282932813060247534e+00 5.574933062189987298e-01 5.987722065362182100e-01 1.901771833168285575e+00 2.441128212740541148e+00 5.764119257210283953e-01 2.200947944668687206e-01 1.806673540483177409e-01 3.296780714081491426e-01 1.243010304536170674e-01 5.009683756030065549e-01 1.948161499308509237e+00 7.453038387085515470e-01 2.078500667450974282e-01 1.000039986037965400e+00 9.867992056414145452e-01 -2.443814280253789606e-01 -3.276729444308905670e-01 3.067683307539084137e-01 7.322647357583953465e-01 5.191289200283790706e-01 2.703248309335070099e-01 2.987301810999392071e-01 6.717957582803131267e-01 8.344658379176729257e-01 1.468982736842663117e+00 -6.233551301388526866e-01 1.964194578423978044e+00 1.898389985271519809e+00 5.749812370990527999e-01 -7.654515114485530014e-02 -5.786603139042965083e-01 1.194350450367234862e+00 1.438679963565577591e+00 1.665849598569723033e+00 7.319479447463902444e-01 2.738660157297350128e-01 -3.696684322829975056e-01 1.350876634234911000e+00 4.362810184577267658e-01 1.086569904782408669e+00 -3.287992866134217262e-01 4.114570529717940239e-01 1.137539838576395512e+00 -1.683679255635651129e-01
4.458058295910214408e-01 8.128393303980792073e-01 3.791019514295637105e-01 2.288321838541101272e+00 1.961112658350559146e+00 5.319869140104011018e-01 1.916718981502208985e-01 1.325650316916689997e+00 9.551731712056688028e-01 -3.846628527614615045e-01 4.646875335815768560e-02 -1.556544886089899493e-01 -9.755972790457199117e-01 5.259395080846971382e-01 -9.396393883402053282e-01 -7.829132303724357644e-01 1.465049346636921213e+00 -7.716629203096082579e-01 3.769666017373735079e-01 1.076410665440701964e+00 -7.436732592527814933e-01 8.799045871194234314e-01 -1.599235422555939923e-01 -2.760315058800145160e-01 6.422987809134317327e-01 7.536171043063887298e-01 6.892751500116383045e-01 -1.078634014782310357e+00 -3.247812700863753621e-01 8.759394213678558527e-01 1.656921021018366580e-01 5.351410574436144679e-02 3.210703812434849147e-01 -5.794263776530356874e-02 1.123665822199044539e+00 -3.227324167007961653e-01 -8.810837283868868663e-01 -9.660704589884705484e-02 5.492185705691741138e-01 -1.330543976799295702e+00 8.588737477682245602e-02 -4.053993639356578971e-01 1.252581238924248552e+00 -1.361089924302089429e-02 -1.280281933482809165e-01 -2.558990401670137582e-01 7.076178723510676560e-01 -5.432762454451277589e-01 -5.180595973331558746e-01 2.020864565942856184e-01
1.731402620175813478e+00 2.324940229855585461e-01 1.583743721450237008e-01 -3.811849051540017186e-02 2.447382072013670751e-03 1.491594349518969853e+00 1.286805610883989814e+00 1.116296493394487221e+00 1.598247753417747496e+00 5.444468118638260412e-01 1.894956131861345039e-01 -6.570706144030818985e-01 -3.473231113754231547e-01 -3.191742511585289321e-01 -5.782718080778305181e-01 4.897629859324572621e-01 -5.933271411628130432e-01 -2.933474074810344390e-01 -2.070929565452872267e-01 -7.683331211589672707e-03 6.348979797301622652e-01 4.994996088019036939e-01 -2.086124309568141710e-01 1.162038818843116605e-01 -9.080808616101018194e-01 5.033511588044530249e-01 7.656721083135215045e-01 3.600084040748842140e-01 -6.420011623777138743e-01 -1.193101237887222998e+00 -9.537847483688520478e-02 4.275930376794751520e-01 2.859532400492384441e-01 -4.852161993666662121e-01 1.995437984941137444e-01 2.441206193384935427e-02 -8.860325528084996849e-01 -4.324328840257724571e-01 -1.661439262095824043e-01 4.995083811030277543e-01 -7.239064499226883775e-01 8.330322755675834134e-01 4.386217014699208550e-01 5.640893297654991922e-01 6.593812428161214267e-01 -7.657312584554075707e-01 4.137245411687449081e-01 -7.045240658890765673e-01 9.753570531491317919e-02 1.502879370367735667e-01
2.870621612233501541e-01 8.260217019745970113e-01 -8.632020015242192201e-02 -2.529373034582381052e+00 9.531730043801409646e-01 -2.877434640237219732e-02 5.349563317601082613e-01 -1.046439320578694154e+00 -1.463083046708188117e+00 -1.298834741736576426e-02 -2.432860843020683561e-01 -1.258190934991408882e+00 -1.666322917190909081e+00 -1.878391534803308005e+00 -2.567909566801457544e+00 -1.304940111896253363e+00 -6.313012310516346037e-01 -1.456006422654339882e+00 -1.183186338739462995e+00 -9.181390967510947299e-01 -2.330598682306715741e+00 -6.762752968521102970e-01 -1.273407192542213462e+00 -8.898356298563302458e-01 -8.294681650401607431e-01 -1.256074819240590390e+00 -1.789351029459814724e+00 -5.838872391810453477e-01 -8.900155821905556541e-01 -1.008322496389714384e+00 -1.710078827113451272e+00 -9.957461657524978582e-01 -2.332945507984542921e+00 -2.076486725573607472e+00 -1.610273039919746241e+00 -1.668117208376208804e+00 -2.073308717729228423e+00 -1.903453063348780283e+00 -1.434898951313066995e+00 -5.528297359478034911e-01 -6.716699041936070591e-01 -2.676860896063311568e+00 -1.356008399304651446e+00 -9.409499821075817394e-01 -1.146971538463377405e+00 -1.501266272402225210e+00 -1.132618032789207474e+00 -1.711144867332646147e+00 -1.295103261194078259e+00 -1.807934803982795602e+00
3.104231429090327232e-01 2.432021448844324807e-01 1.613675493534999728e+00 3.644857424745722163e-01 1.408306625740223694e+00 6.143659196266952893e-01 1.619791449731596611e+00 7.996581117878693856e-01 9.020634922574399805e-02 1.648108483757753984e+00 -6.634367917697407968e-01 -7.820512728659210211e-01 -1.062103836581854144e-02 -3.034554424751011448e-01 2.640811435264735496e-01 7.414841508480723986e-01 -3.973726609345107352e-01 -3.838501507517668720e-01 6.661767579420482255e-01 -4.411742002937899670e-02 -6.902578029229712309e-01 -6.345761244490777386e-02 -3.335764192690311991e-01 -1.006680554721837595e+00 -1.274922404341011006e+00 -1.069985568368787554e+00 -3.773191269901027267e-01 3.207756222274253388e-01 -2.262901176022109884e-01 -6.045189781098397885e-01 -5.558583698807932905e-01 -6.546364328581200098e-01 -1.160900232557849243e+00 -8.290073418014134443e-01 -1.294260060891214259e+00 1.624309922139816897e-01 2.601944326128385887e-01 4.480926926792245801e-01 -4.497282594750125484e-01 -1.650980910659627154e+00 -1.634508203842477136e-01 -1.371256448000526262e+00 -7.595140716103033762e-01 3.882017256096705338e-01 3.246491083494379981e-01 6.628650304010532679e-01 -4.940035053695977507e-01 9.078278974177643734e-01 -8.712756008916261452e-02 4.650670435903115907e-01
1.399630431428940947e+00 2.717152806876679705e+00 1.807229873962660438e+00 2.729836792986988669e+00 2.220382462406421009e+00 2.506382168261866106e+00 3.137256108142033817e+00 1.866266222796199470e+00 2.078180872635331689e+00 1.478101898602028008e+00 2.359189312301810837e+00 8.822414262463681434e-01 1.585130868609825550e+00 2.711978842835184089e+00 1.278436686432245839e+00 1.357174697103245675e+00 5.712104693805492017e-01 2.686198176480151023e+00 1.548229120232822442e+00 1.063166264530555516e+00 -5.003202283050942611e-01 1.547352229535926105e+00 1.864213647586761891e+00 8.388089031453199729e-01 8.829987871509044073e-01 4.514395770926427631e-01 2.365103551171517271e+00 4.333520775218606125e-01 1.717014201048318478e+00 1.158526790225965053e+00 1.837378339128179938e+00 1.514896762642050199e+00 1.251179647338424461e+00 1.597048120808437721e+00 1.590956291970539116e+00 9.788727419636057414e-01 2.386802729490118957e-01 2.253516962296360671e+00 2.081159534920973719e+00 9.034610248205664496e-01 1.438115898570454743e+00 1.696478434431100579e+00 2.435731141280323531e+00 1.685864262579558126e+00 1.051395450181865199e+00 1.288871603207209615e+00 2.591582411427545196e+00 9.117405907668589826e-01 2.106451605647268632e+00 1.125405053329016913e-01
8.567536463875284891e-01 1.730086535709044471e+00 3.761543392680950504e-01 1.445239189377806266e+00 3.530829393930448035e-01 1.189883208103984291e+00 1.465707518493357453e+00 1.713023757617452958e+00 1.379952634437004555e+00 2.021770201344325280e+00 -1.137502949196764757e+00 -1.701561713588206973e-02 1.323250845087464489e+00 5.677291534765306347e-01 -9.370495002759253733e-01 9.373675676829086312e-01 -1.183815097108824738e-01 3.492702169896462761e-01 1.750280640970829915e-01 3.659525688788117237e-01 3.599116944208213820e-01 7.659420121050312114e-01 7.508124995963375570e-01 -4.170643720614297667e-01 2.584707449427522397e-01 1.331166573340246240e+00 9.148749732423876457e-01 -1.864171586601385822e-01 1.709120581659194560e+00 1.200427721073229703e+00 -7.079778096387308040e-01 -6.002721930505742209e-01 2.879947417079046224e-01 8.558067587556984490e-01 -8.966698038832814077e-02 4.332584485337823144e-01 -4.531629918262703449e-01 1.499031475652302214e+00 9.651123867490936092e-01 1.360698339971690540e+00 7.847545289445628791e-01 1.474670267271707691e-01 -4.882305152747078991e-01 1.193102659116710429e+00 -1.162473643332227580e+00 8.554387683171064127e-01 6.870874240772169017e-01 6.484224934333697454e-02 -9.488840081576080943e-01 -1.540757949918631631e-01
8.443955977213799535e-01 2.725888239200287000e-01 2.575956588595581520e-01 3.631114178021913608e-01 8.706984537465285445e-01 7.668293734027038511e-01 2.899793562352421805e-01 1.310860071226761514e+00 1.879261842665928883e+00 1.136229809827801418e+00 3.811842282845311347e-01 -7.414757594291473963e-02 -8.772160036791278870e-01 -6.037008480309330460e-03 -6.203045108692839538e-01 -1.299460908440502216e+00 7.863541140135096863e-02 -1.806658049437312730e-01 -4.455183820675935324e-01 -1.411340694515650807e+00 -2.195638555488472754e+00 -2.001431698848250118e+00 7.935923609566445380e-01 -7.395573790157050631e-01 7.041231762885776790e-01 -1.245581861576434468e+00 -9.727391352770057287e-01 6.389486696368694707e-01 2.191703700124879306e-01 -2.185893635282886577e-02 -6.554178008022494284e-01 -9.190594341080708940e-01 -1.046405031547734676e+00 -3.157401707198049801e-01 2.760759621963748689e-01 -1.973618895763576297e+00 -1.948563693653211915e-01 2.234401282849469983e-01 1.023916531499144078e+00 2.362402167184322610e-01 -3.453716377931340675e-01 -5.053721354998155224e-01 -4.014950431601179148e-01 -1.957893873830372777e-02 -1.082259960681851263e+00 -6.029557581485663897e-01 2.704740975911704703e-01 1.212714629818858886e-01 3.645094816960612327e-01 7.803761046506639820e-01
1.104945652176141158e+00 1.857478688075206996e+00 1.132684307360730447e+00 1.085318169143040912e+00 1.365260973417748547e+00 7.179686364568326207e-01 1.140231109910442742e+00 2.071072262652506435e+00 2.103481424085265949e+00 2.193365528791106023e+00 9.934505728337305053e-01 4.893019530331903511e-01 8.367531321630846675e-01 -4.323473094939653816e-01 1.444822856636425734e-01 -3.341616334859269510e-02 1.749229782939550448e+00 1.445887186552095915e+00 5.188918092496825896e-01 -5.735507302337081864e-02 -3.031139615503091189e-01 6.327083883661139829e-01 4.332378206672049537e-01 -1.003553468032806900e-01 -8.031471726658571120e-01 6.395358752541410174e-01 5.097628548535215742e-01 4.225596184424122992e-01 9.837967533192156777e-01 9.998799430687398127e-02 1.076321096590592497e+00 3.041675920849021830e-01 -9.809314653404763162e-02 -3.792281459028591373e-01 -3.188547811832000423e-01 1.106907625868140288e+00 1.576196650699309143e-01 1.293687911791781664e+00 2.051532082488976894e+00 2.983844321998249671e-01 1.551912273483389670e+00 3.066253190494330205e-01 5.584470121798317255e-01 1.595298141942858294e-01 1.076985934224602648e+00 8.101920389904816444e-01 1.177545129134323076e+00 8.776919247187208173e-01 -7.790321955302335066e-01 -3.654976650070061450e-01
1.386802409626008536e+00 2.636932718860131253e+00 3.021790510485876879e+00 2.090868437151374160e+00 2.518210311029642767e+00 1.843250718711293867e+00 1.793176511451527677e+00 1.973792234061918283e+00 1.304710559718676333e+00 2.475607048358375195e+00 2.624968504921671997e+00 1.287807355597023973e+00 9.145218677478369473e-01 1.962477026765713006e+00 1.622077771075097319e+00 1.499589859917459078e+00 1.409046742562505061e+00 7.454874024315955028e-01 1.301522868883397521e+00 1.704388639160092644e+00 1.310075251694907239e+00 2.435404891400814620e+00 1.196873014332363816e+00 1.438137317085789402e+00 -4.253704708169291915e-01 9.589171526118190902e-01 5.404666412667377129e-01 4.607338407622744297e-02 1.230894795616548354e+00 -1.079230957034381211e+00 8.352045011847950007e-02 4.067008764546299893e-01 9.078705396168775810e-01 1.074324786978258173e+00 1.071858420552165070e+00 1.747377075989869244e+00 6.350118095182218925e-01 -6.384918601842618120e-03 3.678246627316468786e-01 1.323706348716941594e+00 1.878939613003867581e+00 1.233084187675790533e+00 2.419490345362572958e-01 7.708254628062476410e-01 1.061203437659459459e+00 6.095921749237109832e-01 7.747620021716923322e-01 7.600418033674462004e-01 1.555948619335734973e-01 1.508739348880123066e+00
2.299809170727486141e+00 2.095077538676739515e+00 2.366389871746512163e+00 1.196086033895625178e+00 1.634236060677602520e+00 1.988123874571253280e+00 -2.653334846351271814e-01 1.206067341153631789e+00 1.422191796851646206e+00 1.738543746343924390e+00 9.605810586351594127e-01 -9.533086388282693835e-02 4.423146267687384503e-01 9.871744884515503138e-01 1.489580077328782171e+00 5.474883080827357418e-01 1.089689214243251048e+00 7.006405509172973778e-01 4.978141210664958627e-01 -6.830255223870276282e-01 5.223880143196941717e-01 1.594889059732379266e+00 1.406327523759313358e+00 -1.241109304470057323e-01 -4.019446448236078939e-02 6.363862327498545080e-01 2.278783203114291556e-01 8.278218624280093696e-01 1.935885906767950804e+00 1.182726307724416004e-01 1.291487841161341077e+00 8.975577358994673016e-01 1.049853808542777545e+00 5.900924984094845227e-01 6.052572370760621601e-01 1.085992130171079761e+00 9.911535273478135899e-01 3.979985908911868875e-01 1.038897393629182542e+00 -1.324674111157601863e-01 4.035503804530914396e-01 -2.551323161340179890e-01 9.341031914732680907e-02 9.560651664371017100e-01 8.594988368123327449e-01 2.303569965810206288e-01 -4.569819295946480620e-01 2.019430071379667790e+00 -4.939608239202863960e-01 9.125757575095075902e-01
1.003887405193717441e-01 -1.898157348691809077e-02 -2.721251777834499119e-01 -1.770188696898977732e-01 -8.526327768140653518e-01 1.546997951541738914e+00 -3.998763027104432766e-01 5.507072412297409070e-01 6.261353416803029370e-01 4.208332650034434241e-01 -3.417642971101084344e-03 -7.966051982546256127e-01 -8.132053214277571440e-01 -1.412917022096521702e+00 -1.391448136152467097e+00 -5.346529595449281969e-01 -2.403420348376026361e+00 -2.187138596161607662e+00 -4.337209425468228630e-01 -7.277461158899104499e-01 -1.809013231738848315e+00 1.934846518125417081e-01 -1.097188130972730907e-01 -1.780649701777309080e+00 -1.220858830970136477e+00 -5.638126997953950559e-01 -1.641295317188478098e+00 -6.208892552883278348e-01 -1.414963227772312093e+00 -3.457006595799488879e-01 -4.053319599739353407e-01 -1.508842863539896273e+00 -9.446806164489465196e-01 -1.704751093371547732e+00 -1.527358859099181287e-01 5.602141415407531078e-01 -1.388569539877990255e+00 -9.128845158073758403e-01 -8.416140342475169067e-01 -2.461732764683714603e+00 -9.597725768335246821e-01 -5.120200676399727646e-01 -2.171205848848723807e+00 -1.028218178737055455e+00 -2.145093325102505499e+00 -3.829832701848771559e-01 -8.610355773065352381e-01 -3.423937233691001225e+00 -1.043005200655689579e+00 -1.522059670572747159e+00
1.205547550946411972e-01 -2.378343697683724667e-01 4.719114012385409174e-01 5.943875556688184014e-01 1.084601400898364654e+00 5.052093807220514599e-01 7.437084537751563751e-01 -5.664015388106529159e-01 -4.183416197350002808e-01 -4.779606831021501190e-01 -1.114826575864631630e+00 -2.506464744077997481e-03 -2.402042116728154708e-01 -1.914720270813297320e+00 -1.594809935894581310e+00 -5.698282848680994439e-01 -5.231276397319654103e-01 3.390289400483109672e-01 -1.652794029710639712e-01 -4.970198388718289895e-01 -6.935957379774516651e-01 -2.059402089368344235e+00 -4.352697629009641411e-01 -6.138180443624711158e-01 -9.745393091842893263e-01 -8.827792781699017599e-01 -1.942382406291663699e+00 -1.544147873987361086e+00 -1.139890895715068631e+00 -6.824345022859280574e-01 -6.279557643805671052e-01 7.679972295796357040e-02 5.281334900611576316e-02 3.005844413669223614e-01 -1.603524530295251216e+00 -1.744689238589176572e+00 -5.899694800775941994e-01 -1.034095787350135298e+00 -1.430755430639065517e+00 -3.474082590649241187e-01 -1.787271358698720336e+00 -2.557581184809321062e+00 -1.398341361755561563e+00 -3.762247965769006663e-01 -1.833440178565586720e+00 -1.299771802471706428e+00 -8.128338441985067941e-01 -2.688140197460492153e+00 -6.937541654694340254e-01 -2.096952813623606193e+00
1.880853476515666589e+00 -4.237925499811983077e-01 1.335571447494577235e+00 2.993382623315232749e+00 1.818612011335661638e+00 1.473886809576148149e+00 8.007537684371598408e-01 1.213813593908450450e-01 8.317032247864922789e-01 7.064104973919723696e-01 1.561307997047381102e+00 4.657763054435851841e-02 5.046645865191410341e-01 -9.554306259037727012e-01 -8.058081784940855918e-01 -1.581459706106848884e-01 1.464797390887959905e+00 -4.948496205188388508e-01 7.657932550500579083e-01 -8.937455480491356408e-01 3.468302616815328032e-01 1.762362570736642153e+00 8.995477028575771250e-01 1.059497684967656950e+00 1.141244214032482329e+00 1.976156119408315259e+00 -1.309163544395157974e-01 1.011368492158322363e+00 8.385174290199870484e-01 2.989836565033739957e-01 1.049535722929121118e+00 1.018280949622464071e+00 -5.569599311418502174e-02 -4.411468801857498095e-02 8.433462491048234269e-03 7.096809829889032528e-01 1.011574200101138105e-01 -2.784275093183777861e-01 1.346933961147218195e+00 1.720842556659684663e-01 1.569816637716232144e+00 1.662891934461879773e+00 -2.625712068419813749e-01 1.196403492658841383e+00 1.020538215729844156e+00 1.702603671746919067e+00 1.264540475069050762e+00 -3.942442465927446099e-02 1.250237396572543014e-01 4.456002337223565202e-01
-5.713437113239867582e-01 1.091013026919948947e+00 1.537935562347713780e+00 2.478380413968750418e+00 1.978541514180838012e+00 1.317755341948294578e+00 -2.208946474548076910e-01 1.095523423735539570e+00 1.760171046774399173e+00 1.742527172757312837e+00 -2.829801154227539750e-01 -7.984043314667792490e-01 4.174204410746608085e-01 -8.345171062776498561e-01 -5.813929617876822942e-01 6.149038413752041521e-01 1.516495412711435620e+00 -7.054871981393115998e-01 6.421063473758344964e-01 8.231997046139643004e-01 1.364461591749615427e-02 -3.430119284287913572e-01 -6.594046692623266592e-01 5.684099743156458828e-01 -3.065711985984185262e-01 9.948220749523047912e-01 4.848387159955703241e-01 4.250202316908314182e-01 6.140283206336104582e-01 -9.006288090143389491e-01 -7.249201536074063590e-01 -2.398878179760166596e-01 -7.324399772820440191e-01 -1.538268885352062298e+00 -2.901525418427440828e-01 4.900646116705257849e-01 8.097707700626451954e-01 -9.008933631153556720e-02 -4.137889439773607680e-01 2.478860894890275446e-01 -4.163180349259545387e-01 7.265263308881306226e-02 2.821642591947869372e-01 -2.031218708163067266e-01 7.201969632940843358e-01 -9.023996906848992250e-01 2.466698150640360410e-01 -7.006420772813775066e-01 7.243572771132078536e-01 6.084995274814940514e-01
1.241967177906500464e+00 8.000773737936963670e-01 2.680980883865303754e-01 3.635734975156205140e-01 9.449670581097862065e-01 3.539563772788456575e-02 1.333709879782418950e+00 1.397771532572626985e+00 1.599475449104573732e-01 2.352312965384774079e-01 -5.123666195246241450e-01 -6.284771750410491631e-01 -1.096986051587278466e+00 8.608415843478941509e-01 -3.041052321230103828e-01 -1.198564532227666263e-01 1.471950336286099725e-01 5.184400418663070997e-01 -9.359729211266509807e-01 1.522914352554027573e-01 -8.445340937529498271e-02 5.848129925520499650e-02 4.381373092611495212e-01 1.299852857881378609e+00 1.365612241568128771e-01 -8.433083279915709607e-01 -2.521653675748689594e-01 -1.396979131125624385e-01 -1.673891695565002113e-01 3.043929513241832585e-01 -1.879670275466139018e-01 7.209268838473554819e-01 4.107259935768839965e-01 9.590875981642899006e-01 3.337287253763776551e-01 -2.477009572937119430e-01 -2.228444590020989546e-01 7.431537913877012125e-01 9.638250828062386866e-01 1.998712358490216667e-01 -6.908192353398645569e-01 4.323793695612698218e-01 -4.626269738007160459e-01 -3.287800464250593135e-01 -6.524362293093231013e-01 -2.297192928805416590e-01 2.038913459242471526e-01 1.509667453369213930e-01 -2.297271244440870497e-01 -1.270914053711298675e-01
1.104363125941753454e+00 2.098349299156086367e+00 9.188774927627989531e-01 2.145272816188585452e+00 1.455851420831911103e+00 1.823706349648841929e+00 1.539968057076047891e+00 2.412708891651017318e+00 8.067422945748856655e-01 2.659265640884167503e+00 -1.691219062323973121e-02 2.202739606213302004e+00 -7.101412625531148270e-01 3.065170302484653275e-01 1.985557884824479924e+00 1.689079053903776717e-01 2.948287988999731546e-01 4.212539560912088588e-01 5.793224818345921179e-01 1.518265963652997819e+00 3.479970289885083723e-01 1.063997173054654244e+00 -1.199580418247505609e-01 1.694414571638580280e-01 7.550495743873019139e-01 1.606024663187168633e+00 4.926665690655667174e-01 -4.336786438811233990e-02 -2.269809651661314764e-01 1.657863530857811574e+00 2.380999584901538402e+00 -1.668437019766800394e-02 1.566028249653096616e+00 -1.980784802160637792e-01 -1.146731932976912782e+00 3.190652143473288183e-01 1.386227587849683918e+00 1.223614676267847784e-01 -6.476043391281770256e-02 4.382470555304641691e-01 1.809543420632003130e+00 -1.730499091398346456e-01 -5.307795356527502534e-02 4.935736936677249664e-01 4.691866518249610540e-01 3.612102792721382793e-01 -1.854267873746114348e-01 9.768533380258007659e-01 -1.326597501808791435e+00 -3.908605187669358383e-01
2.713076397393778372e+00 3.356161425372817142e+00 2.299063156425143362e+00 3.593850513946151626e+00 2.234045160969168720e+00 9.376228774698500690e-01 2.281342584045713551e+00 4.525280855811526948e+00 2.608779029880432088e+00 2.148031338214924979e+00 1.330840386441545453e+00 6.669520306601476323e-01 2.403908719191164778e+00 1.301340717547424752e+00 1.200574551989890715e+00 7.842277140448169481e-01 1.438162119775863834e+00 2.198272227995482719e+00 4.052598776331466923e-01 1.353262302108788617e+00 2.294019482876005434e+00 1.423815906481844085e+00 1.165638532008613337e+00 8.136251288112135160e-01 1.238884740140764107e+00 5.242321054987166828e-01 8.963148928411870386e-01 1.809983625120705764e+00 1.789198372280631721e+00 1.104950461571928777e+00 5.282993581934596339e-01 1.521852326830974933e+00 2.288234647403118771e+00 2.060748512121622689e+00 2.156794430185709821e+00 4.921169716460132015e-01 2.624551848008481958e+00 2.715997334138657404e+00 1.336935840073438797e+00 1.173181885608969743e+00 7.514426155968704224e-01 1.659457052361575258e+00 -1.900961197887928236e-02 2.089564472509883863e+00 7.765482767066425041e-01 1.848503573707156233e+00 1.956579565885705030e+00 8.753149556228568828e-01 1.102085152811146607e+00 5.791908769632817533e-01
2.109416383066032630e+00 1.531631924916960319e+00 1.069861742848063235e+00 2.744734140947892698e+00 1.309847694173829957e+00 1.984132490304693519e+00 2.112965501662213974e+00 2.457581658458147800e+00 1.570278208970324219e+00 2.002176902895491217e+00 1.668956165919507351e-01 3.562479536454306039e-01 1.758299618059913083e+00 1.378672203206565472e+00 9.467432100923556249e-01 3.069948903559311382e-01 8.500464819111761550e-01 1.121377910663779766e-02 1.341218429960327141e+00 6.435866564291229386e-01 5.245741686073559507e-01 -1.814871637166531326e-01 1.296651557272705757e+00 1.082535903485444040e+00 1.052438269340145283e+00 2.047058196895044091e-01 4.794989541375718201e-01 9.887791490116941695e-01 9.424643560241844353e-01 -3.991934195438177624e-01 1.098389160341004978e+00 1.632595542163263122e-02 4.880071841014250178e-01 -1.108639720930711808e-01 1.516240506550009304e+00 -3.619123899362294838e-02 8.206023118136752670e-01 1.391500099710486493e+00 1.497494500230119208e+00 9.496976919606654466e-01 6.478741243763573854e-01 -2.285769330937428845e-01 1.816241238881603604e+00 1.465317740193099461e+00 1.382672249950690491e+00 1.190745508391834129e+00 1.357694386780508244e+00 1.345005135172421484e+00 2.044367134124117857e+00 6.257476114919479082e-01
-6.308804429577818951e-05 1.285236382183480464e+00 2.009877272849398544e-01 1.581726462281766388e+00 8.161118646804645937e-01 8.939158561690482285e-01 -9.868323085821861795e-03 1.685499487782057937e+00 2.468282886573645918e+00 1.028249735622817074e+00 -6.258693175757837901e-01 -2.942153175022149125e-01 -4.702444693646739560e-01 1.203467734967383684e+00 1.017715839041318571e+00 -1.119022075454144671e-01 -3.799458203672704260e-01 4.100755856593104598e-01 7.132808958400724264e-02 -4.097871662379204971e-01 -1.377090229423884482e+00 1.824726153789624494e-01 -7.041478250359483049e-01 -5.124593021315109187e-01 -2.182472253363679560e+00 -3.189112464746212128e-01 -3.254583484965937745e-01 1.590741020584292842e-01 -2.284446357074174649e-01 -4.187905261054934436e-01 2.323454181003593577e-01 6.342083300383711923e-03 1.536681560347176179e-01 9.172161833258494212e-01 7.992440892164439648e-01 5.015126625408212746e-01 -3.736073204493041700e-01 -1.637024669098167129e-01 2.823455883884927187e-01 1.606028045846394692e+00 6.577263958599711691e-01 1.540322672781626878e-01 7.764135704894445378e-02 -2.414448280744470321e-01 -3.639761711249316911e-01 1.415505531795116845e+00 -1.119013926636950873e-01 1.027895649264850830e-01 -5.916049463411735543e-01 -2.671490141912181149e-01
3.305122761237209605e+00 2.404221301563514768e+00 2.536847685963905974e+00 2.385382925501329687e+00 2.541190547687457002e+00 2.504790104752756541e+00 2.671573929441609430e+00 2.652971615094039226e+00 2.812402275882149638e+00 2.310079673563775859e+00 5.576813686448820473e-01 2.920765965857593516e-01 7.437920763171167460e-01 -8.000642438996451444e-01 1.057237840846894095e+00 1.438779419813284388e+00 1.552745072892536493e+00 1.775311267063678144e+00 8.088288707308874947e-01 -3.875192538138751974e-01 1.663776143251735506e+00 8.061847493464361358e-01 1.650733490456927743e+00 5.077656701812072182e-01 2.257309913684814873e-01 -4.853245866085419413e-01 1.044900206321784486e+00 3.213382038042025823e-01 7.079085820461539225e-01 7.012157071688790433e-01 1.500088879588316271e+00 1.044608522865785982e+00 1.534040543119312705e+00 1.362106490603943509e+00 2.670465197472075225e+00 2.048108763051735615e+00 4.850631633649412633e-01 6.450532829707837923e-01 1.403605178832566747e+00 8.698532212510375894e-01 1.639580083049309023e-01 3.442857558037943022e+00 1.994124522315163572e+00 1.389584509928210476e+00 1.651093339352364353e+00 1.139739888689987213e+00 -4.203719356671172247e-01 4.315384150964664267e-02 1.529238485679929482e+00 -2.255010456823179910e-01
2.541499145903491907e+00 1.186773366602901669e+00 -6.106647957794324455e-01 1.773964307942679230e+00 8.496894389677933646e-02 4.386921279714321997e-01 1.292611818873621310e-01 -2.476320062929644461e-01 4.747968367121404576e-01 1.119942708887784466e-01 1.105983449995094681e+00 -3.490684066996709300e-01 -3.625719634822091031e-01 -7.939809995534431453e-01 8.753891174226908767e-01 8.488633880554168343e-01 -2.736550987564258519e-01 3.279762205176465772e-01 -8.758217746492396039e-01 -4.040445271493867674e-01 1.814685493485999057e-01 -1.096917778730155613e+00 -1.560092237912311663e+00 -4.518423767187569606e-02 -2.040936601642935055e-01 5.284161190647175543e-02 -5.929102893299412758e-01 -1.134818500868531171e-01 -8.015985047026561450e-01 -1.121061540087855635e+00 -2.156660305541576950e+00 -7.247527426171083142e-01 6.279980451608730974e-01 1.263586022890539118e+00 -2.607822826376762770e-01 3.009865230092776400e-01 -4.482431317038586549e-01 3.820507548433801359e-01 -1.377939208872819288e+00 3.641764669672388210e-01 3.369595882533160114e-01 -2.382450488454158077e-01 -4.207676891687697207e-01 -7.309791665589987150e-03 -9.611174063004586099e-01 2.089482397263249802e-01 -1.075975703630864366e+00 -1.644776586709439270e+00 -1.612827813770124630e+00 2.717498778755226760e-02
1.400935578009491422e+00 1.695688982770786835e+00 2.950446454386574935e+00 1.923777929158703603e+00 2.445341404347343151e+00 2.390960156597532027e+00 2.855234568750679713e+00 2.129423787883454544e+00 2.434634377074305966e+00 1.643829623151576325e+00 2.315599902043921077e+00 1.639381363397445446e+00 1.029714512354328732e-01 1.193518372162712504e+00 1.165479454165029960e+00 7.899425812772850053e-01 8.950925730724906826e-01 6.141493400878516029e-01 1.909827545929207782e+00 2.059566660036976415e+00 1.172445236697904125e+00 2.293089284755116530e+00 2.703850801539130710e+00 1.896022373332330035e+00 1.332265169632439461e+00 7.266096833817963230e-01 7.457376532626657228e-01 2.123213210070370227e+00 2.049916518015237443e+00 1.264335782086231985e+00 1.541450985797117701e+00 1.095960590517007782e+00 1.223187375386409981e+00 8.335490804068501625e-01 7.924225402835364251e-01 1.003125173725558428e+00 4.086936166124184866e-01 2.238967478279335399e+00 2.385507131846436035e+00 1.770402881267592932e+00 1.223455741615007586e+00 2.414481815570278744e+00 2.624400925994356190e-02 7.454086668670655280e-01 1.240725697108543635e+00 -1.095931469155150273e-01 1.418313354761444600e+00 8.691991262953363551e-02 1.093221656499296035e+00 1.409561203147908337e+00
4.936011045958269561e-01 1.526181544462240858e+00 4.623124642458834588e-01 -9.868104796857757322e-02 1.085164320803212457e-01 2.490077183897635216e+00 5.890877161455805311e-01 2.490240176947289275e+00 -1.093076336307094110e+00 1.409360759612188874e+00 -4.493340696085975500e-02 1.439800529531230611e+00 3.371705096742822483e-01 -1.156753861866662847e+00 -2.788120787744828855e-01 1.228724972094375589e+00 -4.811832884251834863e-02 -6.290564836615513133e-01 -9.143728179036895998e-02 9.808608662816895030e-02 -4.510759264733154028e-01 4.923880889869389904e-02 8.849756400489414698e-01 -1.229065909150476976e+00 -1.309755178203728665e+00 -1.557379302526503029e+00 -8.641102036883855364e-01 4.789460435239834557e-01 -1.945443957023419657e+00 -1.627276676498872754e-01 9.097675550499928487e-02 -3.851551072757159466e-01 3.263894898265276012e-01 -3.732011800383827071e-01 -4.720747179749590905e-01 2.262559419395299976e-01 -8.268562697966925779e-01 -2.733236048208214156e-02 -1.326538909319421311e+00 -7.569118180502499849e-01 3.244704846299212853e-01 1.061157000246273574e+00 -9.983897716914100773e-01 8.996053561295652701e-01 -1.192755820914061626e+00 5.233780021734695254e-01 5.552900038720314235e-01 -5.281374051391229951e-01 -1.022922757870642574e+00 -6.313037517476833838e-01
-4.355095771095127688e-01 6.322811597471453826e-01 4.584019561235880280e-01 -1.051218570440896283e+00 1.714241555887165980e-01 4.365615671022438082e-01 2.782916991292290199e-01 -1.051135702116426263e+00 5.053692415591868325e-01 2.500020477871421898e-01 6.021778817093234593e-02 -1.261563294104793620e+00 -8.579028156980280651e-01 -5.917115541183763927e-01 3.527454397628102534e-01 -1.918997175819623147e+00 5.848382419217194178e-02 1.821126849570647577e-01 -1.098207764589166802e+00 -5.811317446456405467e-01 1.085898224292485281e-01 -2.081968417464143406e-01 -9.323159587077423094e-01 -1.465636764643624801e+00 4.631729061084840365e-02 -4.698754483272238325e-01 -6.159655542355950697e-01 -6.863891052308958018e-01 -9.846265899790860310e-01 -2.367295914922018962e+00 -1.252910496710197830e+00 1.861518572542453509e-01 -5.043286161860601746e-01 1.609278092194708076e-01 -1.292054316688565851e+00 -9.248337902286677403e-01 -1.889965255126991206e+00 4.524488657525864710e-01 -5.323446417855753898e-02 1.004732230476832883e-01 -2.046844352054732585e+00 -1.102562212756285742e+00 -2.907188053761164404e-01 -4.024388801520684122e-01 -1.315330232192468696e+00 -9.030987738890740024e-01 -6.372631862100028854e-01 -1.723914711565025071e+00 -2.282184376395345993e+00 -9.296450234223671005e-01
6.431846814536467116e-01 2.349766357256476423e-01 3.539233744205753096e-01 1.014184385667829869e+00 8.334351438717948479e-01 -5.152783171617079105e-01 4.944380747758811978e-01 -1.477916356459254565e+00 -1.594813703232655477e+00 -1.426496340200356094e-02 -1.228036980005267065e+00 -1.766748400719726275e+00 -1.061881602140763992e+00 -1.150254667621728899e+00 -1.666812312042418087e+00 -2.266073648010909561e-02 -2.179241604199899651e+00 -3.274894684914425591e-01 -1.981742327868553533e+00 -1.016507112773326948e+00 -2.389132799599868129e+00 -4.969237807564600568e-02 -1.489297107349180083e+00 -7.484586736496937620e-01 -3.803053463027201708e-01 -5.002806198206778410e-01 -2.215910475888239972e+00 -1.051364327557857470e+00 -9.730558901912866876e-01 -4.183088776619856564e-01 4.410767719204532200e-02 -1.777536033436599994e-01 -1.540775283463919898e+00 -9.486361694125086119e-01 -1.170735132773694120e+00 -1.779930230769213528e+00 -1.155734703812179243e+00 -1.556378850192990271e+00 -8.401747082796334753e-02 -9.600295148839308457e-01 -9.926546220671427223e-01 -1.524298906936684794e+00 -6.516591616644278329e-01 -1.869745202571969189e+00 -1.211197918191582401e+00 -6.237283247712268608e-01 -3.189135466579066658e-01 -1.629417828594227124e+00 -1.057922399035929883e+00 -6.460424767085349851e-01
-6.007323344875665772e-01 1.201161582206394796e+00 5.908921382787554188e-01 4.462443829486825164e-01 -4.338869952360784321e-01 -8.641025247979479129e-01 4.052458714284716823e-01 -2.733920552532058679e-01 1.905409924023335533e+00 -2.494451185625514711e-01 -1.174455896747787609e+00 -3.566287388968934491e-01 3.772348515636660404e-01 -1.478574800305145542e+00 -3.786145386407483993e-01 -1.493064797669144905e+00 -1.922530154763266511e-02 1.348997806996958593e+00 -1.495520240677769452e+00 -2.808442123228217513e-01 -2.111162789033799170e-01 2.816653122360805450e-01 1.822929844346871942e-01 -1.872825222731467454e+00 1.507707432629390269e-02 -4.520291532027142373e-02 -7.153948930653625249e-01 -1.249256877248678954e+00 -1.226579039705740559e+00 8.519189348286548835e-01 -3.259600968938700660e-01 -1.490191376318884764e+00 -5.590402510837403360e-01 8.724590181496459929e-01 -1.758023537402951586e+00 -6.437835828091921231e-01 5.323165349296776760e-01 -7.016594454675869619e-01 4.898682882293702717e-02 2.545251953035537196e-01 -9.444850495074031960e-01 -2.005408632033069516e+00 -7.896068852593455256e-01 -1.484266563909907743e+00 -9.654493551026905873e-01 -1.549824569029382371e+00 -2.168225949564724697e+00 -1.080504907689637806e+00 -2.084718289507388800e+00 -9.201111045076318939e-01
1.592444202980914048e+00 1.333538073573846461e+00 1.954952120296459483e+00 2.132757800026197081e+00 2.782492940461906095e+00 1.822772565236294273e+00 1.663303345620201545e+00 1.347886869091278195e+00 2.450174255181293503e+00 1.560257983541216475e+00 6.737053323978957620e-01 1.497777364075564277e+00 1.933535090460674732e+00 1.676923832598012920e+00 2.392066528430913941e+00 8.553810288113009586e-01 2.021488956324688946e+00 1.586589037844452710e+00 2.158932055801829897e+00 6.101352266949978675e-01 2.053425096212393441e+00 6.270043358512219500e-01 1.817661845571904022e+00 1.314438016955556066e+00 2.617075284365077525e+00 3.278871201077953601e-01 1.600470550048646023e-01 6.961995808696412880e-01 1.127874823127369641e+00 1.514685577084954771e+00 9.613324698527745404e-01 1.420569045460373658e+00 7.759952849715341383e-01 1.046445668206313018e+00 8.276277007052541546e-01 7.120286059738933915e-01 1.668817589312274530e+00 1.019461990553044872e+00 1.708567863522445496e+00 1.766643658290494079e+00 -1.054074184934326697e+00 1.032360578084014602e+00 3.627555814991610950e-01 1.363351941057492134e+00 1.299560357831618607e+00 1.450309170206719234e+00 7.623284066380624502e-01 1.292466674473575217e-01 -7.679414727204774138e-01 1.507398540274911491e+00
8.721224590426751577e-01 5.191738079280245888e-01 6.373288361424513937e-01 -1.277241899837575634e-01 9.902703928575795622e-01 5.543987241685042200e-01 1.565358815381371560e+00 6.482977994281164946e-01 1.089864231505552894e+00 4.234037713168306016e-01 -3.023559759086956178e-01 4.971330365457486411e-01 -3.619549393343944876e-01 3.955012956775985633e-01 -1.175851983298771830e-01 5.259336108368547480e-01 6.288649651134206042e-01 -2.164649221497889908e-01 2.139378312664062531e-01 9.052851883236346930e-01 7.734855403676309249e-02 -9.676747546646813358e-01 5.661961050266383078e-01 5.820243866664372989e-01 4.886803685849444578e-01 -3.857665692600827922e-01 -1.980060507392178981e-01 -1.008934968687457134e+00 -1.295470712003864433e-01 6.895872500428310570e-01 2.837805564661654567e-01 -9.012601595090337092e-01 -6.470748656857014947e-01 -6.198700396975780347e-01 -3.653695482792039817e-01 4.009563233964116291e-01 -3.854986823341428059e-01 4.605477510662399077e-01 7.438865115201024336e-01 9.843124944976454627e-01 1.088587884705590758e+00 5.954129587010948965e-01 -1.394522408666014401e+00 -4.022359132801772152e-01 -6.913511407083746674e-01 -6.600579700967649233e-01 5.121763224132141329e-02 2.822817180802694281e+00 4.723225587586195040e-01 7.730552172899152197e-01
1.647447497819137574e+00 -2.036817314080230368e-02 1.174750655232687846e+00 2.385747558519896172e-01 1.146543147477704805e+00 5.767787011308365130e-01 2.245890000359229699e-02 8.257203825310616141e-01 5.170975481802984053e-01 -8.154537475611958186e-01 -7.771839602272706538e-01 -6.606357899818643409e-01 -9.113278684367485949e-02 -3.294796243289174406e-03 -3.876818474705194806e-01 -1.132788746690123638e+00 1.518528303611584640e+00 -1.340841335058337025e-01 -4.521390022632082450e-01 2.960087482451363439e-01 3.803825177330968921e-01 2.447291375503102620e-02 6.608649087832426661e-01 6.755149058557634589e-01 -1.190364452539071305e+00 -1.061201662691786840e+00 -1.779424456585761427e-01 -4.422381280730303121e-01 5.155145080510922240e-01 -2.949288150990435342e-02 -2.877663536458052174e-01 -1.274856188406344293e+00 -1.189497141508313316e+00 -1.211241183419021317e+00 7.048191234180497533e-01 -3.984340947436245117e-01 -1.980036116998740992e-01 6.446703279339277559e-01 -3.623892663352311083e-01 5.441559316699761117e-01 -2.461516993655807062e-01 -1.866020491394575209e-01 -1.801887575163941269e-01 3.108637102696613572e-02 2.983337202077111436e-02 -2.146659773545414873e-01 -7.821710915100009709e-01 -6.940645796854512106e-01 6.292645229509528093e-01 -1.502425750994144382e-01
5.258984480518438254e-01 1.732760235170709429e+00 1.760722177880764239e+00 1.573502048264988407e+00 2.435615631767405365e+00 2.370641848957826703e+00 1.609362924019288599e+00 1.672453898565707142e+00 1.385765258583947723e+00 1.898576456221231723e+00 1.562947200301521677e+00 1.275796616869641742e+00 2.063946944624893920e+00 -3.398684232552564577e-01 1.022310102381142949e+00 -1.744495198625292398e-01 7.748017222866715459e-01 -1.168349201403371257e-01 9.119206427371887025e-02 1.815134388524458908e-01 9.026885865299064116e-02 -8.144715330939522602e-02 -1.021381648986312285e-01 -2.671859571223100249e-01 1.466379343262903978e+00 4.276371263150734459e-01 3.635983113570895320e-01 -5.547174472861768346e-02 3.603638898519988532e-01 9.348276810805085102e-01 1.186923317419687818e+00 9.093625668052742750e-01 5.013937970416266765e-01 -2.888378749138208190e-02 8.927931486545209738e-02 1.379445062331023375e-01 -8.059175395666099417e-01 9.454375525891254295e-01 -3.093010518961878952e-01 1.369513920748123947e+00 5.639998244379316183e-01 5.033471028414757686e-01 5.608244989716409945e-01 1.004914245642184678e+00 7.799259697645101186e-01 1.585600138843255458e+00 1.304546616991325347e+00 -1.714238395018616579e-01 -2.311921903845751691e-01 1.348915828794881033e-01
2.105622165492126996e+00 1.261260480987691723e+00 4.382949844807820794e-01 2.332209372605015929e+00 1.606191176220810313e+00 3.650783452635524284e-01 7.338039058390876113e-01 1.391023371763021155e+00 1.520131064342037819e+00 1.962046505370259375e+00 8.715121009905223148e-02 7.184673017853416832e-01 1.695773522144806256e+00 7.492813886905450582e-01 -1.696246048825747199e-01 -4.388597298759441823e-02 5.788214957288835283e-01 1.567038668383265110e+00 5.626322588318298790e-01 4.190543983757641366e-01 9.287737654670653598e-01 1.054096033211971983e+00 4.825443621527216176e-01 7.313607430996830194e-01 1.220069727036065199e+00 6.868628947514173744e-01 1.837658841676080401e+00 -2.186225003565358260e-01 2.332087906359691654e-01 3.308896359559093669e-01 2.558812029166504520e-01 8.151793488124456921e-01 2.962052515820254861e-01 -1.648839114746052659e-01 3.259183870659006499e-01 9.991866347803053383e-01 -5.230921633630328804e-01 -7.555004428422240625e-02 -2.355045381639980784e-01 -1.291390739988312886e+00 -1.848424251344531200e-01 2.084363681732114948e+00 7.746589554133290756e-01 1.924567954022892824e+00 2.049780047446368769e+00 1.016196183652411600e+00 1.023082935550858608e+00 1.437657028291505323e+00 -5.871976121363279288e-01 1.608847478557872135e+00
8.929066110284247237e-01 2.231778250914645323e+00 1.746632841611642117e+00 2.110857443229589236e+00 1.593410432514658304e+00 1.561530694309030576e+00 1.326981750663664972e+00 2.108920965899064637e+00 2.327954457663347299e+00 2.062002098346045198e-01 -2.682665561967348747e-02 6.043816453787703713e-01 -8.594471268933023822e-01 -1.203664635473742361e-01 -5.771179772434340549e-01 5.494383020022377551e-01 5.566089973728174378e-01 9.783173825211195496e-01 -5.253436863293464709e-01 5.133666686980383753e-01 7.629711312197984263e-01 -4.262803397451097598e-01 8.141890035288785743e-01 8.671376738934478690e-01 -6.472967120288733445e-02 -2.731242055427557935e-01 4.912992324071345784e-01 -4.154897036705076235e-02 1.650947552350209735e+00 5.933726745110632361e-01 1.287812265122246336e+00 1.065780214437485496e+00 1.375147769986130308e+00 9.629225771818643587e-01 7.166469865916298421e-01 9.455889073020059543e-01 2.334235406382005051e-01 -3.895095657665291478e-02 4.382332462792480898e-01 1.094004291811496055e+00 -1.342037704819764310e-01 1.619140081729717240e+00 -6.965337234097069841e-01 6.653326205410102778e-01 2.704990062747717472e-01 7.654815424930679901e-01 8.921128683206532850e-01 1.188736429010481599e+00 1.753868098748471160e-01 7.552924528727340825e-02
2.298110345106668451e+00 8.432629131787294785e-02 1.773284818772202787e+00 1.156482606532712509e+00 1.560359866787877081e+00 5.545720030646553722e-01 9.714063244356896387e-02 1.688335541872149959e+00 4.505245813380098774e-01 4.645905095653580785e-01 -1.274453091515774794e+00 -2.538305276309849035e-01 2.685486168684434460e-01 -3.604082899137021068e-01 2.105061662600681283e-01 6.878917575448306732e-02 -6.137433636556258731e-01 -5.032218150313453320e-01 -3.437572573295791800e-01 -1.076660361414300660e+00 -3.643890966434869538e-01 -1.247776621924435947e+00 1.096498794213780353e-01 -7.230139700494950805e-01 -1.896663733433353594e-01 -8.730953037498706548e-01 -4.891843586905255670e-01 -6.816801223354782557e-01 -8.363763136559438927e-01 8.933581301754006665e-01 -1.017669314192089391e+00 -9.281532062246396209e-02 -4.419770631964631269e-01 -4.788968473734695475e-01 -7.858125173081225157e-01 -9.948022094843107788e-02 -3.012609850966384006e-01 -7.386327268826190506e-01 -1.955366167387174059e+00 4.202423556471998056e-01 -6.209922172150516007e-01 1.072121112943294152e+00 -1.494948483838699271e+00 -6.561555744827102243e-02 -1.342182582608109964e+00 2.572320367273271402e-01 -7.382650090205196136e-01 -3.032041120503469606e-02 -4.840420068267619058e-01 -7.174387621035653861e-01
1.738071467158663674e+00 4.035034343604544382e-01 3.313374751532219831e-01 7.063709366711710125e-01 -2.875388537300449521e-02 8.719737262435256486e-02 -8.338882622842842540e-01 1.896513261966495945e-01 4.469360807501255861e-01 -6.509992215424265094e-01 -8.376571115800837131e-01 -7.560982589936491305e-01 3.262567197842616284e-01 -1.195658900588690843e+00 -8.115307450471451745e-01 3.010411818092296188e-01 -7.905672557118407218e-01 3.823361363624720038e-02 -7.013429596598096394e-01 1.796117809518063546e-01 -1.018465734251593258e+00 -1.235315532015772488e+00 -1.480998558717454561e+00 -6.677672512288409523e-01 -3.693090717796695954e-01 -1.897470781958282116e+00 -1.040758188038881787e-01 -5.054803980632416316e-01 -8.255242633432419153e-01 3.458478118334304408e-01 -8.743426918310750473e-01 -9.859892100265367221e-01 -1.050446605321282201e+00 -1.508058484963044066e+00 -1.433384648971310238e+00 -1.948088239399871746e+00 -1.575302650995827003e+00 -7.296066567290695470e-01 -2.336565607012770052e+00 -1.645621612604563966e+00 -9.669717384729445975e-01 -1.568180727783395012e+00 -5.897833660048075188e-01 -6.422399244615774050e-01 -4.115782840777633678e-01 -1.431992176086307023e+00 -7.787166454404719218e-01 -6.879173191110565799e-02 -1.586741750648741567e+00 9.023360897446403017e-01
1.254614447234148056e-01 1.198490445424949646e+00 6.553144036698694830e-01 1.536180292955451332e+00 5.292695494256505206e-01 4.901387433033151941e-01 1.468155478467833008e+00 5.039862702429109831e-02 1.817617166234382298e+00 1.793998722713402438e+00 2.747153797949927201e-01 -5.305397203724904198e-01 -8.311311962539118525e-01 4.995671243245367599e-01 8.699571851543338452e-01 4.977748052303936355e-01 4.446368837303698029e-01 1.118660700606405323e+00 3.148535218288964210e-01 -3.440535392219204458e-01 7.351597203904062239e-01 2.024872159239038405e-01 -4.334413000787586956e-01 1.528463185761821164e+00 -2.682117250752001358e-01 -2.013085551062160361e-01 1.008787126523028460e-01 1.378357991770014390e+00 1.548418796788574303e-01 -3.042214227683748828e-01 7.199451250865943619e-01 3.433964858236911444e-01 6.449463881154336997e-01 -6.307138024279542732e-01 -9.578020040250223577e-01 -1.244134008487032261e+00 2.284732811432039490e-01 -4.493686810803531051e-01 1.344004973099062417e+00 4.891202520836422374e-01 -4.910432460837737406e-02 1.536764390232405741e+00 -6.670292398356827412e-01 8.106489122074042042e-01 -1.768276314615732370e-01 -1.796017955633300911e+00 3.981710373507892364e-01 6.046184950686389614e-01 1.346828552417749680e+00 1.647976836968126357e-01
1.975811578955864345e+00 2.470111105801882978e+00 1.814358187452202342e+00 2.291684187092580149e+00 3.896246379766045376e+00 1.877862422944909238e+00 1.767232327617181520e+00 1.520688791311266330e+00 2.100126382312151208e+00 2.198392710916444504e+00 1.356945901124743781e+00 1.549883362770313466e+00 3.131520681101601089e-01 2.482468049127472209e+00 3.183430587984305560e-01 2.569936763254207612e+00 1.685237127608276930e+00 2.070457628689126750e+00 1.191303582347440715e+00 1.429369685400289081e+00 8.032422689929468174e-01 1.804162674959126633e+00 3.183792667025751588e-01 7.958155248463927300e-01 1.861473055406048349e+00 1.163814743971102628e+00 2.942133077154534870e+00 2.270975750930395165e+00 1.379774454328947852e+00 7.202140000565423472e-01 1.816733474921107705e+00 3.929395178758394724e-01 1.363769423890155208e+00 8.753656589349576578e-01 1.196726318666057054e+00 5.475013946739694104e-01 1.160568727209956075e+00 1.847702148339397388e+00 1.226359238715603039e+00 2.033472003887593971e+00 5.518315577093410029e-01 1.134482108594794703e+00 1.498246977456173079e+00 6.838699898368728602e-01 1.891437224015496410e+00 1.491698568957037230e-01 1.147041751482900773e+00 1.077333621914025263e+00 2.223648940502434446e+00 1.433780583057814084e+00
2.892586407657105951e+00 1.042866247585011230e+00 6.397159233143856483e-01 1.419345846527766186e+00 1.607338099718667035e+00 1.057806361594429090e+00 2.630108934955277533e-01 2.699697829481967570e+00 2.257186447162786269e+00 2.088972181368207170e+00 -3.521336386271688990e-01 -1.115619694463130918e+00 -2.496462130417927139e-01 -5.622662832086096074e-01 1.743415753244005995e+00 2.468627899924172586e-01 6.921542992712680364e-01 1.091810237784555548e+00 -5.320469942638198640e-02 -8.437903756312403747e-01 7.441555493728535531e-02 9.996706253224317829e-01 3.198840823635131225e-01 8.591523803273224402e-01 -7.985973973299641537e-01 6.603806194000167995e-01 9.798495150887566452e-02 -1.189916234607274123e-02 1.934320306675962442e+00 4.444238795373108841e-01 4.024573055253472531e-01 -4.403132482989453589e-01 9.581785906589089796e-01 -1.088109313348106372e-01 4.563887755698031734e-01 9.844381110893695164e-01 8.000778470399064757e-01 7.227729482611512379e-01 3.613834049939734089e-02 2.854105174536509804e-01 1.994020901355111619e-01 6.517137018993849340e-01 -1.039658645132741643e+00 8.932238334548268099e-01 -6.484701810907692598e-01 -4.486460606274629559e-02 -1.921313665150282124e-01 6.038334953298204466e-01 -6.936169062857849843e-01 -1.924141662134341013e-01
1.581743067029559580e+00 -1.041489304066822719e-02 8.149631169378535045e-01 -6.312167002723145792e-02 1.394589676890264585e+00 3.115429514622347629e-01 1.540806365130976463e+00 6.119686753367976628e-01 1.026785760335095166e+00 7.781710999453664845e-01 -4.151733408401724335e-01 5.757163221459926650e-01 -7.128559810100284500e-01 1.390943467112438492e-01 -8.423475863240720285e-01 -4.296503514553531300e-01 -5.732317688601677036e-02 8.010920865069788566e-02 -4.941216235620037867e-01 -1.602402880167421717e-01 -5.645205193295038670e-01 -6.743950393994412040e-02 2.045115219922810923e-01 -7.675544046097877438e-01 -7.081049019631053820e-01 -3.466834038214263725e-01 -1.624198569923936963e-01 -6.344293618574209370e-02 -6.701165079765667443e-01 -6.422263892475376101e-01 -1.101480616839048299e+00 1.797192431741803098e-01 -1.149661045271790583e+00 4.351416035149347633e-02 -3.563651776575252894e-01 -6.520034277027942915e-01 8.786456196588038337e-01 -3.747073060156280166e-01 -2.622960664471148395e-01 9.300471553602998043e-01 -6.747220986025274092e-01 6.898136276358296515e-02 -1.144483571691567780e+00 6.028795975175010868e-02 -5.995388353671035064e-01 -4.963349867546695271e-01 3.954658056994920234e-01 3.541055774360259423e-01 -1.444234750176816684e+00 4.191444009005161897e-01
9.523803994502305637e-01 -3.886805755888305125e-01 -8.366975829869804926e-02 6.417098220527504004e-01 1.185153724529097730e-02 -9.526264597876921147e-01 -1.404549355825102097e-02 8.610929116933769834e-01 -1.928129421035573721e-02 7.112915820321248361e-01 -8.659785947963357655e-01 -1.800502637416544927e+00 -1.772527198904284784e+00 -5.471686486671898386e-01 -9.208662299327715628e-01 -1.643530927641843942e+00 -1.601172054088659369e+00 -6.711800703752809349e-01 -1.255821168305619073e+00 -6.867696024094845919e-01 8.826114121863708195e-02 -2.648183867149821236e+00 -9.220131279845966699e-01 -5.952984630108828501e-01 -2.443961570992095211e+00 -1.331860560885521627e+00 -2.846636850454098422e+00 -2.105394820394303590e+00 -1.193551557233933469e+00 -1.568928253283069951e+00 -1.290732354495984113e+00 -6.696433249744616623e-01 -1.033643244146611018e+00 -1.459312560783463608e+00 -1.644850185060966918e+00 1.295702131056751527e-01 -1.591045799147184692e+00 -1.784176321144530730e+00 -8.436155321973501930e-01 -1.067562105250409038e-01 -8.027093900139551375e-01 -1.840897318424051798e+00 -1.631874218390436670e+00 -1.869996919296351923e+00 -1.411370062360654209e+00 -1.036939735645039828e+00 -1.707317680475618271e+00 5.758152294494919277e-01 -1.112176941157327015e+00 -4.091197108569263885e-01
-3.501684807674123601e-01 4.372721243835362426e-01 -7.025193714922508548e-01 -5.559615510305226938e-01 -3.643134857012952921e-03 2.676920500573745088e-01 1.825336569154678568e-01 1.625326700288014514e-01 -1.245280767482819240e-01 -8.200756050844337786e-01 2.215212823137221176e-01 -8.178351858545248598e-01 -1.099655120861126489e+00 2.093519395644673486e-01 -1.742742416548923368e+00 -7.001807074954905508e-01 -9.365610170229357045e-01 -8.532870742195233227e-01 -1.605073556307629268e+00 -7.865380494778997922e-02 -1.228692276333068989e+00 -1.283854123114218870e+00 -1.099325414352845476e+00 -4.944455914094325055e-01 8.058276675168328518e-02 -7.892094954477960611e-01 3.065226384949859897e-02 -1.349061977029819781e+00 -6.009939061324740539e-01 -7.259098357176158034e-01 -1.020687106008419498e+00 -5.750650238778670653e-01 -7.663528048170489826e-02 4.430422400309033115e-01 -7.071849838083545947e-01 -9.028744912360310293e-01 -1.365321219484378457e+00 -1.908306076956773900e-01 -9.466342766812165799e-01 -3.606848256285875576e-01 -7.762222921449940527e-01 -1.404605696041331564e+00 -9.726287992172437669e-01 1.160554506117201512e-01 -3.189819917019411921e-01 -1.071518488610244901e+00 8.108701262714832492e-01 -1.057223509143114137e+00 -1.171650303593042786e+00 -1.486228352481463233e+00
1.018944499426653216e+00 2.568334890708012797e-01 6.708354832758647301e-01 9.303562523231068138e-01 1.534872323056516663e+00 5.429769152825925094e-01 2.385295759006678118e+00 1.719236574826386921e+00 6.220860320280532374e-01 1.173125151199076344e+00 1.547914503622816795e+00 -1.351048974874123620e-01 9.997741541377838104e-01 5.196746373711282896e-01 -4.505473906785880667e-01 1.440960732110316278e-01 -6.830112673798716116e-01 8.566831463786763745e-01 -4.367796379590741518e-01 1.051718884282492050e+00 5.151503247129275431e-01 -3.822445944851164401e-01 -3.254533306416084737e-01 8.277297039651052568e-01 -4.374416698103611445e-01 4.102068894330391791e-01 1.501137672892327357e+00 4.708623520653568706e-01 -5.991052197754433983e-01 6.343841489500190445e-01 2.441136377224768506e-01 -4.461141981717260396e-01 3.340938223115749173e-01 6.333117401083571130e-01 1.440970239873766434e-01 -7.297151603360027550e-02 -2.547363379068571798e-01 1.073064143145563865e+00 -4.854447196356648231e-01 2.936152956406206105e-01 4.664592949092610796e-01 5.955252946937533709e-01 1.905235872658841867e+00 9.280784246183496622e-01 4.257743931733530829e-01 -1.389671885099983628e+00 -1.976103075234535988e-01 1.850725475073517479e-01 -5.424767508568548724e-01 6.391025053719419091e-01
9.969224364512818681e-01 7.418120736098483547e-01 1.784347732036676959e+00 1.996812335859757592e+00 1.532998077241470192e+00 2.384846476796467218e+00 9.655796503665636799e-01 1.412216358780538306e+00 1.254420281912907775e+00 1.827562178451771935e+00 5.171530129377606144e-01 1.084221820767441669e+00 -3.992183803966383171e-01 4.076740490727858157e-01 -1.363429087467511458e-01 4.195759896353302154e-01 -4.486653923029260693e-01 3.681324669044626630e-01 -3.394625763125332929e-01 8.405852928325101558e-01 8.159467408456194670e-02 8.173385363571891160e-01 1.462757892304418217e+00 1.192173428029697391e+00 9.753246045397007125e-02 7.838720496924704850e-01 5.639107838649628363e-02 1.635172034524311924e+00 1.378027733112196396e+00 4.586956888273613364e-02 5.077111922038571867e-01 -7.729005961100950950e-01 1.575729693778236351e+00 9.683648279891582389e-02 -1.101538277732631910e+00 7.244099090850247835e-01 2.244557864004147252e+00 1.100579224933917022e+00 1.054512604499303619e+00 1.149017316073544404e+00 1.794430208704695939e-01 1.226192248686518438e+00 7.400275623662748714e-01 9.309973405558533699e-01 -6.567267078497127653e-01 1.359899467483696389e+00 6.724242288815822643e-01 -8.047656824680433640e-01 5.215468134188386840e-01 6.740897442885121493e-02
1.731055118359051681e+00 1.274813247293045571e+00 1.986375690928037230e+00 2.241042941594247218e+00 1.893981970666747561e+00 2.747935768734793172e+00 1.716856442128607441e+00 1.990697160403016142e+00 1.348136115753306719e-02 2.079378576813671664e+00 7.408625589254662636e-01 7.386685822871371654e-01 8.414075307296210449e-01 1.330585032536117041e+00 4.921334944343735279e-02 3.656949428627084830e-01 1.558671443486870034e+00 7.024819952398597689e-01 1.764951388234508256e+00 1.129823427789289791e+00 5.171376340941264971e-01 1.120499828698415135e+00 2.298535428204281084e-01 1.579729436359067263e+00 1.724819413393682721e+00 2.304629467058959269e-01 6.581960706146583462e-01 1.204426452044150109e+00 4.301514560434094858e-01 8.700581857324842794e-01 1.173078365461483141e+00 -3.302444053457712775e-02 4.470189511494604973e-01 1.778846093000604700e+00 2.304284425131088110e+00 1.286808316807269925e+00 -1.351144455792025467e-01 9.731170177793379006e-01 6.691921849613369222e-01 1.567117590077051537e+00 1.465727127256870876e-01 9.317152503840572253e-01 1.501789976563100204e+00 1.159321445782809157e+00 2.637948062282603257e+00 2.609441623578364622e-01 1.717689017018344089e+00 7.772988086864922597e-01 -6.124087995888368718e-01 2.154222548847684493e+00
2.371952442220395696e+00 2.543572485351584866e+00 6.761926046891211239e-01 -2.108653612932671617e-01 1.407977619014050941e+00 1.779015217003860005e+00 1.148546349085797891e+00 2.467949573639935501e+00 2.597450102130022476e+00 1.419374452429800204e+00 1.637959610639148966e+00 5.574089915093014547e-01 2.180123712465639851e+00 6.684140735794882326e-01 -1.847671602577257155e-01 -3.265123275195429553e-01 -1.831899402981197189e-01 1.250829622917225770e+00 1.306662508782596710e+00 5.381038300862510670e-01 -5.015854965749304457e-03 8.759839605902504100e-01 1.435410499420235908e+00 -1.598714097605208884e-01 7.811988224349541987e-01 1.453853379573605498e+00 2.355247468108560838e-01 -1.000041771228543874e+00 -7.357963579995778491e-02 -1.065094031953695564e-01 2.191262482143704060e-01 -5.856768853418646836e-01 1.787869829830031954e+00 5.454811374734579443e-01 -2.683857816515857753e-01 1.032922678210852041e+00 -3.059142919500543734e-01 2.443759630877121725e-01 3.535726809495605139e-01 -6.506313168297627181e-01 -4.848765756544764494e-01 1.267295124871581136e+00 6.008000261504391482e-01 8.561575559307487149e-01 -2.696776263509402805e-01 1.508570628179136008e+00 3.557666524857934220e-01 -5.268071607167194026e-01 -3.716087851369251904e-01 -1.284112932002833517e-02
-6.515403111549262771e-01 -3.749328663956572605e-01 -4.396807927488481926e-01 -5.829134294180304821e-02 -2.166527944440841402e+00 -1.189502963366829480e+00 -1.443619586625257245e+00 1.722552501552199189e-01 -7.536724252320443629e-01 -1.438773896821768705e+00 -3.010540320339973874e+00 -2.128961748925593866e+00 -2.020436288684862358e+00 -2.273829641469985230e+00 -2.227703294364288489e+00 -1.002179157795382247e+00 -7.851276453273294820e-01 -1.991048782207121004e+00 -1.983683282427553651e+00 -2.683065893019313641e+00 -2.772879531283232168e+00 -2.228184368945591132e+00 -1.620753042974456992e+00 -1.191167728457592334e+00 -1.496533580782930306e+00 -1.101381930974138612e+00 -1.107349152583738006e+00 -2.264388756559151172e+00 -1.804800000321961084e+00 -1.030738039993314814e+00 -1.513968002176761640e+00 -2.078820737228909810e+00 -2.340791922970968386e+00 -2.820115818145132014e+00 -1.889930642830725427e+00 -2.031019491597544135e+00 -1.137431100018581720e+00 -1.436648626861148248e+00 -9.693075579360825866e-01 -3.137497634024516202e+00 -1.496738823216155145e+00 -1.395884149766309257e+00 -2.790209455141309025e+00 -2.402842828088770144e+00 -2.336115704845142638e+00 -2.235129519525248742e+00 -1.390255311295861995e+00 -1.028981809015670379e+00 -1.860461320959922116e+00 -2.590522504370872170e+00
9.523448841280208743e-01 1.083472165755181793e+00 5.463355366674873537e-01 -2.994383364225552402e-01 1.714420048797255181e+00 5.456662069031457118e-01 1.080461046795438751e+00 5.062156215869543230e-01 5.677098540228378010e-01 1.623742746181664032e+00 6.984382826821899926e-02 -1.986785685490371212e-01 1.098136119140728839e+00 1.195529213523957690e+00 2.847494366501654994e-01 -3.133956186452124815e-01 4.835124275591606846e-01 2.915900658053428018e-01 5.827777673266348879e-01 1.217159006409614275e+00 -1.746919420226149100e+00 5.943162642120892736e-01 3.388741603577468120e-01 -7.691198738111979516e-01 -6.243058977949531713e-02 -4.447521870340260808e-01 -1.509998366531115410e+00 4.899180509775618586e-01 2.996034835455653189e-01 -1.219500724230254129e-01 -2.939929544374170201e-01 6.682189993941448081e-02 1.088443853355833546e-01 6.139331915153305452e-01 -7.337167357084176667e-01 1.714913631534808747e-01 1.350937179866431581e+00 -4.150717803575169618e-01 -9.710377832484977656e-01 -1.003835495913245168e+00 -2.137911005030429246e-01 -1.170325845049740465e+00 1.063037701226241971e+00 -6.403740056708492334e-01 7.512270654869209752e-01 3.722960991188311031e-01 -9.537449458096385335e-01 3.899542190659336938e-01 -7.171053863975900000e-02 -1.413016530431889795e+00
1.646624245985607971e+00 1.848857518040329939e+00 2.806237177551265560e+00 1.294738830169082977e+00 1.893799360488243266e+00 5.283986421360871155e-01 9.862043275989667013e-01 1.704798575339219413e+00 1.457706604390116567e+00 2.754378036685748210e+00 1.208335403234359756e-01 -2.179840085779831058e-02 -1.448446703068565454e-02 1.507301846038466620e+00 6.139837289331694786e-02 1.563458711963715775e+00 6.635464347731264700e-01 2.064152716094677764e+00 5.915098337970574605e-01 1.085271859473505129e+00 1.263482372917086760e+00 6.265009297689941858e-01 -7.539742627867154212e-01 9.565621380169210264e-01 -1.117404122780421893e+00 4.219696852996676628e-01 1.422489119355719200e+00 -3.864955243188327727e-01 6.997047313537069213e-01 1.145698696403972261e-01 1.371045913945728723e+00 7.156032789490814894e-01 5.287695893329242836e-01 5.387018099925039438e-01 -4.993153030079360288e-01 7.805585695034129579e-01 7.111913709904519321e-01 6.146818574660434242e-01 -4.800056064893591379e-01 4.060144483406133431e-01 9.556267328140299888e-01 -3.053944648276706864e-01 1.560703005770773810e+00 7.799645234854902798e-01 -8.180544109150592602e-01 1.656276502738103895e+00 5.038870957312167054e-01 1.644700446740609889e+00 1.938159953986946515e-01 7.621184441263062492e-01
3.674432209952339656e-01 -1.862554324100953451e-01 -4.471985235977957718e-01 -1.305182777140923012e-01 3.362284571341341843e-01 -4.958597774574857731e-02 1.480545436030918927e+00 -7.882412476663012146e-01 3.744864614155373195e-01 1.214380843666404752e+00 -5.561483591369107415e-01 -2.725537232635716345e-01 -1.389210883154400333e-01 -7.191863756653700257e-01 -1.064903071552476321e+00 -4.422211162309996335e-01 -1.833065466471990312e-01 -6.594608887438749845e-01 3.014996780013848299e-01 -1.055099634309219159e+00 8.784057844699193901e-03 5.605362471547927772e-01 -9.753610437524906640e-01 -1.331751419063945951e-01 -7.863470272136573458e-01 -4.667264512006099042e-01 -7.324769287537762352e-01 6.145887339047200609e-02 -1.291676463271284270e+00 6.222915220640665851e-02 4.628627617427335528e-01 -2.345820402786791548e-01 -1.981037348381772700e+00 -7.804110875651275592e-01 6.958788861737761344e-01 2.053329564969353371e-01 -9.508142062907040670e-02 2.229654521247639298e-01 3.088479880411096334e-02 3.614735120300115456e-01 2.317157214419604816e-01 -1.054620912475090044e+00 -5.194472091556515680e-01 -6.181319951828294634e-01 -1.489177471365021876e+00 -2.503382636155069840e-01 -6.421474749667026583e-01 5.621812859310850730e-01 -4.743541302328229681e-01 5.333874165723014871e-01
1.114048139130874304e+00 -6.281881626405554364e-01 6.103153222939272649e-01 1.077459817645304074e+00 6.621022615422613722e-01 1.120471628054287461e+00 6.344789813953358726e-01 3.718911892210770009e-01 7.184410458328223115e-01 1.788271455190091785e+00 4.087838538047737225e-01 -1.787288480710522931e+00 1.956160315871847688e-01 5.799552150927095306e-02 -1.269304113592917838e-01 -1.399633535428933317e+00 -1.781424700637035174e+00 -8.698222456406025371e-02 -9.110293257680672774e-01 -6.575080116384145468e-01 -1.433836998031990273e+00 -3.418741901857088039e-01 -7.696575720966759571e-01 -6.176104207049368799e-01 6.103569555243844313e-02 -7.299864891804529465e-01 -3.561000584659583246e-01 -7.187254282398861660e-01 1.008848421171253396e+00 3.262114178388781927e-01 2.267628050958238883e-01 -2.005213050654205409e-01 -1.954544904001657285e-02 -8.089263298862767182e-03 -1.398164223806106277e+00 1.121866783183676608e+00 -2.300764908236644646e-01 -6.827628529332551155e-01 2.707846964353353147e-01 -1.016904591439417652e-02 -1.724585705107047895e+00 -1.591056063227156980e-01 -5.993656101933937386e-01 -8.248913329868448052e-01 -9.276336959961770656e-01 -1.713317331024229451e-01 -6.128370127267863676e-01 -7.357581922109149852e-01 -6.045111498771125191e-01 9.776667754447063152e-02
2.479644900688186215e+00 1.709357643586643327e+00 1.059690789678466416e+00 2.201873511977747278e+00 1.902269918954689221e+00 2.764080182844798728e+00 3.003081642486697955e+00 1.866852076057700316e+00 2.087620079918220739e+00 6.658598415751321165e-01 -2.808802006735518220e-02 1.839379287405016328e-01 -7.949892056480505342e-01 6.992421451923755971e-01 3.026279076997472894e-01 1.840082347771495597e+00 8.138059959622329087e-01 7.593937552773101229e-01 9.300300743355950361e-01 7.957554842314297217e-01 1.985681358455024595e-02 9.822732279775415742e-01 8.668940445573112275e-01 1.476759474982213494e+00 2.618597311063413646e-01 5.680067262496403258e-01 3.868708044914194177e-01 6.911068998278604436e-01 1.203011715738043774e+00 1.426839966027754647e+00 7.925274471860389580e-01 -3.141476075942820634e-01 2.125193083832452867e+00 1.044076149825282851e+00 1.268035064332851514e+00 3.426788474039689503e-02 1.673924723435640527e-01 7.665121450833356498e-01 1.293956520365771690e+00 1.272845967006041024e+00 1.007373389066283265e+00 1.084946593715175656e+00 4.275255898943181587e-01 3.307581656737028641e-01 1.688266513471112340e+00 3.978324269685707404e-01 1.521833886443850092e+00 7.535374569622671492e-01 2.228612745078787927e-01 2.261509310181955890e+00
1.941301595842995997e+00 9.278281042667172462e-01 1.511847552800114514e+00 2.081893747504572900e+00 2.426985359631543382e+00 2.024683739110443526e+00 1.028957011702557267e+00 2.392486739790567363e+00 9.490505281404200133e-01 1.734626991343860558e+00 4.919280714720709602e-01 -9.699440187837216065e-01 1.039964811482632229e-01 7.654180945858133356e-01 -1.968905786227635180e-01 2.102948380365729175e+00 2.837949427033693572e-01 1.312391300828655467e-02 1.251074920832245585e+00 1.344481739070571669e+00 2.519083333968819005e-01 -9.392832886910681967e-02 4.026618235853984262e-01 -1.766451086010976113e-01 1.092192073123367767e-02 5.919718821161734645e-01 2.144500554244754553e-01 7.513103517862206038e-02 7.699462501266607362e-01 -1.243727150157185601e+00 6.408114326898902702e-01 1.724437610312005986e-01 1.266769580941261797e+00 2.187071231827107665e-01 -1.159033377460232939e-01 -5.225677259747419923e-01 -3.132889330024250518e-01 1.390554925659696517e+00 -1.099684759189295674e-01 1.255456697245434627e+00 6.458109315303758313e-01 -6.430818519501219077e-01 1.363861998531996633e+00 5.861527530213972437e-01 1.277398137555486368e+00 1.111382158915931839e+00 1.613281652912898767e-01 6.411345139792615777e-01 -7.135750527633423212e-01 5.772270660442105905e-01
-1.822572592397271318e-01 3.332987913384258816e-01 -1.559888796663244648e-02 -3.155734332910919981e-01 5.996437007684526366e-01 -2.456314489509570098e-01 -7.037957148226925419e-01 -1.874024748319762512e-01 -1.211477554566289694e+00 -7.333009417291496135e-01 -2.555869961891028996e+00 -2.188610323502883315e+00 -1.685509194001825861e+00 -1.381437976789913202e+00 -1.722978747140645472e+00 -6.051462639486189232e-01 -1.201762256055491779e-01 -1.317599307582033585e+00 -1.555340655216099099e+00 -7.036626847159765941e-01 -6.010354361329989237e-01 -1.626380474751176475e-01 -6.770310570237690617e-02 -1.295071494306788917e+00 -3.989132084678492229e-01 -1.334358177101652387e+00 -1.869499154956531628e+00 -1.978180871481438841e+00 -9.335280398206058372e-01 -6.962074222990581873e-01 -1.222348414106988246e+00 -2.350615512877206825e+00 -1.348204343412354067e+00 -1.186999975471873636e+00 -1.131174818773591051e+00 -1.248789334186327871e+00 -1.090333609609878129e+00 -8.027061060674308690e-01 -1.060377970821683613e+00 -1.284331326159383613e+00 -1.692107816878258397e+00 -1.374275290102797031e+00 -2.599175725383463753e+00 -2.194692525019022344e+00 -1.203289827207154383e+00 -1.312559553368960907e+00 -2.447434657298184491e-01 6.887302026330339721e-01 -1.579634170641107005e+00 -1.220461655849920168e+00
-2.978811472336428956e-02 3.702425532300279709e-02 8.087299164623886760e-01 1.753555827259535294e-01 7.199265230876159549e-01 -2.777692454003011235e-02 6.706237193655573137e-02 2.772820401635556209e-02 1.118915342104534583e+00 3.327843489881160410e-01 -5.341934674568322716e-01 -2.257741742279975039e+00 -1.548253740245955967e+00 -9.890915589087126980e-01 -9.994839357143490144e-01 9.035988395380127880e-01 -2.732065475862998083e-01 -3.636252421230170562e-01 -3.071586100538671316e-01 -7.930900628646715411e-01 -1.687021240382729381e+00 -1.329960593428309412e+00 -4.623676035616836599e-01 -9.800536570889833987e-01 -1.270412480771642150e+00 -5.482548937468937345e-01 4.871777276253370648e-01 -1.841967693921221061e+00 5.705219114401390845e-01 -1.712718998138810900e+00 -6.462506671582717299e-01 -9.248897441444366985e-01 -4.653788386055370263e-01 -2.145939271111309221e+00 -3.986688573048760564e-01 -3.668901066157850277e-01 -1.165122373788928689e+00 -1.674572679675127684e+00 -9.784511976058166693e-01 4.511450997959879361e-01 -1.198929490424328170e+00 -7.521025768660779542e-01 -5.417497603261645089e-01 -1.466034982481921878e+00 -7.870551952980611166e-01 3.991011410425363004e-02 -1.029174062464418116e+00 -6.207515887003525190e-01 -8.957647918809105159e-01 -4.701779266152892323e-01
2.981509833601919013e+00 1.159378501336471468e+00 3.042956326686983903e+00 2.901455342483463262e+00 2.185280159500556874e+00 3.093280957074731052e+00 2.138150727942366380e+00 2.382090370201719765e+00 2.936351920256838888e+00 2.954278504049280940e+00 5.709434653705952600e-01 2.271391304247951215e+00 1.936440335896628007e+00 1.022505959559236066e+00 1.234875161146086198e+00 1.891604640594694464e+00 1.498654224741445162e+00 1.203597412561503655e+00 6.895044902250688779e-01 2.060825693292585914e+00 -2.501295236880960449e-01 -1.299967771098898606e+00 8.964738859837962925e-01 1.671025490157177051e+00 1.450078542117006819e+00 1.599476141823297226e-01 1.387626223557636651e+00 1.089826223259711568e+00 1.662428288189909953e+00 1.417229633537027356e+00 7.919048915707627145e-01 8.925469551545506253e-01 1.170343356198543239e+00 2.116892027937079757e+00 1.517248242983238571e+00 1.952001484435548884e+00 1.620106638516265019e+00 1.036674762735282807e+00 1.053333035626793146e+00 2.240323747182398351e-01 3.065918433730863590e+00 1.401467116659370904e-01 1.704227513307373654e+00 1.182458404346379499e+00 1.893623237399172377e+00 2.639024349850251361e-01 1.644931400638758090e+00 1.292035643475394568e+00 5.689403075172002611e-01 6.081823837333463212e-01
1.413282384271052017e+00 1.768640178928182038e+00 2.011352376890325200e+00 2.940402086078726551e+00 1.124924872461471326e+00 2.353575163569983086e+00 2.130898574775636156e+00 2.093985877046193878e+00 1.858271706381010357e+00 3.684480115894660512e-01 3.020499127508219361e-01 5.941095327769301271e-01 1.723170152349814854e+00 1.168119154280188310e+00 7.134134781107002166e-01 1.052079238801512107e+00 4.332840552460760775e-02 4.994240436642986558e-01 -7.829412747557390473e-02 -8.578437319535232586e-01 5.054597680694249417e-01 8.530512021986359494e-01 -7.561549422962748901e-01 3.126921818762401495e-01 7.665616115115805318e-01 5.540092985553324301e-01 3.951568322174653369e-01 -2.371154116135892609e-01 5.077911237913163012e-01 1.411537126587591340e+00 1.060827824961450144e-02 -3.661328953421634780e-01 1.353847530290265055e+00 2.424931732161932363e-01 8.433113437350767683e-01 9.919055974382595675e-01 3.758235944892503455e-01 -9.507664505291150148e-01 -2.896359040341335914e-02 -2.431759226206032243e-01 8.710241542623345934e-01 9.607441086188772683e-01 2.203665568851352341e-01 -8.465792253980775062e-01 6.696417689402138773e-01 9.957232745068282931e-01 2.758848188477218688e-01 7.517141402125822047e-01 1.609809154691904318e-02 1.171023081381535436e+00
9.976185219957611761e-02 1.532624838480923790e+00 1.437959597881424134e+00 4.927795200280917776e-01 5.110463214752096750e-01 1.545153050544177509e+00 1.746204429785396250e-01 1.544407700051135812e+00 9.998871172170157307e-01 3.051777352719153846e-02 -3.407434424484498403e-01 -1.159167337715010238e+00 2.908746134245359105e-01 -5.227084898822654813e-01 -6.247928374949424102e-01 -6.316458887876841288e-01 -6.440495418443080711e-01 -7.165162172263439544e-02 -3.007490175864303145e-02 -1.861581869071819717e-01 1.756277222132487104e-01 3.979272879374329830e-01 -3.459291640201380691e-01 -1.272791613442685391e-02 6.158228281322712938e-01 3.032813566975594011e-01 -3.418848618558837371e-01 -7.237395958879063729e-01 -5.476708949511136515e-01 -1.029916678742928360e+00 1.004072851699826519e+00 -2.607218177212417554e-01 6.262262066428614382e-02 8.941849888814702718e-02 8.133191176760312668e-01 3.172586420385385408e-01 8.687465689468316654e-01 -7.327975143313755768e-02 2.353210724715257829e-01 -3.017729396163499889e-01 -3.003436900834770551e-01 2.770991591850882063e-01 -1.006229558685344694e+00 -3.917947638444961578e-02 -4.295657901595731909e-01 1.081284836859514931e+00 3.721006626821795060e-01 -5.382206783353803425e-01 -5.739761474747929748e-01 7.817354222885931625e-01
2.816549474891310023e-01 -1.084064299907921303e+00 1.028468750280454147e+00 -9.899230187858520935e-02 1.154215830349691885e+00 1.480948698203030434e+00 1.718086925157717992e+00 6.904228319953749082e-01 1.885267080364012582e+00 1.368370122209912054e-01 1.637846750889460301e+00 -6.520997818734446394e-01 6.460650478389853291e-01 1.486537651932436366e-01 2.547699469671035333e-01 -5.524983809018761960e-01 8.352413727546221800e-01 4.190952828225476545e-01 -6.920700024893122748e-01 -2.549595476851168607e-02 4.651816666591223615e-01 -1.468979333359160255e-01 1.588033076364714358e-01 -7.476811887601719775e-01 5.885920682765931611e-01 3.342712259101715544e-01 -1.670533219803555236e-01 -2.423308581714711252e-01 5.035063873092188169e-01 -1.017983033296289141e+00 2.406012718466422617e-01 1.125822769635193010e+00 3.153154147991170664e-01 8.753930593193727239e-01 -1.006916834417352691e+00 -2.016037987504928908e-01 -7.083720090012991799e-02 -8.567850751096656170e-01 5.771053630478849561e-01 4.514044793147907741e-01 1.095658796251839595e+00 -2.251295877464728479e-01 8.204548947822737706e-03 7.974897182262324913e-01 2.999832213306197759e-01 3.100970215313710865e-01 1.335539983202914893e+00 1.040481380820140522e+00 9.558440884262717763e-01 1.364221613262182720e+00
1.217298606660568439e+00 1.566536098373582320e+00 2.390982572859074118e+00 2.935006972686163840e-01 2.270601586628906432e+00 3.734053303220871145e-01 5.043426333291918251e-01 2.164898657665033532e+00 7.945189457726918869e-01 2.138711698387547600e+00 -2.213072755466144181e-01 -2.885440657536975650e-01 1.561632885907101365e+00 2.967120326221467930e-01 1.108926881807798859e+00 1.661363401254317473e+00 3.325244846679883404e-01 1.945501573403261575e-01 5.814531792743993233e-01 1.889465430345128039e-01 -2.465577423434372195e-01 1.058691266257397956e+00 4.758097552702925115e-01 -8.442239621278427864e-01 8.978002768565834790e-01 5.761431853807925663e-01 1.742457785602332443e+00 6.096723775003132229e-01 -3.024348090803927747e-01 -3.124825589959701055e-01 -3.355532329034519035e-01 1.342839494577157344e+00 3.376099342073932141e-01 5.993866806427946559e-01 -3.097700865243232377e-02 2.179875469676582522e+00 3.518671672234088277e-01 8.045224050701786922e-01 8.420138925867943769e-01 1.131977493778824506e+00 1.395438068921503350e+00 5.855922547765388675e-01 -6.909653690739877563e-01 2.798899756555172091e-01 -3.558401545628925300e-01 5.717255962898361819e-03 -3.979326840781159391e-01 3.990587787478295234e-01 4.490083692298452722e-01 1.371157802887932764e+00
9.301599087869000249e-01 1.402545392372044120e+00 1.277554936472313551e+00 1.964105714728985319e-01 1.216277359157231563e+00 -3.121381024555178740e-01 -7.168329948938170215e-01 -2.945292678815025766e-02 4.639531796339628755e-01 2.983572959688515214e-01 -4.200488100302113836e-01 5.645013236053653127e-01 -4.586643459153103008e-01 -3.702449636573801328e-01 -3.637812440993944962e-01 -7.213490353916433007e-01 -7.197651028026491593e-01 -1.715068828580056826e+00 1.521169406569244098e-01 -2.117310075900325772e-01 -1.370962917793393521e+00 -4.925537687570155643e-01 -1.160894768736942195e+00 8.259153053971050040e-01 -1.152145586836750946e+00 -8.907514753136456243e-01 -3.418922083785478350e-01 -4.066764381034623788e-01 -6.089957903386534338e-02 -4.149149014898758647e-01 8.455093092116254538e-02 -6.632234112445642982e-01 6.044259051283670248e-01 -6.728175814326259330e-01 -7.529484659735593555e-01 -5.591727944007808260e-01 7.795433667521258769e-01 -1.067490714302700150e+00 -5.684655789189210218e-01 -4.841603292069502906e-01 -4.794067606185091757e-01 1.976207503251218855e-01 6.193304424347849668e-01 -1.016690375477133701e+00 1.429714782456333044e-01 -1.594191721117561578e+00 -1.772564129891668616e-01 -1.370543591444443043e+00 -1.726487465208103256e+00 -1.388618925179203600e+00
1.809739675357253663e+00 3.848928335161017067e-01 1.116687619180576574e+00 -3.874239218295127962e-02 2.387980531758804315e+00 3.100734703043345197e-01 2.284257053068131649e-01 1.039219743619278269e+00 1.482392107965817774e+00 6.201769684238958025e-01 5.466869523859101410e-01 -6.504556784503575662e-01 1.158567577468241211e-01 -5.935283210737142268e-01 -4.808641061147551077e-01 -4.046141940536075038e-02 7.077242829469162499e-01 3.736787968489585499e-01 -8.975285661437685247e-01 -3.327421598365445932e-01 2.827177191015253221e-01 7.144739686536846768e-02 -9.869718931597829537e-01 -8.444795675350926789e-01 -6.784537709264589767e-01 -4.145144807801408038e-01 1.786497393029226610e-01 1.777277416364513307e-01 4.682867771517392197e-01 1.017329177120527284e+00 -1.145432292656466400e+00 1.967680802154800623e-01 -9.089561965402092047e-01 -5.237335150520580074e-01 -4.379015793730151596e-01 -7.632484428463928161e-01 -7.001537437119975671e-01 7.739416485894955455e-01 1.557130445842753064e+00 -2.914646290542808466e-02 -1.379305806404735213e+00 -1.819462053235379351e+00 -4.101857267590462014e-02 -6.978495705980853892e-01 -5.649597042846997708e-01 -6.193403033388596990e-01 1.554762969477997137e-01 -9.216134177582515630e-01 -8.340684885320791553e-01 1.231953568750022932e+00
1.846749743016651291e-02 3.593281282558297152e-01 5.247505497035779287e-01 4.252549160993926991e-01 4.754626028206029309e-01 6.806616593021170836e-01 2.659679907105618746e-01 -1.230248986685622103e+00 6.881664343531972428e-01 4.005021129524678480e-01 -2.358057022442720196e+00 -1.573739983695109812e+00 -1.201758699850077550e+00 -9.503718072470891398e-01 -7.452984942328989559e-01 -6.866056145366857821e-01 4.208181196644841804e-02 -2.570100931521568724e-02 -7.274194102860060962e-01 -1.280884451562247950e+00 1.425188587473757706e-01 -1.337232005041767646e+00 -1.413052221543460441e+00 -1.522869118753553241e+00 -3.943672914949293284e-01 -1.343785790178085235e-02 -1.570432827309407475e+00 -6.752189625213843582e-01 -2.720311775666218512e+00 -1.487963780662409974e+00 -4.987952580014733128e-02 -7.917468970081796842e-01 -2.755505585394228962e+00 8.502106172920712579e-01 4.344700491388648889e-01 -3.234571000434008914e-01 -1.665404611989347305e+00 -3.873959428208016975e-01 -7.153659173181843300e-01 -4.600453716886809818e-01 -1.465036631457628857e+00 2.425490197842102014e-01 -3.389469179004526711e-01 -3.402784944147332347e-01 -1.143784712256656233e+00 -2.021526227184753388e-01 -8.274013967607505293e-01 -9.005418972939827071e-01 -1.949492090687092505e+00 -1.218025031578322759e+00
2.018257777837805467e+00 2.261849298165420130e+00 2.586036589179107281e+00 2.224544365011688285e+00 2.906689183350560590e+00 2.650757527307625150e+00 1.254974767428379323e+00 2.774759989946098848e+00 1.686000515762996255e+00 2.115198525598035673e+00 1.304851728372066755e-02 1.250083813917242770e+00 9.599044108657905916e-01 8.974815971952300186e-01 2.512280823330934165e+00 1.830665169621403132e+00 5.699961237033010497e-02 1.301227630301160065e+00 -6.343748984915148492e-01 1.626988869386636560e+00 3.348394488966949467e+00 8.076418861104871505e-01 2.052090093625664746e+00 1.812808251311609054e+00 2.080882660139105944e+00 1.419576562307744316e+00 7.302388725475171816e-01 1.148181869434255375e+00 1.170607888798369745e+00 8.130794593092873779e-01 4.892800594627659816e-01 1.213587826558151672e+00 1.153782555326175352e+00 2.158701527704873335e+00 2.369275364426919772e+00 8.314637497829674428e-01 2.106432831796154481e-01 2.321328363390469107e+00 8.121167861296960666e-01 6.228406898698667371e-01 1.428317192382731360e+00 1.301441915241894898e-01 2.225517653034287946e+00 2.381838707596608540e+00 1.472884458642652161e+00 9.781813711332415506e-01 3.071584942680432473e+00 1.822854386221355760e+00 -1.629125023325789512e-01 1.008304067091235323e+00
8.958334813431608756e-01 2.158039576692424966e+00 2.739688483706576694e+00 1.701651026585233151e+00 1.327751127859684965e+00 1.096404771866922978e+00 1.473392836373833781e+00 1.225194575421928667e+00 2.193436418548865285e-01 -5.784952881196454566e-01 3.575832902074043695e-01 5.863875157157059093e-01 -6.667419712542015375e-01 -1.513186768985041175e-01 1.818497573844500004e-01 -8.884318682146205570e-02 -1.563189998260584579e-01 1.366585869156289768e+00 -9.265182096960292712e-01 -2.942694578270412253e-01 3.840015298768827967e-01 1.558873420122681486e+00 7.442035460193554552e-01 -1.451115897210225325e-01 4.881736599693857759e-01 4.844407907446618422e-01 7.586858353048977488e-01 2.039451792141706132e+00 1.487282611239949981e+00 1.579914120613385153e-01 2.129960282828979423e+00 6.187327571665844905e-01 1.229968847733581505e+00 -3.376579967160556750e-01 9.244439207986747675e-01 1.173457305131001327e+00 5.304672501751160896e-01 2.198511737538483557e-01 1.108907912127976569e+00 4.533440976185801330e-01 1.472009036335453214e-01 7.115168351350739107e-01 8.778784495093622242e-01 2.110693014572891657e-01 2.528643545925162162e-01 1.697868837076020210e+00 9.097750228936579697e-01 5.591024162714085255e-03 -3.904586264999142520e-01 9.414439699611538703e-01
5.453933271876232336e-02 1.338142338724871871e+00 1.137362448552292848e+00 1.244571563546621684e+00 -1.064049194269224508e+00 4.550429577459048636e-01 -4.947472536013775013e-02 2.561677816340747205e-01 4.412263488749442741e-01 -8.664226556894270015e-01 -3.377338611152753134e-01 -3.217071555539117722e-01 1.311888594545014497e+00 -1.076977003981154590e+00 -9.556383195507379691e-01 -1.057931435475183424e+00 1.440501249574657749e-01 -1.334412197743058415e-01 -1.992613526141325322e-02 2.045319375998682354e-01 -8.070911823575365948e-03 3.385173680756340953e-01 2.264370760589760057e-01 -1.033464802842092300e+00 -5.543018217657519342e-01 -1.915776077586159309e-01 9.187265382666671698e-01 -7.206845205558978229e-01 -1.799273304510929705e+00 1.627914184978611178e+00 -1.155869650446873731e+00 5.992925967370427154e-01 -6.052639815507313559e-01 -3.561487886133445913e-01 -2.464879211014748550e-01 -1.130281448878875522e-01 4.573591979364665105e-01 -8.224267421966704461e-01 -2.628645166447440840e-01 -7.277522303547460103e-01 -5.605829168155690434e-01 -1.245761105905311972e+00 -2.284747964195975589e-01 1.157017552560123841e+00 4.243561211713687831e-01 -4.335622154675262130e-01 -7.001753063995086457e-01 -3.156332604998166591e-01 -3.845653660074725422e-01 -2.950834162096300783e+00
7.054948192975186716e-01 -8.797956621086844287e-02 -9.350477993240957630e-02 -6.601054678437301426e-02 -1.617155374966077197e-01 -4.012200437736701542e-01 -1.122656452179825237e+00 1.357282512735146440e+00 5.823590692992068885e-01 -6.510633104820744421e-01 -5.370917955270200217e-01 -1.028220899611443473e+00 -3.773026922015203510e-01 -1.736414168700943339e+00 -6.119146006567222074e-01 -1.578989088025495535e+00 -6.096055496429809706e-01 7.344016782529225185e-02 -1.658405020673715813e-01 -1.090136526454493993e+00 -9.905435360452959914e-01 6.378229340229808753e-02 -1.156965827089847743e+00 -1.123795454785878833e+00 -1.087082669108382138e+00 2.610502744024308930e-01 -1.053921234168546439e+00 -1.407183604151106104e+00 -1.419349075494558576e+00 -3.456157305900721122e-01 -6.791702063100114595e-01 -2.266254067722627497e+00 5.029241704314211386e-02 -2.186483888530764919e+00 -9.667416445998820995e-01 -1.166797275033133241e+00 -7.436171865503079514e-01 -2.026465433626733592e+00 -1.344181207247962195e+00 -5.802078885138708397e-01 -1.250608069717721982e+00 6.940797678950980654e-01 -9.426942267028307620e-01 -1.064811544438236668e+00 1.100157658500806823e+00 -8.500950454850220162e-01 6.788854000476339523e-02 -1.089788162972570307e+00 -1.550956546531492286e+00 -4.917105317819404631e-01
1.373099793015966963e+00 2.133435116831414735e-01 1.209217012733927454e+00 8.180883864803865091e-01 1.474413038784467611e+00 3.979205013896977006e-01 9.741886587948050957e-01 1.911904122834019892e+00 2.484890254422933875e+00 1.775070300283307034e+00 -7.394781611509345653e-01 -2.875636791584983420e-01 -1.852334383866163087e-02 1.159657511657651296e+00 6.591650111844112869e-01 4.202635688615899978e-01 1.329038149871005103e+00 -2.762172014809122222e-01 8.868172757530930206e-02 4.342606854227997748e-01 5.523230005900015005e-01 1.231881929262676756e-01 -2.496937303836680166e-01 1.594581696071536880e+00 7.187375228742285405e-01 1.079298947829007982e-01 8.723734367477660179e-01 7.059031898408173467e-01 7.867595947209321539e-01 1.517562353445495615e+00 2.888324978232377216e-01 1.518856768811167601e+00 7.611710394692824400e-01 2.876032671335605403e-02 -3.848331208509221946e-01 -1.522455233456386781e-01 -5.835326511889592505e-01 9.613540368894948340e-01 6.346352786246804989e-01 8.604440986548373971e-01 4.351928045261674316e-01 1.243599360217287009e+00 7.636079266958957223e-01 4.722651662988639476e-01 6.952041984351603476e-01 -3.945559187222916764e-01 -4.632297339327668961e-01 -3.076291694859671910e-01 -2.994398299451150880e-01 9.130147591331622126e-01
2.937631859435778203e+00 1.840347570960443768e+00 2.510763906466209505e+00 1.610439852565910268e+00 1.419996486512439704e+00 2.444504982700169471e+00 2.182053190289326317e+00 1.130664296400119451e+00 2.067413645554867507e+00 1.034928345984380993e+00 5.667071623606495523e-01 5.980436218797435810e-02 3.154786527961833675e-01 1.233029820485120664e+00 -7.286996985492634193e-01 1.449689041337703932e+00 1.311502147029455889e+00 1.305525163861856353e+00 8.249839930999481874e-01 7.952416766320796748e-01 1.541395943361555387e+00 1.093994106663769283e+00 -3.643209362291032205e-01 -9.394507196252785408e-02 3.200127238904030835e-01 6.961263671610946613e-01 -1.024131121636388947e-01 1.811129931036319363e+00 8.837971407259180845e-01 1.265423204265150869e-01 1.605497689060018329e+00 7.432349706633133435e-01 7.939995051514656677e-01 9.066320859146055344e-01 8.472285553256274637e-01 2.072565819034663637e+00 1.946087778403127744e-01 1.495474022091629884e-01 1.926629431433410478e+00 1.993091810197673563e+00 1.425160265580665275e-01 3.273865006214936590e-01 6.473430747768353921e-01 5.956616276630672946e-01 1.830798890194556064e-02 1.052226552569388129e+00 4.592038458568666881e-01 7.695615437514129464e-01 1.716429781826905199e+00 1.041771990858663344e+00
3.987904583352998023e-01 2.220125726422251144e+00 1.819531898063453612e+00 2.125136254630033417e-02 1.081689751890382301e-01 6.384805735548018113e-01 1.428075425146535959e+00 -5.767356805356020910e-01 2.104491831984940386e+00 8.635890547008886475e-01 -6.434072906374110890e-02 -1.425946723144572603e+00 -7.400880111929317717e-01 -4.607010644583491854e-01 6.322724360446965175e-01 -5.679323413848075264e-02 -1.699141402399003686e-01 9.778071331962059354e-01 -1.305097314566006528e+00 3.331336858071769491e-01 -8.603850692997505600e-01 -8.226803653700894003e-02 7.470125471605112422e-01 7.098001906226508728e-01 -5.524706466552300466e-01 -8.164828279065509120e-01 3.471612068745667801e-02 6.613901783151974190e-01 -5.546969590328010291e-01 -1.298575080877675536e-01 -3.028916195595909300e-01 4.411616695489811724e-01 -1.043058158060707674e+00 -1.915121040103700822e-01 6.431126039863251931e-01 -1.344295688748855744e+00 5.325315258767131521e-01 3.020832731916343050e-01 -2.850127863408851159e-01 -1.306403041355896910e-01 -2.774710954211729863e-01 4.174951705486019127e-01 -6.730889082850645133e-01 4.629963836884887773e-01 -9.164872681911291341e-01 7.416111778377713903e-02 -2.051030479709306242e-01 -8.405700908516136050e-01 -4.566801429914957855e-01 1.625837125044879150e-01
6.058615914155183191e-01 5.379778253773770391e-01 7.428819360928404780e-01 -5.203669012432567964e-01 1.149545042986928944e+00 7.854200947902401087e-02 1.330974182744794732e+00 -3.957181726642196029e-01 -9.130760713399537210e-01 -9.917490034688405398e-01 -1.335219127697264252e+00 1.104455737897764855e-01 -1.563055897656413951e+00 -1.173070686783352468e+00 -8.590180755505536503e-01 -7.994054249381439270e-01 -2.643827082541134188e-01 -2.282636226456539463e-01 -9.333186275468005055e-01 -6.318534798072122927e-01 -1.293236221887561710e+00 -1.231403344937783695e-01 -1.937669312015171119e+00 -5.529298939604785357e-01 -1.432390640398490511e+00 -2.515030247475501746e+00 -7.392791543471616267e-01 -1.144999879408603372e+00 -1.156083642267846878e+00 -5.708237813925739479e-01 -2.058274881819059043e+00 -5.210028465700466960e-01 -1.552987747525951256e+00 -1.533467209500760209e+00 -6.686893936171424135e-01 -1.379888797295182101e+00 1.994514171771662181e-01 -6.418353984370241960e-01 -1.286676071206283689e+00 -1.240681545638872452e+00 -7.184967491247722382e-01 -7.848879529763053142e-02 -1.775489536657126055e-01 -4.735468473426270308e-01 -1.342011609958899232e+00 -1.492470623583229461e+00 -9.545124548869311498e-01 -3.951175104911038294e-01 -1.091271951905091298e+00 -8.293234246742851035e-01
2.614937873764051623e+00 1.645843254433253300e+00 5.595409230277511581e-01 1.471166233859359629e+00 2.203454861309836144e+00 1.758909899761613937e+00 1.715759404706628910e+00 -2.643372772032257512e-01 1.780281297281345765e+00 7.561357820967540277e-01 -9.151327843366573456e-01 7.142466354616198998e-02 7.188172964936943021e-01 7.237966775395990315e-02 8.761199210836146944e-01 7.937999171347080996e-01 6.472681595298418467e-01 1.139690556103245128e-01 6.360694071434299657e-01 -6.183815671322400176e-01 -6.923634111611848274e-01 8.476826753579335127e-01 -1.858647485651730991e-01 -2.577077558301991700e-01 -5.849354018865100813e-02 1.013916988617427073e+00 9.906045787146321446e-01 -3.402839964692608299e-01 3.624483346294158498e-02 6.950811766864567476e-01 2.139101334388796294e-01 4.222326095772790389e-01 -2.464882066152326856e-01 5.827053400192574451e-01 -6.570321339767992708e-02 -5.986976081386645721e-01 1.272686314642998529e+00 -3.478540008351420076e-01 -8.420131034318922847e-01 1.160869237570643531e+00 8.763327431962992797e-01 4.515871305322015083e-01 -8.247604945012524391e-01 1.292635943067527826e+00 5.747554135199403058e-01 3.458856668208736274e-01 1.046386144870590007e+00 4.672477820052070019e-01 -7.939819114370099129e-01 2.790177366207340914e-01
7.829746823947940637e-01 1.733905373312272680e+00 4.076197777417009949e-01 -1.494337247965187299e-01 8.166298583483211360e-01 -2.808640030666733622e-01 -5.604138823710704820e-01 -9.166544401229614891e-01 7.094530053046679274e-01 1.345272010518156591e+00 -1.500427022227390106e+00 -1.192243742995680922e+00 9.559500262346739552e-01 -9.231322614860528741e-01 -1.098869245421406848e+00 -1.335843640598744608e+00 -1.095631835560875844e+00 -3.321832107816707347e-01 -4.162130234339405099e-01 -3.388734023152197017e-02 -6.595068522494041963e-01 -5.554166568942561222e-01 -3.620695712848057690e-01 -1.672842662279939441e-01 -6.850508675574457085e-01 -1.817086372261720872e-01 -4.196164311138735892e-01 -4.227096735431575270e-01 -8.304168159306735131e-03 -1.129931961560649345e+00 -1.348828809426839914e+00 -8.463588680871956260e-01 -5.236823796250661411e-01 -6.379495552561814664e-01 -7.264474830622593693e-01 -1.065638495880951997e-01 -1.901677993431700076e+00 -2.081947213586753664e-01 -4.241014287520240011e-01 -9.478319441371321208e-01 -7.479771607143748113e-01 -6.756008912226753038e-01 -1.102985090363479914e+00 -7.593935868349471763e-01 -1.032749562596305237e+00 1.257067151420047935e-01 -7.948276713419715200e-01 -2.277268310980157529e-01 -8.702637095243886955e-02 -9.305528390063838584e-02
1.991921940290098281e+00 2.388920194227416527e+00 1.938285660084303252e+00 1.991880595602608883e+00 2.131960183306304213e+00 1.175772699606244531e+00 2.210305712558811919e+00 3.409826245082258289e+00 2.122747275943903222e+00 1.353721964165633507e+00 1.723344778725041548e+00 1.411058884334526864e+00 3.091459424075582718e-01 2.036175023161244546e+00 1.732754224477958793e+00 1.211947244766841125e+00 1.949562389755120417e+00 3.401147501280364693e+00 2.657631709555426713e+00 1.506384163033336998e+00 2.144527502006374764e+00 1.608432740628603641e+00 2.352487727721654931e+00 1.100277380976954822e+00 1.490258557082901225e+00 2.780121449270303469e+00 1.632337167418963508e+00 5.693738699053224606e-01 1.527016354727718683e+00 1.815981733714678859e+00 7.757695654123916151e-01 1.082663935898055874e+00 1.919941010910925394e+00 8.833195994100075943e-01 4.337986137366801054e-01 1.694368060762152517e+00 9.847757974618705223e-02 1.664418819889253109e+00 5.473941661063861375e-01 2.221084169322469493e-01 1.674996552352612467e+00 1.402524314440908526e+00 1.674812935720423557e+00 1.664393884591822415e-01 1.651851164203684608e+00 1.735346832552236984e+00 1.305226200123090985e+00 1.430927670364183779e+00 2.520394835105972842e+00 6.329683883268620859e-01
9.800594048359818622e-01 -1.203167387563439661e-01 5.674340543316050978e-01 3.945075554927118811e-01 7.778712792726889536e-01 9.845799207074793502e-01 4.497635656485400313e-01 4.246382028368711481e-01 -4.290217912573399683e-01 1.183877149125267314e+00 -8.216956159292561068e-01 -1.870266835766645763e-02 -6.390060669875234911e-01 -1.046246342242183047e+00 -6.484698635194648952e-01 5.135093604379984411e-01 -8.875017106344698092e-01 -2.046191359382385500e+00 -1.465491402062137904e+00 1.584344214360195180e-01 -5.376498834122455106e-01 -1.209711137387151636e+00 -4.403953581905129533e-01 2.392316806819080044e-01 -6.965576002801657229e-02 -7.069084733165517109e-01 -3.154994349891709349e-01 -2.070316847354011502e-01 -1.116173119845589312e+00 -9.367345281211320041e-01 -6.177776732479693944e-01 -5.809362955440541265e-01 -2.920807046895206316e-01 -6.453872459157662389e-01 -9.364991155148587598e-01 -5.434438157024893412e-01 -9.865731508658905913e-01 -2.024963855678067137e+00 -8.937753868992921458e-01 -5.290855207916905778e-01 -1.109914075375924153e-01 -1.487100941715562730e+00 2.503665016391856679e-01 -9.607434217381455310e-01 -8.442018222449466647e-01 8.820245850037923552e-02 3.367999887172753309e-02 -5.345468663265645626e-01 -5.760676961799262585e-01 -6.809069435819186111e-01
-2.061308639869654513e-01 7.383941641408184875e-01 1.195146321299989323e+00 -1.289256120737921840e+00 -2.067363777029051608e+00 -2.162699232650271419e-01 5.508632499135003302e-01 -4.439085901276373924e-01 -1.095085033931244567e-01 2.618014127145104064e-01 -1.586855706228688545e+00 -3.841465076779943533e-01 -1.671027142966767354e+00 -1.739105855715858739e+00 -4.596052502480221236e-01 -2.200847405938667123e+00 -7.943817332012631516e-01 -1.609724786495281501e+00 -1.608281712163075694e+00 -1.450765826075858689e+00 -2.451481542692476534e+00 -1.524507059582865365e+00 -6.153509868412279094e-01 -9.081154964603492807e-01 -2.132994131426581230e+00 -1.556440549813197460e+00 -8.234675129551052297e-01 -3.482818984318249156e-02 -1.184273368634676665e-01 -1.274114763100901326e+00 -2.027147346090668378e+00 -1.264067567475445353e+00 -1.527305328210413871e+00 -1.136004215924355382e-01 -6.313727870222392013e-01 -1.989001772536205470e+00 -1.805854960961374323e+00 -1.264906815124528183e+00 -1.136179181035771979e+00 -8.330259929356755855e-01 -3.253379123264202311e-01 -5.298932525962101181e-01 -9.363243609280446078e-01 -1.381893725393538608e+00 -7.974763381254994510e-01 9.468439668974845125e-01 -9.557724451818719880e-01 -8.292625341054407073e-01 -2.640295677866409285e+00 -1.712166891011938752e+00
1.890448027988785418e+00 1.277943040442447220e+00 1.856076057698412995e+00 2.485770657275881756e+00 1.377117523016810896e+00 2.370349505256255540e+00 9.492454999189355869e-01 1.198309497738153206e+00 2.277850010575483086e+00 2.139395253793026086e+00 6.339597827628835613e-01 -2.415602490003489200e-01 6.700190460018190519e-01 1.911868941039220893e+00 1.226441140411892228e+00 1.584993199752119386e+00 3.499820893533145960e-01 1.535608447035277102e+00 1.155831477655011152e+00 7.767426047955916513e-01 2.210512472098830283e+00 1.495501388208326787e+00 1.767055848653164007e+00 -6.287304505160977441e-02 1.327348137231593839e+00 7.716398466381354515e-01 1.880563860609934412e+00 8.926641026302650772e-01 1.916608782338452999e+00 1.590201916699939932e+00 1.171910665562922116e+00 -4.286999210160281071e-01 4.952208684695742491e-01 7.627614175737781332e-01 6.819534410830929705e-01 -2.363973391707293870e-01 1.303772214252038930e+00 -4.467257034592177212e-02 5.727438770427288883e-01 1.571062224707755695e+00 5.770254037314624662e-02 -6.081153572023609288e-02 1.638893563984535062e-01 1.175114043039313660e+00 -2.947907959126424560e-01 1.674081967459001508e+00 1.539777965247211444e+00 2.087670585043309990e-01 -2.635072517218270058e-02 1.682390059543412697e+00
1.153324993088804096e+00 -8.586349629663978522e-01 -2.407676481380534028e-01 -6.938492234229864941e-02 -1.143096308236191128e+00 3.224529054399453143e-01 -1.070068219454836100e-01 3.735987187027358658e-01 1.178035536397726624e+00 -6.257717415849908260e-01 -7.523881208530197595e-01 -2.705126129894705467e-01 -1.122308610348780600e-01 -3.384316272897019973e-01 -6.332503273389886722e-01 -2.007501459441619396e+00 -1.137248959665917214e+00 -9.453612960351904793e-01 -6.567213993161047370e-01 -8.656108198170782142e-01 -3.184394217686829509e-01 -6.032698055918289670e-02 -6.925388385105135658e-01 -1.120114912806014607e+00 -3.117693914516567744e-01 1.423742856842737797e-02 -1.343029857224368850e+00 5.308539193694608027e-01 -2.198886551220859520e+00 -6.180284804342114358e-01 2.344102022480828301e-02 -5.078486894669316243e-01 -2.276792247173890171e+00 -1.301477190149193497e+00 -2.211012205475261228e-01 -1.376489599105697570e+00 -1.120838101496457018e+00 -1.460653667963492497e+00 -1.448712211395023708e+00 5.703861058423434494e-02 -1.213126536677946898e+00 -7.061373879608572324e-01 2.921978022525253960e-01 -1.550793356227206710e+00 -6.950713525733719367e-01 -2.062835563012661577e+00 4.730975323704689761e-01 -2.297295374043604177e+00 -1.888137918475057964e+00 -1.043300904839705723e+00
5.409351703135734102e-02 -6.162206481337266784e-01 4.785470274266667712e-02 9.234727940195222029e-01 -3.961874427093072804e-01 -1.186454375380240567e+00 -7.303086325261363143e-01 -1.497738273733451031e+00 -3.654365154993537423e-01 -2.159391703224127212e-01 -1.770601588015886740e+00 -2.440433341326495031e-01 -3.011960867720349100e+00 -8.086032114794968750e-01 -1.070325253819797373e+00 -1.732947811966085716e+00 -1.256082345171525283e+00 -2.083809461076183478e+00 -1.959422969252634150e+00 -2.218266213819362065e+00 -5.554830398964448746e-01 -8.224920584447985572e-01 -1.380472356025980840e+00 -1.416494247380966076e+00 -2.248452607905156775e+00 -1.497681938853693717e+00 -1.112092163284219781e+00 -1.054110303747649580e+00 -9.976243479392210567e-01 -1.791784825183343921e+00 -1.391901910346489135e+00 -1.485914590484480380e+00 -2.618927730265538045e+00 -1.649378447594080033e+00 -1.462950392841248837e+00 -2.571246888299338451e+00 -1.326545185771142776e+00 -1.061213031832869635e+00 -1.551423116296675841e+00 -2.432065153522581458e+00 6.056200214336947968e-02 -1.710861927734744770e+00 -2.672994656457361451e+00 -2.483115880659636954e+00 -6.665067434346431119e-01 -8.804609521901972657e-01 -6.568353936845197083e-01 -2.824424690584953268e+00 -1.978021635163615510e+00 -1.883703023466394066e+00
1.944141217588762682e+00 6.448221713716084658e-02 -7.900891299628298725e-01 1.278518373739468528e+00 1.379050696991516167e-01 1.052705474276556696e+00 3.684875171910972913e-02 1.386673539902306462e+00 1.010670531610872169e+00 2.695140061883247284e+00 1.218214980396599811e+00 -7.989663305582007657e-01 -1.138036837929863598e-02 4.069014610693139078e-02 -6.689278384223511509e-01 6.677979103911023673e-01 -1.252717635817468089e+00 -1.200620260776975035e-01 -2.993966459415868808e-01 -5.048517016768592214e-01 -1.249564148824791943e+00 -1.893789016120495106e+00 -1.224915607842072207e+00 -1.157543965702867661e+00 -2.190904872128245362e-01 -8.222828506670127879e-01 5.036224691951337595e-01 9.326579685043551171e-02 -3.042983581139608873e-01 -1.346637260525139324e+00 1.587741063849865963e-01 5.392673434958267231e-02 3.680195485102125130e-01 5.357664213907163686e-02 -3.930130958460916757e-01 5.003526830814468696e-01 -4.429681739566935228e-01 4.020032890316351804e-01 -7.973437164731902449e-01 -4.641363027058212354e-01 2.768372902894023491e-01 -3.089848849964799138e-01 -1.039011960761390407e-01 1.039288213968837749e+00 3.133896534682876767e-01 -4.240787515776817673e-01 -1.400743661520903904e+00 -2.019207505290038923e-02 -8.288969107279825499e-02 -1.552236624369852658e-01
3.082752373434537452e-01 4.499516423498046702e-01 5.218689150630505535e-01 1.539533077450930598e+00 7.459881639048118185e-01 1.612461801501686054e+00 2.437221711189981210e+00 2.066779441808009210e+00 7.960505920709383121e-01 1.248218050932758061e+00 4.991002114797838951e-01 -7.041175307661169391e-01 3.962807808917302999e-01 3.979117936474932393e-01 -9.935312593272088710e-02 -7.799312596082536020e-01 -5.935568669088783222e-01 -1.853843561329348855e-01 3.445818192063002106e-01 1.489637718842454328e+00 -6.506035268537863070e-01 5.215793741127728866e-01 4.633239536452922192e-01 7.693567640880696890e-02 7.885368329120310271e-01 7.060699568526133119e-01 -5.792565412703439831e-01 -1.661486571433148096e-01 5.456066481292196624e-01 -1.005262225649776076e+00 4.781821111762822318e-01 1.565759190820998015e+00 3.305721907010671368e-01 8.198121364619206375e-01 2.032122070206693554e+00 6.912137613494186983e-01 -4.968686194429826064e-01 6.446612202324390750e-02 1.292883176622071195e+00 1.433301717904499895e-01 -7.917405541686955983e-01 -5.234482293521487695e-02 1.635404002618851826e-01 5.489156551746107171e-01 1.416771946368323487e+00 -7.196532130381420866e-02 9.467338519799550767e-01 -1.909678796830814318e-01 -1.426906994139482077e+00 -5.120715959386501481e-01
-2.396936369010269630e-01 -1.128325932692970657e-01 -3.376412966511750380e-01 -4.014040936976539520e-01 -6.585347930515139669e-01 -4.623038958478966620e-01 -9.121733479684173140e-01 -1.695668261545306699e+00 -1.512587689121191126e+00 -5.779401105218568979e-01 -4.082221590617183260e-01 -1.551598083639936343e+00 -1.791625335855842049e+00 -8.076505430880399627e-01 -1.412544993322648157e+00 -1.723900630683164792e+00 -7.826325826085753778e-01 -2.268395064967977659e-01 -1.923067481988558924e+00 -2.146612910214688252e+00 -7.637078984404197524e-01 -1.616487404639158187e+00 -1.165832035221593399e+00 -6.667068632790679183e-01 -9.452739182401453943e-01 -2.863963723498210268e+00 -1.011505675300420348e+00 -1.399944410433152875e+00 -6.276049756801693746e-01 -1.729839395719201534e+00 -2.231279123223025351e+00 -1.557088747498191372e+00 -1.659740386512309929e+00 -1.829478101208779073e+00 -2.442919850251609404e+00 -1.556425996143740331e+00 -1.620934135745699445e+00 -6.138230432251846613e-01 -1.053558363086122718e+00 -1.044424538662202417e+00 -2.311283559408547905e+00 -5.111603619891087469e-01 -1.543242659772541936e+00 -1.030696373296352775e+00 -7.210782033685950720e-01 -2.223068303640814314e+00 -2.183579757607303495e+00 -1.293699607391457951e+00 -1.822576224566151870e+00 -1.260897414708898046e+00
1.805300039213634022e+00 1.020434318882515567e+00 1.300537369162633183e+00 2.402067950533372631e+00 1.415722081952880185e+00 8.525423662757880550e-03 1.165816774507297593e+00 2.860287363466483823e-01 1.551559872544905794e+00 5.812888830518436745e-01 -1.601707604218019498e-01 1.182769010649179275e+00 6.211375385025047491e-01 -8.229295265198131037e-01 1.467699082383199682e+00 -1.689164038791287487e-02 -9.593666016351646286e-01 -2.715111693081164734e-01 -6.667834511635210015e-01 -1.293051164102857920e+00 6.577207664555337896e-01 -1.339121603560505976e-02 -4.739782728389390076e-01 1.976210832896016789e-01 1.174680878776001913e+00 5.555534644029037628e-01 -1.674203595841931846e-01 2.484942794023780877e-01 1.761770811264384839e+00 4.636029573522873481e-01 1.250511319246416786e+00 2.759592406426119027e-01 -2.229467738826135803e-01 1.753286793461922954e+00 -3.825304842363391744e-01 7.726565365726208168e-02 -6.149221330748902981e-01 4.230673920783828978e-01 -6.806550911929905023e-01 6.801126368248940901e-01 -6.925236127578742185e-01 6.489275587644370569e-02 1.957136656906466043e-01 -1.588027222324030763e-01 -8.478034296673740700e-02 2.234052907300506874e+00 6.535277499966234416e-01 -8.251438104657068395e-01 -1.423133003424585485e+00 -6.477224565568161507e-01
9.127844226283061690e-01 1.299264438280853806e-01 2.045584585742167061e+00 1.943841652488023097e+00 2.950747741920095368e+00 1.700787367132964079e+00 2.054615443860565271e+00 2.642934851193952550e+00 6.361946325861367324e-01 1.149186326144229664e+00 8.053084641377615815e-01 -8.288307155433065621e-01 4.195875956921333305e-01 1.079877520735772034e+00 2.993363806871802146e-01 8.752209608615483249e-01 8.664595178203948755e-01 -1.697208265827651885e-01 7.049433964876440362e-01 1.170575703311367066e+00 2.096859114674373414e-01 3.647817369607694871e-02 7.464778062326065111e-01 2.906766717592955684e-01 -9.298469544420651101e-01 2.127796493487736029e+00 7.683349643799614048e-01 1.136488075371707485e+00 -1.008458032226643292e-01 5.759994944600674849e-01 1.160145097295253169e+00 1.370791541826331450e+00 5.138784634761656145e-01 2.856014767944561883e-01 1.953895624143995036e-01 2.224695409386625855e-01 -1.338205775746544313e-01 1.165407888440153750e+00 6.276874105134553350e-01 1.666461524705508568e+00 -6.537154384711947597e-02 1.753042737584962429e+00 1.409590513074061802e+00 1.660398132140961547e+00 1.321789763313828470e+00 1.203070607779825218e+00 1.340501068367231152e+00 2.546188293366494215e-01 1.261819827339494271e-01 2.033145037553757639e+00
1.983539046482570622e+00 2.013059660328948119e+00 1.843100313124115264e+00 2.423031755295150802e-01 1.471131027351201714e+00 7.296955515939064219e-01 2.553458162275054733e+00 1.159105184247171794e+00 7.280674006597217529e-01 1.582759094584890169e-01 8.330682131636019117e-01 2.993768202973449144e-01 -1.092499823170962170e+00 -6.200616407176723355e-01 5.401221282058906725e-01 6.794914462231416152e-02 -3.577244188248429047e-01 -6.574757114914965284e-01 7.941684682293729258e-01 1.365996385356076148e+00 4.546353797045636358e-01 -4.246668318122552854e-01 1.708658609723096689e+00 9.442206574576153533e-02 5.987620702041838161e-01 9.218043869483039110e-01 7.522118085938239718e-01 3.087129825200082833e-01 5.462323832287377945e-01 1.708578505708811868e+00 2.896571932566142094e-01 8.218839808881936437e-02 -7.344448409506372233e-01 8.527849640387824559e-01 8.592804619975011882e-01 1.668115672709481190e-01 -1.102426982909537445e+00 6.929429036015100074e-02 1.099382897817471616e-01 4.902964032911513170e-01 -2.565664656333566107e-01 5.268071336198481003e-01 4.723144855450641666e-01 4.211651257399602888e-01 4.150406631282440584e-01 1.253694007126825660e+00 -5.740901132865239287e-01 1.126009644105291585e+00 7.023831545664809273e-01 -1.275233938868902683e-01
2.723082932977948900e+00 2.763170484243491209e+00 2.442489793379605256e+00 2.320641043573161255e+00 2.491514340183588416e+00 1.818769845489550896e+00 1.411224402707395909e+00 1.447154250298349654e+00 3.098868698474810834e+00 2.631422549313930936e+00 1.661986245532204087e+00 1.603642678246889330e+00 2.231870176099412628e+00 5.876663259196314160e-01 5.192859703405088290e-01 1.485604609681373534e+00 1.173655988217295665e+00 6.768774164515707348e-01 1.222779502503320570e+00 4.992789610792305877e-01 1.520545399338929071e+00 1.110040368566000524e+00 9.154422478352749470e-01 2.765486759191753574e+00 1.500394642512668408e+00 2.072058529812414118e+00 2.565845689928243800e+00 1.237583766363585358e+00 1.791831572644085435e+00 1.114336322791232847e-01 2.489854521064223114e+00 8.144816763238784674e-01 3.065079627206144242e-01 3.652992101252966473e-01 1.041546558533571920e+00 1.489869214494899063e+00 1.091253776931855546e+00 9.887605814604891186e-02 5.994906086040011628e-01 6.204316791707285006e-01 1.357455492875238035e+00 9.920566807970617740e-01 6.539521627545200610e-01 9.451309807061663015e-01 1.369211317900562719e+00 1.450103228498014651e+00 7.411086060273611720e-01 7.274353736448032626e-01 1.301668039723208770e+00 -2.930796731893569596e-01
5.845036036039247263e-01 -1.224557247386504066e-02 4.378885679418588195e-01 6.496339267464136258e-01 2.032785002722481416e-01 2.737862172616334355e-01 1.347970168889086384e+00 1.131355857692298628e+00 7.878038573869255989e-01 8.674497507184846246e-01 -5.490482951972039949e-01 -1.061490042662960875e-01 -4.414495280684364586e-01 9.754904199665719311e-01 9.205642611137759834e-01 -4.128912954280034020e-01 -6.582890849345416351e-01 -1.329045399661452909e-01 -9.933005327296843268e-01 -3.839151507093497839e-01 -2.076896487850007356e-01 -6.109400271780313085e-01 -5.386977405682543546e-02 -5.994061249571729366e-01 8.662951224084287638e-01 3.095298829547923902e-01 -8.280041078440705249e-01 -1.167591791889181607e+00 -1.505437984591977418e+00 6.762006062105051230e-02 3.507244863726151074e-01 -4.714203190094077289e-01 -3.904628203929429997e-01 7.329095927209859640e-02 4.533399608836454209e-01 -1.180185059615693755e+00 -2.029771586020791663e+00 -3.738109203921147206e-01 -1.388663460406833750e+00 -6.269222545067792973e-01 2.519090252988215317e-01 -1.102485212026314665e+00 -2.746217585828971131e-01 8.059977385800043415e-02 -2.263729379068482317e-01 1.075960735863235707e+00 -4.278529811139564765e-01 7.497426003745505385e-02 -6.443045592561269519e-01 2.732867712520400255e-03
1.605941310351599594e-01 1.346066659915922115e-01 1.191309730546256551e+00 -8.327844141415883250e-01 8.225378365073103826e-01 6.956394729639939767e-01 2.206484461969961064e+00 1.250919847963429143e+00 2.104273694928221694e+00 2.041667898222213395e+00 -4.490805417062234128e-01 3.914783651247539797e-01 2.808421595704278517e-01 -6.040289535589130621e-01 -3.523232640673493732e-01 9.614046659858569432e-01 -5.703099904545599896e-01 -1.163977506671958484e-01 -3.964345894515871049e-01 6.808624914834052744e-01 1.055445479047606300e-01 3.435972470880354623e-01 -1.211740905252731038e+00 -6.994168572431421760e-01 1.377298106892042240e+00 2.219380220775371837e-01 -4.439590837556969816e-01 1.907507518157971482e-01 1.228026399415979991e-01 -6.679033855839840994e-01 2.051102473342056032e-01 -5.918129614330951416e-01 -6.567866909635106110e-01 2.601638311268684722e-01 -7.759554507450219796e-02 -3.196308089727220580e-01 -9.839778940580297395e-02 -3.039723896342141560e-02 2.402681330628101408e-01 2.471989258249373544e-01 -4.181930093452313479e-01 -8.795022830402868808e-01 -2.364991814574010309e+00 -4.555539228074918512e-01 -8.165514852186405159e-01 8.832646874637355427e-01 1.445005103469200469e-01 -4.751238892830108029e-01 4.434492249215589155e-01 3.854528086381851515e-01
-1.659540677412746579e+00 -3.598444125422954887e-01 -9.958481922808644082e-01 4.269476422445281916e-01 -8.445114500606363261e-01 -5.600670888263996616e-01 5.782388515152161457e-01 -1.127277639321899727e-01 9.331172316034175296e-01 -5.912614061299876766e-01 -1.681852051160008132e+00 -1.503919012719569848e+00 -1.025755876870195982e+00 -1.750397755231117403e+00 -1.047604206484803901e+00 1.583216611470699420e-01 1.820636590177155678e-01 -4.679479306935939720e-01 -1.799978982732422184e+00 -1.117682184405383250e+00 -1.294273655493468622e+00 -1.362074416159914092e-01 -7.551586130865433066e-01 -4.200027354506819521e-01 -6.786774793446720411e-01 -7.856081230234446267e-01 -4.053954744059159315e-02 -1.279480555360977378e+00 -1.069252965167582614e+00 -8.679427594433588578e-01 -6.496255071096027622e-01 -7.078279650165580916e-01 -1.545266105665344059e+00 3.629219792478967643e-01 -1.857389606312501995e-01 -5.072941078718082863e-01 -1.246852983417294558e+00 -1.306710795817320081e+00 -1.354180257492829664e+00 -6.188629029226943024e-01 -3.559843408053188774e-01 -1.165562605677635588e+00 -1.298947163960263884e+00 -2.234773829352497410e-02 -9.183786814368243290e-01 -1.381479947594884905e+00 -3.330463908448578342e-02 -1.050851556939619069e+00 -4.632203809094764257e-01 -6.479891053304034365e-01
8.945986490434018057e-01 4.313103655286368854e-01 -5.176820965315442891e-02 1.019842309205579500e+00 5.180393673359884321e-02 5.049033425285285315e-01 6.609963371679451472e-01 1.091980153308964585e+00 6.749569746155796857e-01 -6.863493629537258389e-01 -7.778962341600338393e-01 5.412330581017980036e-01 5.094223560757104030e-01 -1.087172381692635748e+00 -1.611862172455169162e+00 -9.046509540932874405e-01 -4.698784607579562511e-01 3.312669043227952637e-01 -5.152776131458965958e-01 4.391952475292623115e-01 3.412955229765566867e-01 4.158363933563478665e-01 -1.295624498535154212e-01 -5.207196726019401867e-01 -3.718814183279750551e-01 -8.240966305601227226e-01 -8.305472541254242946e-01 -3.641509632344036018e-01 -1.106738288409002235e+00 -7.447424631804568929e-01 -1.658353482731460271e-01 6.699634147504575088e-01 -4.438043857689546456e-01 1.360795428509047056e-01 -2.684677394902115766e-02 -1.181445085002028828e+00 -1.206340032144085139e+00 1.794432728257644161e-01 -7.911630568452702184e-01 -1.003434171036215128e+00 -3.605192354973714153e-01 -1.700384676440775678e-01 -6.371795820481982453e-01 -1.299028653277231937e+00 1.339143554389340407e-01 -4.953726809137615761e-01 -4.747970506870603513e-01 -3.549846023935135375e-01 -1.480426998058285815e+00 1.089498848067550485e+00
1.431996508523066147e+00 2.430105563694786142e+00 9.953432401844397592e-01 2.013636198208365258e+00 5.595627878706229685e-01 5.631617332968050782e-01 1.546449088709766384e+00 1.537122132772729799e+00 8.823718979631001158e-01 1.606923562095314173e+00 1.258784984038074650e-01 -3.776456877947895890e-03 8.384762909331169856e-02 4.381986968108259051e-01 2.192964164769130586e-01 9.519456137396764550e-01 5.815213030565077323e-01 9.064519910855593776e-02 -6.429524464235828463e-01 1.164357211261632719e+00 -8.950146135914268664e-01 -8.615948406331584708e-02 1.064655248329897885e+00 -1.808346724090475754e-01 -2.052900895723392072e+00 -5.095554862570557397e-02 5.498839500113918977e-01 3.641791634694638291e-01 -5.763831627415521019e-01 1.501068861454454666e-02 1.195077616654606878e+00 -1.338300828195960468e-01 3.659653129298952035e-01 -1.879089300381612815e-01 -3.591796166447146828e-03 1.616431389287986686e+00 1.015477001799531154e+00 6.071391653263750188e-01 -4.093988514285175628e-01 7.708308336469431588e-01 -1.114104228405612962e-01 7.525876044742890736e-01 3.966746768585785454e-01 4.862659967861057697e-01 6.415434003019416798e-01 1.197248653536958418e+00 1.149901637828042666e+00 2.867956460324369572e-01 -8.651245769816663378e-01 7.810783004680160735e-01
-8.351003707251367647e-01 -3.761728741554573041e-01 -1.398003348252812028e+00 -4.761800367020525560e-01 1.654966342496753118e-01 -1.330779337819550268e+00 -1.103598062099410804e+00 -7.493796952858635674e-01 5.570137160903192441e-01 -1.633604018165174754e+00 -8.616532289497438324e-01 -1.704595849718404388e+00 -3.346527012103461374e+00 -4.179706318841227425e-02 -2.870105055836304153e+00 -1.852189938131858726e+00 -2.703584486216056071e+00 -1.116032909063727763e+00 -1.763801285248116191e+00 -1.985440780594355026e+00 -2.083274327954791172e+00 -1.390662293044410136e+00 -1.099534049829725246e+00 -9.053442031654503896e-01 -1.798786896214214392e+00 -1.092154129750996017e+00 -2.282091185673427614e+00 -1.469661447676083643e+00 -2.047773490737884394e+00 -2.225583139469466509e+00 -2.849422215634327404e+00 -1.608856589567775330e-01 -2.533118851724458942e+00 -9.876344661943772252e-01 -2.328932953183620924e+00 -1.142680947935325930e+00 -1.184158872052442746e+00 -2.269981744145087355e+00 -1.469553150433793975e+00 -2.650959163106324290e+00 -8.015228156310083563e-01 -1.603922839693299851e+00 -1.914635120109365207e+00 -8.783704379116749061e-01 -1.795650396777587421e+00 -2.058955306943596408e+00 -1.560592053042656691e+00 -1.249759472254344139e+00 -2.784551851522783394e+00 -1.536112762780228236e+00
1.088855759232085108e+00 1.053395293323963866e+00 1.001403526590765702e+00 1.047841259758313548e+00 7.519319963066716239e-01 1.420791285274592086e+00 8.952857277916537182e-02 9.766684795441001876e-01 2.750020881908672443e+00 1.106556559840081277e+00 1.551774967260847737e-01 1.088466238882550563e+00 2.318662775341670812e-01 -9.348165640806922472e-01 -8.631594108497411266e-01 1.112115793443341882e+00 6.265071888418204393e-01 -6.158453978796917250e-01 8.024842578887375621e-01 -1.491559190438132454e+00 5.063891970475436349e-02 -4.180282856075592246e-01 -1.289826766502721600e-01 -5.696058938696465512e-01 -3.020934203797561168e-01 -6.392613355128468067e-01 3.319160636140979781e-01 5.654954191948393522e-02 -6.837796807963723023e-01 -3.785517711479419734e-01 -8.779665640877873933e-01 -6.847912326649007175e-01 -5.567139944835131082e-01 1.872117550174006717e-01 -6.012317264995710175e-01 8.211402725110086287e-01 4.949736648587898524e-01 9.924816490547605508e-02 -2.390176240818010084e-02 -6.449160398865241284e-01 8.848851894222580228e-01 2.919190209938912206e-01 5.018378065341737582e-01 4.608263073479745842e-01 8.356969010850698876e-01 5.286422754668491653e-01 -5.153237908206560469e-01 -2.599030933206547545e-01 -9.336289980955375656e-01 -5.402910834912904026e-01
2.018106633183245791e+00 1.941232884181865792e+00 1.272013604357914884e+00 1.211067539763247325e+00 1.427761323261988569e+00 1.369381843860795644e+00 2.020959269074677600e+00 1.105422403901567430e+00 1.948525047126762555e+00 1.982236968291940293e+00 1.582432160197861926e+00 1.503365299084785889e+00 1.175974379170719120e+00 5.009251290484911801e-01 6.807572427672143878e-01 1.888241140436360377e+00 1.104310940330302415e+00 1.978404996914022718e+00 8.241465534229983625e-01 1.362545015086846334e+00 1.809268949039710694e+00 -2.423739837863234658e-01 1.038775461919224874e+00 1.086337552932261419e+00 9.879154298104789733e-01 5.627989951885552511e-01 2.275553095110516288e+00 1.939891943633404559e+00 7.950662484074219050e-01 4.292611271153775054e-01 1.281673454865647876e+00 8.115419682942526247e-01 8.268308378375671674e-01 1.286946503868434233e+00 1.081232856993004976e+00 2.228638522738839445e+00 1.933087445731312748e+00 3.699821971390778730e-01 1.452797874288969560e+00 5.783574144784446869e-01 5.007844659661015996e-01 2.063547207570346487e+00 3.251359664699524088e-01 6.853164156930394713e-01 1.268749192748298782e+00 7.725022736062651108e-01 1.804353316695715304e+00 1.243090946232833449e+00 2.610583295007379512e+00 4.083650398200276421e-01
1.556268971718594019e+00 1.216826301478847183e+00 1.245361560935826395e+00 1.348948868406105728e-01 1.783098625289543993e+00 9.416022098366835236e-01 2.215302453255887372e+00 1.617707866123128557e+00 8.719040664107509109e-01 1.245408915446489129e+00 1.116140028990083577e+00 -2.276121711990477248e-01 6.475600782818705659e-01 1.374819721192636068e+00 -2.482388052156093428e-01 -5.187184185054611874e-01 5.056053785327204730e-01 9.571323478841347043e-01 1.336678482014431735e+00 7.284352297222334016e-01 -9.846488281005438825e-01 -1.201854977669377517e-01 4.911675740100353016e-01 -1.942270684473078879e-01 -1.118245634269637634e+00 -1.160330618132941749e-01 8.120185426735467837e-01 5.326432661070025221e-01 -3.907057995372033021e-01 -5.480862588923238882e-02 1.088833763264523302e+00 6.163953578882833684e-01 -5.192496212599134048e-02 6.280946605797269044e-02 -8.246043445873251290e-03 1.026007826963532876e+00 -3.409648949844549248e-01 -1.230930306669484192e-01 -1.170973372812382368e-01 -1.162024793180777144e-01 7.072926260956499123e-01 1.799186998146057315e-01 1.089158136544509381e-01 -7.270526341432759221e-01 4.568691337442716272e-01 1.352505666558565967e+00 4.684894097753629638e-01 5.740278381103161021e-01 4.656864370089776051e-01 -4.104089456427686411e-01
-7.189392388371063092e-01 7.945258673141066819e-01 -1.244286392555728149e+00 -1.071034861344956290e+00 -1.409845248852843902e+00 -1.751168966841224250e+00 -7.200359384202092983e-02 -6.748121099104897880e-01 -1.113450267944806171e+00 -1.357193665296777318e+00 -2.265684827015577163e+00 -2.455276409558516004e+00 -1.422641271837163490e+00 -2.520808358113767245e+00 -1.112442019082587441e+00 -1.801664925557682650e+00 -3.476475347248311643e+00 -6.169128789109390443e-01 -2.071940423989461433e+00 -1.433153965712846922e+00 -2.188213968316128799e+00 -1.784151038160453284e+00 -1.837193133112666521e+00 -2.285488518017770865e+00 -1.734513254770831070e+00 -1.908347050445817983e+00 -2.655234332860757718e+00 -1.372171536707107453e+00 -1.816747821134542029e+00 -1.535148709259918753e+00 -9.510859831256602837e-01 -5.177701088091541948e-01 -2.233234681184569137e+00 -1.677400218877332261e+00 -1.361792357437228373e+00 -2.544318584319289478e+00 -2.071270361127353521e+00 -1.982286118533280517e+00 -2.096125667912899004e+00 -2.280018899164310664e+00 -1.712326343075489810e+00 -3.021191294897719537e+00 -2.116851120665704133e+00 -8.265842737020044906e-01 -1.159129817838385756e+00 -2.349162686388630572e+00 -1.366620785863634557e+00 -2.610267057396394641e+00 -2.312510228747650665e+00 -1.602345141386962712e+00
1.854837071325796671e+00 1.498177610686444616e+00 -9.271239029798072906e-02 2.669999084369039100e+00 2.029138918893393040e+00 2.370227524762396509e+00 1.519380840116879572e+00 4.266012773960006221e-01 4.847962438100471561e-01 5.162075717137378783e-01 2.510954586684679413e-01 7.938499411538119110e-01 1.293867321375399726e+00 1.065134074806221909e+00 -7.169514887526429181e-02 1.436166927636556845e-01 1.091872870212328595e+00 7.651259527459617349e-01 -6.359178511141073686e-01 1.044243219569147341e+00 -1.274720585216406299e+00 8.311422986406712399e-01 1.005934312271900222e+00 -3.584445847060160339e-01 1.457763186161406543e-01 8.242117441426616287e-01 7.769488002902262824e-01 3.056269855949487746e-01 2.820575212270725052e-01 -5.025945516244927358e-01 6.069729278134675110e-02 1.049399604096666327e-01 -1.572967467194217317e-01 3.854499079110807469e-01 5.685702110041301882e-01 -2.923464390454715844e-01 1.827695170745643027e+00 1.348990368516234106e-02 -1.146121577625480059e+00 5.278436727700488440e-01 3.008996673976642167e-01 -6.892218286350097756e-02 -2.241267391631703187e+00 9.187514967617383954e-01 4.428512317497623196e-01 -2.352776375297292444e-01 1.098931892361661111e+00 8.941978041538655164e-01 -1.116689789289680546e+00 4.675858196278569467e-01
6.970994754621440137e-01 5.757995799038699847e-01 2.467890601425274166e+00 2.118890647896836121e+00 9.293533001020188866e-01 2.401908698696055833e+00 8.956014911727705474e-01 1.479365953665813693e+00 -3.011319072101352745e-01 2.570460014652824032e+00 -1.953229318497786970e-01 6.369357227954222100e-01 -1.151002736142236804e+00 1.948525277838703273e-01 2.166625170399535616e+00 6.717433432551209727e-01 -1.599268213030691499e-01 4.452460475254025885e-01 1.022342550522761684e+00 1.314639174089233586e+00 2.325288204993296304e-02 7.478691481882802083e-01 1.015151411874617216e+00 7.603699220277576609e-01 -4.153769037205088388e-01 -6.409253756739453634e-01 5.017049046793358169e-01 8.580220488382366284e-01 1.784127622652921463e+00 -2.528009101286627924e-01 4.995338166362475740e-01 5.952598309967079837e-01 6.184429723588729111e-01 5.505263938103778232e-01 3.868224835339724166e-01 7.703988930025768012e-01 2.280934480133741449e+00 -1.556125013218342124e-01 -9.100127067737681097e-01 1.302344480719892728e+00 8.583485162495020360e-01 1.920880398227116315e+00 2.104548232537892527e-01 5.601154693494888592e-01 1.499687458641726812e+00 1.795924883509774084e-01 -4.385877825348790116e-01 -6.444459274101026203e-02 -8.614679333222120539e-01 7.984213894582087301e-02
7.896831618675378417e-01 2.644492742767543980e+00 2.543787888690242305e+00 2.279953758917576678e+00 1.556921041620586088e+00 8.998723564282948839e-01 1.750940384200838196e+00 1.099091043700278991e+00 2.310456912014058339e+00 2.217172657618596610e+00 1.499084604111860619e+00 8.984753883278373543e-02 1.701622983713631632e+00 -1.935236930094221819e-01 7.976636226739507451e-01 9.073885143563351630e-01 -8.465094206948420297e-02 -9.426949225997324766e-02 5.413452117768147165e-01 4.388485073035877093e-01 -4.832328801887358360e-01 4.369752334462378429e-01 -3.737706384613667665e-02 7.006355007592183215e-01 9.117512183208318355e-01 7.224135055685095841e-01 1.398510834154036209e+00 4.993993000743391364e-01 9.854465257694493274e-02 2.112077757622080387e+00 4.243412616685631189e-01 1.050747765103111186e+00 -5.731818107490274095e-01 9.837943232015664563e-01 5.578190015345068503e-02 1.631033261735425954e+00 8.753664167164284526e-01 -4.883943991381372585e-01 -1.444718321824835783e-01 9.526433484832490528e-01 6.100769429734164140e-01 1.415622637771508652e+00 -4.399098691889078427e-01 2.886808398327154745e-01 1.000194899114884128e+00 9.392534182836748125e-01 7.120009718755936357e-01 6.528204084910255167e-01 9.502023655352725973e-01 -1.493643303638663433e-01
2.940809071424294707e+00 1.320269484186118003e+00 1.896171638929942560e+00 1.994168498160254321e+00 2.134320680174225160e+00 1.470773993783474065e+00 9.217873087376772245e-01 2.118933101950528197e+00 8.182166835457076459e-01 2.094190513422678812e+00 1.842312271489068731e+00 7.641601008239281567e-01 3.558720527241603926e-01 2.987752390077958453e-01 -7.167962748243250637e-01 7.440975951890453910e-01 -2.600290140169738695e-01 1.065291163276723685e+00 7.312637686140648352e-01 1.311798572634852222e+00 -7.480703601682654746e-02 4.466621140072256635e-01 -7.249867468069237653e-01 -1.944964189834956225e-01 -3.031665518843917329e-01 7.108825780006637896e-01 -2.165808802039577985e-01 -3.198182913684888828e-01 1.115502737926866716e+00 2.605409560856863926e-01 1.740330134760760261e+00 -1.753267453014174249e-01 -2.842967652494116648e-01 8.401540904331726844e-01 5.401901619826877665e-01 4.599381978529501480e-01 1.450765878009225407e+00 -4.966513243445447312e-01 3.319714221021463629e-01 3.293078146197823686e-01 -1.698307065824168072e-01 -3.693990497978740795e-01 4.639733034499211178e-02 -1.048128482490523483e+00 1.700041581435157712e+00 1.142759411996899566e+00 1.326674723355525165e+00 -2.139369453145277822e-01 2.051364634256949149e-01 -5.887964652502773732e-02
1.106876206751282510e+00 -9.374727124640778175e-01 1.292266792855532254e+00 1.878561574121593303e-01 8.016246687631530810e-01 4.105567974142012577e-01 6.746215004185330821e-01 4.839293719936768046e-01 -5.410621554833163760e-01 -3.303522831446741304e-01 -1.673969819265499259e+00 -1.222145622688213251e+00 -1.535267969655477627e+00 -5.470718417142164114e-01 -9.722124354339345409e-01 -1.098350789363891744e+00 -1.188229880348636858e+00 -1.602328367746733262e+00 -1.343999132032870136e+00 -1.666148662712988449e-01 -8.503956505308849501e-01 -5.101048070421430047e-01 -8.960163217118275458e-01 -2.650577701873980674e-01 3.681238458185440710e-01 -7.759499563917253706e-01 -9.738110982553541684e-01 -1.579212740507797808e+00 -9.749796581650046479e-01 -1.383826709398447097e+00 -1.873339498507335277e+00 -2.926136121221435960e-01 -1.551758031518493564e+00 -1.323050447970185006e+00 -6.353303045358464907e-01 -1.280082801222559130e+00 -7.520538522247433022e-01 -8.403898045824800267e-01 -8.627642440646146049e-01 -7.926493245996941717e-01 -1.166711699077859654e+00 -4.823850979411675177e-01 -5.210256735417082563e-01 -1.489072042227358450e+00 -1.628794345511879849e+00 -6.209778983781042427e-01 -2.380047132869779480e-01 -1.288209557237375513e+00 -1.276969191512561164e+00 -1.070139723544617505e+00
2.367623470983728939e+00 1.779160586901178842e+00 7.569742841416162715e-01 8.507841889558631632e-01 -3.558933217128654736e-01 1.957887923993413715e+00 1.695777198272065966e+00 7.939857594734457402e-01 2.790496156161946795e-01 1.120780861297189901e+00 4.782698970950053918e-01 7.826228918051761907e-01 -7.848238637774631599e-01 -1.171253036755716792e+00 -1.146440075728635682e-01 -7.779142253346758851e-02 2.071062241449887487e-01 -4.498007347047585647e-01 -1.161329432486751356e+00 -3.735275678092162543e-01 1.172599872562623435e+00 3.627938243642785943e-01 5.295154567739538409e-01 -3.801801309867347545e-02 -1.041044266287636466e+00 7.632938336510505239e-01 4.491789859433140131e-01 4.667899634147914534e-01 1.243396735558628174e+00 -8.854332295726574653e-01 -6.915095005830369512e-01 1.006277570044444625e+00 6.499776968215521811e-02 7.707458450861005561e-01 2.529299657521567601e-01 -4.023521075461133911e-01 -1.443953934237804937e-01 -5.352837482489778420e-01 6.952538513494781192e-02 4.735878968016268842e-01 8.061426762664827828e-02 -2.028686447623232747e-01 -1.958001048822274881e-01 -1.193817335296243481e-01 3.338067034341698491e-01 -1.251160521729597574e+00 -5.486381854484697618e-01 5.885805996484119174e-01 5.653778052971988322e-01 -1.098288241105259244e+00
2.144930779207860461e+00 9.661572090683772096e-01 6.345775970983515979e-01 6.866519741681025302e-01 1.348916599781308401e+00 1.842001579083293983e+00 1.739634091063006593e+00 1.196128994002745749e+00 2.178376278974144764e+00 4.409741566326618178e-01 -1.848865515615318034e-01 -2.144719054885551313e-01 1.341980355156428217e+00 1.176035705647497931e+00 8.541197533711413215e-01 -3.408491218575859794e-01 8.369511441163705878e-02 -7.868433336941935696e-01 2.037405770841317909e-01 6.374142541674725493e-01 -7.976589091062531445e-01 -3.487995518877341494e-01 3.756589538863646660e-01 6.612680870844309666e-01 5.835701911030087841e-01 9.373531080909610624e-01 1.265855775793504057e+00 -4.709824679901839645e-02 -8.239434049328965282e-01 -4.872532171797928219e-02 -2.865811209791475633e-01 -1.176763771757836530e+00 1.133510477886485290e+00 -1.941452195796330715e-01 2.916064296223511709e-01 -1.226224012677221559e-01 -7.189877513557246802e-01 5.349586843646094714e-01 2.552916777935707593e-01 1.238804109459879996e-02 -6.268401478533409676e-01 -1.839825905256495808e-01 -8.702650676819483344e-01 -2.218086183841615489e-01 -8.212674113841503809e-01 4.014707187580172087e-01 7.493902014241970999e-01 5.335810614658522688e-01 -9.594082943780027906e-01 -2.471813321702612254e-03
2.667955111154198367e+00 2.090207019250042819e+00 1.989045680935607407e+00 2.308057506364012301e+00 2.275033218826198134e+00 2.500082645553623362e+00 2.027560604217543805e+00 9.438613343245674248e-01 2.263178556267554153e+00 4.088111785423999001e-01 -8.203006435035416211e-02 9.681309416466959972e-01 1.764300873420157956e+00 1.058805610542416842e+00 1.039636751232182021e+00 9.141659181905240628e-01 -8.565434965543541890e-02 1.445013880031221554e+00 4.345097159818014920e-01 4.903170205546762972e-01 7.664896279449481264e-01 1.201361976302013135e+00 1.168094850343537106e+00 3.410736072629839688e-01 2.090087940612646022e+00 1.908391086551464166e-01 1.776231330981438594e+00 1.655136852893602128e+00 2.138499796258036323e+00 1.279864711659074450e+00 1.588261134680699627e+00 -2.613807649624257379e-01 4.626321596450160833e-01 -1.266075188221318648e-01 9.945684928482775300e-01 1.427848251723181083e-01 8.689332247639283135e-01 1.181401433501796383e+00 8.251164754806598056e-01 6.388297446031308002e-01 1.612805406125522811e+00 -4.692135160257661086e-01 1.298391650934569208e+00 3.204984739065529220e-02 7.750792134526945931e-01 1.161095740111191210e+00 7.378872357468964083e-01 7.220936350644618917e-01 5.467943030607609611e-02 5.836317782640364493e-01
-1.074415330328453155e+00 -1.238234210744780128e+00 1.652834843321681069e-01 5.512506361191857884e-01 -5.547923098171978484e-01 -3.239185154751693663e-01 1.037622672447662264e-01 -3.495229383209186302e-02 -2.835355833044757023e-01 -6.644834005906619101e-01 -2.001212850284519895e+00 -1.917201497280751843e+00 -1.280192874573392592e+00 -1.698868930233696117e+00 -4.088744534772387751e-01 -4.583664191598155191e-01 -4.399317096904021285e-01 -4.928346075278819960e-01 1.189960718499968595e-01 -2.261666156341415879e-01 -1.346599046739495487e+00 -1.386170051570938977e+00 -1.319756907335017715e+00 -1.904544308885527615e+00 -1.922938072230973017e+00 -1.839427726647719696e+00 -1.675226975332928303e+00 -1.129621118251946887e+00 -1.260509401504786631e+00 4.254969027261831793e-02 -1.192811293668737171e+00 -7.204777446839296662e-01 -1.365472169576867234e+00 -2.139211683249773177e+00 -5.919854373359524358e-01 -4.773585608474454900e-01 -1.543304374789070676e+00 -1.692041167825351355e-01 -9.534669357407613566e-01 -1.596843355923353469e+00 -1.292344785091472881e+00 -9.024666903974698506e-01 -1.873598967362894996e+00 -5.398323872011846492e-01 -8.671711910985824279e-01 -1.423976511046051829e+00 -9.395620903188097728e-01 -1.995219620636380586e+00 -1.410958519854508264e+00 -7.371075905414185003e-01
8.623931813661236401e-01 1.203366826979774595e+00 1.243965391273513355e+00 7.364383172663269139e-01 9.079584684229459191e-01 9.061699716413500472e-01 1.568779474874961943e+00 3.799241795928587351e-02 8.683752602610970150e-01 1.051608692995930072e+00 2.610148265659704703e-01 2.017406671093851522e-01 1.017506188845201054e+00 -1.461864839331104893e+00 3.415642921125610076e-01 -6.153159335333984181e-01 -1.074786265125661666e+00 -1.561743942845551958e+00 -2.361114648695057661e-01 -1.839609612765669588e+00 -8.187778567087246051e-01 -7.612564214828640985e-01 3.482435340006792557e-01 -4.175098558601773174e-02 -1.111657452557163861e+00 -9.482835464657252134e-03 1.565349437868147064e-01 2.978178725325128506e-01 -8.359245601426993355e-01 -3.915730264967319241e-01 -4.444450348494144443e-01 -1.731737881654125344e+00 6.553736957692978260e-01 2.859891986287624865e-01 4.964708326499220892e-01 -6.832250011801894729e-01 1.124397011156130999e+00 -1.568364422249761470e+00 4.071863112933300499e-01 -1.510343135787806768e+00 -7.883078632670789121e-01 -6.225007637109763320e-02 6.738788942459296438e-02 -1.525995485904718674e+00 1.164475882967692000e+00 -6.985691589398282386e-03 3.129335720430243689e-02 -9.420426865254847293e-01 -8.461052503482998643e-01 1.076560377491072806e+00
2.185705530972533506e+00 1.288966821931390561e+00 4.671958734434200622e-01 -2.279723682619172465e-01 -3.825016937430425479e-02 2.684138315177387879e-01 1.903769140947259020e-01 1.426361112524028529e+00 1.735688918296588446e-01 1.238385382103293075e-01 -4.671946790648117548e-02 -7.229186783461538646e-01 2.725713431966962363e-01 -1.707524176680084715e-01 2.534825064214864532e-01 -5.629698340115463218e-01 -4.900850556996426410e-02 -2.020629465898655108e-01 4.092185885330211770e-01 -1.804986624423482178e-01 -1.701608800805989974e+00 -1.986885568807287061e+00 -9.663114275294256705e-01 -3.756140320332138072e-01 1.105836509226562514e+00 -9.649256519899079843e-01 7.379737785110989101e-01 -1.088689286763236952e+00 -8.009516604294240061e-01 6.267236154476452104e-01 -1.419475339683080040e-01 1.809624118323190645e-01 -2.077933663261038455e-01 2.115942850029938274e-02 -1.646619854834553143e-01 7.111953546264464521e-01 -8.735991942808957189e-01 -1.051921536106674049e+00 -1.009325539503463709e+00 9.668123956180441070e-02 -4.048243155236793678e-01 -1.446544312787552133e+00 -3.015697162018127764e-01 -8.752585450497460950e-01 -1.160226400317826867e+00 -1.983424872828936925e-01 -1.416463800236374526e+00 -9.038772982112850407e-01 -7.535324167206708390e-01 -6.204965263011354981e-01
1.652106493493552986e+00 2.237000796472556896e-01 7.089927814215308821e-01 -2.175674910291842679e-01 3.915975101379531864e-02 -1.108715072175110450e-01 3.826404861364622878e-01 -4.152312717696462485e-01 -3.529361988411432449e-01 1.236909732596296774e+00 -1.374706990864156486e+00 -1.140201955297616809e+00 -9.467349469164692000e-01 -2.484050721379547216e-02 -1.731567083137758090e+00 4.065610001252105699e-01 -2.001597213259204144e-02 -1.489141355356544905e+00 -2.645501974761812480e-01 -5.459012340589742829e-01 -4.589241488683549752e-01 -3.963567322561612483e-01 -1.032611139127216582e+00 -3.991596096496862200e-01 -9.267367232757047768e-01 -7.372548337878013225e-01 -8.482939860731031345e-01 -3.001561503628434879e-01 -1.282970510554166887e+00 -1.666482032958240378e+00 -1.982810542580576652e+00 -4.882994941094334074e-01 -9.866136210993290412e-01 -7.161654318004708752e-01 -2.185897289588123460e+00 -1.588313935833159052e+00 -1.713766019869070512e+00 -1.227306327291850740e+00 -1.097710091619666262e+00 1.020412415972913989e+00 6.361597565957612943e-01 8.576647181650769169e-02 -2.258688691172132043e-02 -1.126495696569189686e+00 -1.814811081744142518e+00 -1.331433886148774670e+00 -5.723850133141211716e-01 -1.142634121410091685e+00 -2.181875891802832701e+00 -1.201291545149194784e+00
-1.117323719111720681e+00 -1.762220521377608762e+00 -4.825833251231861354e-01 -9.117763760419195229e-01 -8.243523375692609623e-01 -8.147970411656106915e-01 -8.088539013934337163e-01 -4.580215913606409117e-01 -2.076671751868461868e+00 -9.598118905179306992e-01 -2.494562158925835327e+00 -1.959932310075144457e+00 -1.782135579025720507e+00 -1.503900120390905260e+00 -1.853197487077956396e+00 -8.311601720120493919e-01 -1.152726553608092175e+00 -1.927627142674313676e+00 -2.065337871526843561e+00 3.479844032052446107e-02 -2.420690013528173701e+00 -1.953605146624859845e+00 -2.049515220055621256e+00 -2.548482799827222589e+00 -1.787917209840624189e+00 -1.209116668814837814e+00 -1.873101513937575513e+00 -2.017783668972950917e+00 -2.402983437481630347e+00 -2.059262386266531131e+00 -2.311630065739824769e+00 -1.686933566919058824e+00 -9.195557242503675788e-01 -1.057081072512628284e+00 -2.352800618989291159e+00 -1.519736982735489184e+00 -1.279065178311790341e+00 -2.436915770249544089e+00 -2.518072345296867187e+00 -7.919217489872107940e-01 -1.453790182180125345e+00 -1.493906747665927792e+00 -8.023531009477372633e-01 -1.717335881890996063e+00 -4.341415754768012114e-01 -2.131770889690661086e+00 -1.418708334211675970e+00 -1.096983572593167811e+00 -2.082174159541869241e+00 -2.072133499389375022e-01
-5.372018527611712724e-01 5.305107631762343567e-01 -6.604631150581794508e-01 -7.881321642068470634e-01 -2.352398014700989304e-01 1.073009551947851525e+00 -8.382911837874227334e-01 2.075332172092410055e-01 -4.724151397821674259e-01 1.268834595999219328e+00 -6.664955027876765525e-01 -6.113634950647016675e-01 -1.686076770683472059e+00 4.750381886477619831e-01 -9.036895167177901866e-01 -1.914881882530878654e+00 -4.500418493695760858e-01 -7.173058392666875616e-01 -5.874480472698259126e-01 -1.058607743661007516e+00 -2.196831761893839552e+00 -9.589446343477333601e-01 -1.550865689228047017e+00 -2.396626836263760829e+00 -4.798325055985262488e-01 -3.454273766682014468e-02 -8.768846702746465605e-01 -4.651104507094278029e-01 -2.079370069607428206e+00 -9.671125181958114547e-01 -1.131195439738544861e+00 -1.851236047530252282e+00 -1.183598169411846923e+00 -1.090561927929202479e+00 -5.014008882040430493e-01 -1.549292259664537097e+00 6.644138782861266357e-01 -1.285533831756956014e+00 -1.213552536862415820e+00 -1.333031584303441486e+00 -2.625067588619322656e+00 -1.592954603580225337e+00 -1.704429533757575221e+00 -2.486994804776535783e+00 -5.480944009641617320e-01 -1.446610130706800001e+00 -1.300081650543148948e-01 -6.894019756291848156e-01 -2.682986408765815622e-01 -5.294448717302305818e-01
-2.089060978146355385e-01 3.191610411115138879e-01 5.836386413947314278e-01 -4.080554961518361168e-01 -3.253052890846568346e-01 1.677652507989412012e+00 6.967870645798257545e-01 1.090924254664702442e+00 1.030397316731175295e+00 -7.543669337452985069e-02 -1.869623618679828181e-01 -7.520573392739676732e-01 -7.763034414451862597e-01 -2.230216832997626852e-01 -2.250731104715923137e-01 -1.016834214192662067e+00 -1.020118583615761132e+00 -8.283948479684966060e-01 -3.065894146005173626e-01 -6.953247865497197422e-01 -1.409789256204199370e+00 -2.043270369487982574e+00 -1.454569424584761128e+00 -7.087703805299292448e-01 -1.080370745110382336e+00 2.236111333404105506e-01 -9.433181714366801751e-01 -1.365083707774970012e+00 -2.960700313615390877e-01 -1.356020680390476629e+00 -3.851267114770177136e-01 -9.186177415905690813e-01 -8.693609452401049875e-01 -7.141988556698976032e-01 -6.161637814565115168e-01 -7.974241732909790326e-01 -1.212416605550879156e+00 -4.092120079976362401e-01 2.644075264948345660e-01 -1.374468026959830169e+00 -3.337556139239147290e-01 -6.493824439506429291e-01 -2.037313150392966232e+00 1.290155230703063094e-01 -5.727107182046594636e-01 -1.107177263906255149e+00 -3.429542977528092784e-01 -5.973448319862763034e-01 -1.680963407588851877e-01 -1.034770188460179652e+00
7.610180459621128657e-01 3.393517478729154657e+00 2.700320499739831348e+00 2.501986890911554795e+00 1.927326190504103476e+00 3.024676305483954941e+00 4.711179697153872192e-01 3.385682987301688041e+00 2.777439278375714693e+00 2.707919634923390717e+00 1.952996679009315617e+00 9.354758760871328960e-01 4.991960880245036036e-01 5.578174273058531529e-01 2.134473677680537307e+00 2.186358389253515888e+00 1.736153141186598248e+00 1.264400612765192444e-01 2.355523372333195309e-01 1.096433086907569354e+00 1.478514252939599205e-01 7.228776925636906103e-01 1.411974417816726834e+00 2.552873553390503591e+00 4.853693100311648467e-01 7.798765217631861701e-02 1.167081236029926750e+00 2.568493255233202710e+00 1.713338382671146798e+00 8.140220315974017185e-01 1.738478592815474899e+00 2.231552103329544678e+00 1.389961280047255388e+00 1.638218153141532060e-02 9.410017635627533350e-01 1.194146009638807682e+00 2.956611818692239102e-01 9.424424763431118457e-01 1.260729424071266758e+00 3.463746111140685313e-01 1.456293406292850756e+00 1.647611639657262872e+00 3.467396110652968821e-01 6.087715045413427672e-01 1.926985992990318142e+00 1.272300693802729477e+00 9.627327309786130050e-01 3.461174318715230513e-01 9.785843853244596824e-01 1.447814680522197806e-01
3.811666487117995050e-01 -7.315337995177400021e-01 2.297724031652557120e-01 -9.551548184599072400e-01 1.342246699497589235e+00 1.571460582609466305e-01 8.273134533060377827e-01 -7.089129843681813981e-01 5.674851412833035180e-01 -9.819044495738367129e-01 -1.312500147064931566e+00 -3.031456544069640047e-01 -1.157284900577606690e+00 -1.588813406094715663e+00 -9.552466968499525590e-01 -3.862454271419722418e-01 -2.547938444258949775e-01 -1.025894524439989963e+00 -1.608468865046385754e-01 -5.040867189672783022e-01 -7.707659421924842880e-01 -3.966213697461403176e-01 -4.552691527633994650e-01 5.896465725016306059e-02 -1.174878400494474784e+00 -1.633103896111609776e+00 -6.926247940488399202e-01 -9.699346912425464984e-01 6.814021165504315913e-01 -8.869911303768199806e-01 -1.231000218115611888e+00 -6.425285187568411382e-01 -8.593898831443503861e-01 -1.018191802429144976e+00 -9.205640777723310686e-01 -7.085925794476812811e-01 1.106473504715522159e-02 -1.464436329583024277e-01 -5.501939219903343448e-01 -2.303257382613898674e+00 -1.171372305194335217e+00 -9.491792230550515352e-01 -8.905742371380042099e-01 -2.224598674808532017e+00 -2.313773974003376033e+00 1.441979968904297249e-01 -1.333233109551911877e+00 -7.668229150577215991e-01 3.531521079150787279e-01 -1.048739473647866127e+00
4.022413025889833849e-01 1.080132564472856549e-01 5.505292318286594266e-01 5.708412974228314063e-01 -5.745065437850109813e-01 4.448805424881008275e-02 -7.044450252402212342e-01 7.123943086587404272e-01 1.483994231780277229e+00 -5.287127670598958940e-01 -6.938303155179795928e-03 -3.796145745174925312e-01 -5.533790884114840880e-01 -1.428832707056180817e+00 -1.219600407191424152e+00 -1.485198396065616322e+00 -3.377974241441346059e-01 1.267116574445451838e-01 -5.993376376626540214e-01 6.587050201550962436e-01 -6.978430456830609918e-01 4.203053303981376110e-01 4.833311146695880578e-01 -2.221501033779958167e-01 3.303058059568494409e-01 -5.286851618054425606e-01 9.614611723446729874e-01 -2.846023970636784028e-01 -3.902066771855957628e-01 -1.427824616552867187e+00 3.192475584718481446e-02 -1.000798077076997750e+00 -2.373073689073025516e+00 -1.242074216416944932e+00 -4.966131179057111655e-01 -5.932769758311443598e-01 -1.094656243567806886e+00 -3.001086774188803652e-01 -7.679258467191028004e-01 1.974210791489839356e-01 8.788197153110859361e-01 2.676169476586517937e-01 2.473326610527031288e-01 -2.992339901668170099e-01 -7.903443385114093944e-01 -1.252212779954980482e+00 1.110650793696823291e+00 5.204358275452861671e-01 3.146256311051430776e-01 -9.548897173389278015e-01
1.059619423113810299e+00 2.089771833050109162e-01 4.280371406242663435e-01 8.694851918782220412e-02 5.446680056460710961e-01 -2.580769099417372647e-01 9.784853327161978642e-01 4.552897195534840735e-01 2.155654226807241614e+00 1.445415372608586768e+00 -8.377768883412355372e-01 -7.028071697339592638e-02 -7.663022342881339322e-01 -9.604447847481428768e-01 4.708160927069570123e-01 -6.902668432695424627e-01 -1.660538171381413575e+00 1.374386995924796184e-01 -1.311616817275382540e-01 -3.443809194240832761e-01 -5.325831287960408611e-01 -1.983036089759752929e-02 -7.949974878933013800e-01 -6.697923776727925382e-01 -2.727213662691675422e-01 -4.363737969315387155e-01 -8.257315479830704685e-01 4.432135377153863520e-01 -9.339640073802952802e-01 -7.181546178479678577e-01 -2.314421955533668696e-02 6.900287287199541320e-01 1.508349949705067028e-01 -6.745740275197632529e-01 -1.528891813048575576e+00 -5.861029336650137866e-02 7.914156486795053125e-01 4.022067025420572040e-01 -1.262969633225647703e+00 8.659927951890912246e-01 -7.548188307002335895e-01 7.956337033361603472e-01 -9.854389643836455326e-01 1.434145332567841047e-01 -4.660234847797941615e-01 -9.342892893503870755e-02 -1.413959768062700739e+00 -6.265993268339696831e-01 -1.360918023154261025e+00 -2.580637731314872063e+00
9.143196612983642835e-01 1.541330407088206567e+00 4.426402780404450343e-01 -4.414755589182428608e-02 -6.941114030805604074e-01 6.699291697376709154e-01 4.042625870655895959e-01 3.192708894213927007e-01 1.213530955031294489e-02 -6.433563430685163009e-01 -7.448521949101818418e-01 -1.778946841180558680e+00 5.867816279974914506e-01 -1.954296799579562094e-01 -7.484363564869171981e-01 -5.674037603326990142e-01 -7.183837656292114682e-01 -9.962015615199981688e-01 4.924847833962874843e-01 -1.507560339306229791e+00 -1.028581356585313245e+00 -3.517089213360596878e-01 -1.747271536975687933e+00 -5.959128307088740195e-01 3.431321169246830394e-01 -8.248290966668637703e-01 8.548312782552359712e-01 -6.121986901018383609e-01 4.822568540743073506e-01 1.116117825028401511e-01 -5.977445709005714258e-01 -1.584388844506004479e-01 1.773952595053063797e-01 -4.086853911243494286e-01 -1.000745320090445034e+00 -5.348771669443384003e-01 -4.468713019803690623e-01 -8.968701516268563489e-01 5.291958567584089668e-01 -6.238136045542878039e-01 -8.304008986014767002e-01 -1.533994969091658500e-01 6.350536702988774929e-01 1.059075345722239325e-01 -5.607104177552403312e-01 -5.952816638585499698e-01 4.311004213606469682e-01 3.365559428219863092e-01 -8.109414764987665780e-01 5.820666443453722527e-01
-3.347825123632142130e-02 1.038655322509644652e+00 -1.980049120005453744e-01 4.922575391403770650e-01 1.226149606808417003e+00 2.006857178535571329e+00 1.483842820000021767e+00 -1.129001444370401064e-01 -7.439607381490829230e-01 -5.239136269604762752e-01 1.390819663879586665e-01 -7.348230248662371844e-01 1.128781456969617292e+00 -1.192614951640744159e-01 -1.348111941010741166e+00 -2.496333410306954270e-02 -5.752755429698191980e-01 3.141022314809015920e-02 -1.884128817362020480e-01 7.128169549151859574e-02 -1.000445365141844345e+00 -1.269490504202961612e+00 8.348996867165678695e-03 -3.994281801437812862e-01 -9.497545841346416440e-01 -4.794345494456099255e-01 -1.041761030625882600e-01 3.796700812845844597e-01 -1.126519613164839617e+00 -5.326483243654772659e-01 -7.357527266291271628e-01 -2.989365757535121793e-01 -1.945494138489359814e-01 -8.842699558051079212e-01 -1.726700678761929897e-01 -9.537938273830699476e-01 -1.581831683334322225e+00 -9.230965711098535476e-01 -2.589963530720741369e-01 -5.222718172516636059e-01 -1.985408140372312724e+00 -4.690387608772110251e-01 -7.088712752329716371e-02 -3.494411978979513056e-01 1.141373397772962761e+00 -1.213818689067972301e+00 -1.251590740087858977e+00 -5.397033850317478620e-01 -4.665034145259954745e-01 -1.567485125535590829e+00
2.810816667588430517e-01 3.432437354410161623e-01 1.214850590204508141e+00 4.327874764198696989e-01 4.332948594621737204e-01 -7.180913921180376303e-01 8.574523571396487354e-01 1.148936402037588733e+00 1.306164877631885712e+00 -1.011305568426612123e+00 1.847909196481346550e-01 -5.900555956356835496e-01 -1.490077105415361647e+00 -1.188838981077306789e+00 -2.654419257121257703e-01 -8.677213137766462414e-02 3.403709850257684577e-01 4.903679515657534682e-01 -9.287279332676858790e-01 -4.612689157595711853e-01 -4.301165457894334798e-01 -1.490989890165388410e-01 -7.714793367068470964e-01 1.133690277023763487e-01 -5.768498039828574564e-01 -2.006808669723216809e+00 -1.217481046968245550e+00 8.520944533448436831e-01 -8.676814406496141663e-01 -1.071949526568679589e+00 -1.424924467621403679e+00 2.222858739239733095e-01 -2.040214575676790432e+00 6.880801634344411166e-01 -2.410013530175838387e-02 -1.341068796507628891e+00 -8.541930898919097848e-01 -5.481984280007436983e-01 -7.973221461578895441e-01 -8.049736605057751238e-01 -9.583039060036887546e-01 1.780821819558683072e-01 -1.736822886538368360e+00 -6.728946671709254979e-01 -1.420899458533630977e+00 -1.025842843565879958e+00 1.393330761125448847e+00 -6.677687263191992573e-01 -5.127348268012892341e-01 -1.399770040944060989e+00
1.277962608223683905e-01 3.888356635700820352e-01 -5.643290940142984269e-01 -1.179246665805361971e+00 -8.747915920699496084e-01 8.000040598101723077e-01 -3.697982681999176791e-01 2.935458370115739957e-01 -5.464978120274934792e-01 -6.317959997387436744e-01 -1.852635874307683173e+00 -2.382925886938158655e+00 -1.081442582818517684e+00 -5.731367933443434204e-01 -2.157863394664008894e+00 -1.593537415492054965e+00 -2.109189150681597624e+00 -1.393546740922824989e-01 -1.396425444346657496e+00 -6.313050732950759025e-01 -1.483853334411454838e+00 -1.069630222027309063e+00 -1.566142075780581511e+00 8.431223971826962149e-02 -3.980389336973206849e-01 -6.745402796682608004e-01 -9.187520205467268886e-01 -8.017137539701272297e-01 -2.156352697864642176e-01 -5.079086898315480214e-01 -2.297227393581488197e+00 -5.276548724328876672e-01 -7.030849596740260665e-01 -1.529878078421982313e+00 -8.750283107931097412e-03 -6.229359943221941531e-01 -1.922045157198213783e+00 -1.286445568071001189e+00 -1.921491910202199893e+00 -1.322376623962277398e+00 -4.603800123879774331e-01 -1.606634865807507584e+00 -2.177691705384208642e+00 -9.436638821115078679e-01 -6.660598823071163244e-01 -1.078852340808496457e+00 -2.254156201471246401e+00 -8.842516695723194597e-02 -1.317089456206710585e+00 -1.480634866062681354e+00
2.482087059201171897e+00 1.700980536123591236e+00 1.946583219761792716e+00 2.882227060710108812e+00 1.291466606256603367e+00 2.241363326607106465e+00 1.850070746478726269e+00 2.103668051857184196e+00 2.314944197099140233e+00 2.709341799802784667e+00 2.194743150565388490e+00 2.016587347146208575e+00 1.888913389668352538e+00 1.435116861093166607e+00 1.143794976046869749e+00 2.103070207684436088e+00 7.292686385833111462e-01 2.793110497452094165e+00 8.715338129969123493e-01 2.240047092409267915e+00 1.339385184561498576e+00 1.367008555524015678e+00 2.371462566522456239e+00 2.341165326265674196e+00 9.843855464468584948e-01 4.708027396300679818e-02 1.385538113336278965e+00 1.924912167394175366e+00 2.341899217202258132e+00 1.391584233652509273e+00 1.911675409233824618e+00 1.092872010221661583e+00 1.556038557074802542e+00 1.181328313184977219e+00 1.914461771152742520e+00 6.913661227025275080e-01 2.844896412596095714e-01 1.193684243208001039e+00 8.331085471060970526e-01 9.473434136771018421e-01 2.037292398767406976e+00 3.125559913966927450e+00 2.721155669712881586e+00 1.707121632538755707e+00 -2.188783372682088224e-01 4.240675355702024363e-01 1.166825242030341991e+00 1.386039351627960103e+00 1.239188725885163267e+00 8.348481707569268551e-01
1.073302414806587501e+00 1.243097720757673219e+00 2.323669178413369618e+00 1.373089751502704736e+00 8.371212111347519080e-01 1.617300178139737588e+00 4.706935922617953016e-01 1.358721936000379271e+00 2.341862793872389936e+00 1.240017915995615949e-01 1.425719820950387406e+00 1.739759361434037421e+00 -1.111309255839362464e+00 4.943406576423325371e-01 1.024778508445296943e+00 2.775846144962713091e-01 7.456385043611535313e-01 -2.237499146093420155e-01 1.636807452065582646e+00 6.856237792508074191e-01 1.554698396673683591e+00 9.737807450178347368e-01 1.328451901105725641e+00 1.464314723307340582e+00 2.257883354615263238e-01 1.785428480401026974e+00 1.206812632113949624e+00 9.517297279860189585e-01 1.344505334729606982e+00 1.479981497624609732e+00 -2.897529533401241864e-01 6.628572780884232907e-02 3.086861333999563195e-01 7.146321130522268472e-01 1.472527647393965466e+00 6.939054754412626869e-01 -2.708276441522796674e-01 8.177806571705461547e-01 1.119340413508445931e+00 5.563273834498300152e-01 8.064235105440265006e-02 1.871486510245696566e+00 6.579827351877403085e-01 1.410818691098701283e+00 -6.415981823648669868e-01 1.698273693446622490e+00 1.379447556052297297e-01 6.597460286314134059e-01 1.151442897585690961e+00 -2.824270980515378726e-01
1.939248095891602741e+00 1.318039865002576638e+00 8.617467628314088302e-01 1.725580073604789266e+00 4.992053654133888907e-01 1.927409617527836572e-01 -1.279802290841398626e-01 9.425759070309858156e-01 6.601725100853734762e-01 1.797304129026247921e+00 -1.628189214304959567e-02 2.389481134192883438e-01 2.551773013830861969e-01 -3.395152332490132818e-01 1.219180598974612506e+00 -7.556383173966695344e-01 9.787458506609317821e-01 -3.092737699391366890e-01 6.351025265622958216e-01 1.258937165193428076e-01 1.628828917484649585e-01 4.720313670924008442e-01 3.728964607489446137e-01 1.024995551114166847e+00 -7.476910283470662444e-01 1.491744946361712454e-01 9.136444976421290720e-01 -7.647390239662696931e-01 7.313574684091370681e-01 1.039951348294896993e+00 -9.263522512232169603e-01 -1.181914039531470673e+00 3.337603646020599890e-01 3.535199754038776399e-01 8.667558398722230439e-01 -4.542167578101052317e-01 5.463865924399569085e-01 9.770298817678755299e-01 -2.406283835837388918e-01 -1.772432397810349280e-01 8.467507681274160092e-01 -6.611065403560599796e-01 -2.959167182528151807e-01 -5.990606257348564112e-01 -1.042356523350690400e-01 2.386656448607914704e+00 3.684450961735130092e-01 -9.989475866430201911e-01 6.976667451157465560e-01 3.550266339727159437e-01
5.864057169977464623e-01 6.611881148886243897e-01 7.311099978596273807e-01 1.216265935890123329e+00 8.038608348435227757e-01 1.334078252137079756e+00 1.220474781435644918e+00 1.336164848191426779e+00 1.000276356506673903e+00 5.260539616129090712e-01 -5.114841373036107530e-01 8.150806722005194960e-01 -8.002088113625298593e-01 -2.633271535987722345e-01 8.495420974781502377e-01 7.009891455385409698e-01 -1.022540516380744835e+00 2.805571840136493189e-01 1.177423896156112093e+00 -3.151127008495873127e-01 3.446995712762498105e-06 4.505241878983173298e-01 -1.157086992457174501e+00 -1.306022573219657978e+00 1.659858693256149320e-01 1.530359716215578425e+00 6.373937465429017069e-01 8.836338182301266553e-01 -1.054772569357846912e+00 1.201392541453796925e+00 -1.810706959466854699e-02 9.855167886234780239e-01 1.325723383525798660e-01 -4.056628478855685005e-01 5.323351693486859659e-01 1.606170195270173684e+00 4.021523641261899318e-01 -8.639067239996035541e-01 5.038026278359262200e-01 -2.295004053168501479e-01 1.535914094798883633e+00 2.136209364581961312e-01 9.253435613768929979e-01 3.207370344201299628e-01 2.503560479704043940e-01 9.431236598300160034e-01 9.632174355261955423e-01 1.322100611123908087e-01 3.183886432132049249e-01 -8.527736666376695140e-01
1.184875434074358358e+00 1.355997023204935426e+00 -2.547486007049615253e-02 3.333388764602642773e-01 3.582288248720616464e-01 1.455286435527332056e+00 1.283922492577012520e+00 6.279357398344109775e-01 2.343475482383363229e+00 4.504694189682566519e-01 1.111406923507034294e+00 -1.110804529264929785e+00 -5.713936600486881900e-01 3.086202585775338902e-01 -1.099379003491531392e+00 -1.630595037899700506e+00 -5.437483558599647271e-01 -6.630694469482166786e-01 -3.297985947192995093e-01 -2.850726875023014140e-01 -3.914241697476691234e-02 -1.578214309548568173e-01 -8.904878016762923787e-01 3.691029388193189376e-01 4.819281546683570339e-01 -5.843453280293438024e-01 -6.264734558792476316e-01 5.251923378375997764e-01 -6.328229007260292027e-01 -1.192445619259886458e+00 -1.761442965125262994e+00 -6.446237043166274105e-01 -5.725202001462952328e-01 -1.150827462836702786e+00 -1.659636582960239304e+00 -1.783797666994752229e-01 -1.030169432633827320e+00 4.614205632092128195e-01 -1.149902107264873630e+00 -2.735903214619956336e-01 1.816602911111506735e-01 -6.759324244072409948e-01 7.167003043795074912e-01 -3.552250538447007666e-01 7.754568033385104142e-01 -1.310216908699858074e+00 -1.402410542524289427e+00 -1.318227802829122330e+00 -1.286525614315885857e+00 4.391400861302404701e-01
1.405583167823463153e+00 -1.103943933603495076e-01 1.633994720426154679e+00 1.587230241370705786e+00 2.003428715945171579e+00 9.332216692456056784e-01 4.588686385013446278e-01 2.590108662620487223e+00 5.578657065226453327e-01 -9.495814362249428431e-01 -4.998911264606887422e-02 3.351096989902814238e-01 6.444964749622740241e-01 5.368934639949957122e-01 2.049806149778279352e-01 1.651148938949360823e-01 -6.355121771681407905e-01 5.808948821138262830e-03 3.138516851135970676e-01 8.131186974954168756e-02 1.294768229100899060e+00 5.410022033923707063e-01 -2.892132746395758569e-01 -1.459160009182503825e-01 -6.795552001664462161e-01 9.080594955216786390e-01 2.179417658887746967e+00 -1.941689509912044864e-01 6.283806796085060764e-01 3.428958046248905545e-01 -1.805409056284390523e-01 1.080993180112501811e-01 7.871544894655779778e-01 1.233514195924191093e+00 1.298745748734337235e+00 8.740840791606253879e-02 1.673843730162279719e+00 -2.987965540972614686e-01 3.201080855208530695e-01 1.138885902993225452e+00 -7.938776001730596388e-01 -1.835372453196319809e+00 8.685497113336362318e-01 6.335443320344986695e-01 -4.094820080201864304e-02 1.510141740208129947e-02 -3.597242057527796910e-01 8.882575874996505583e-01 1.505372348749778544e+00 -6.500148558132673449e-01
5.822038412484197289e-01 8.286110416601752959e-01 1.504616190862454461e+00 -3.147014895831186099e-01 -4.082423674318984563e-01 6.932182055682403199e-01 -2.455289111005722891e-01 1.712152603524838668e+00 -6.316357550918816344e-02 1.043557065458186717e+00 -1.263465131020823584e+00 -1.829955108351090931e-01 1.903728630892261187e+00 8.521801071540486827e-01 -8.831534499567307295e-01 -6.379025261289221760e-01 -4.313899615917907160e-01 -8.939550706941490343e-02 -6.383528427288036600e-01 9.003262829541706092e-01 -3.681915923325267403e-01 -2.517352231042340183e-01 -9.958872771695806980e-01 8.153792985031639295e-01 2.147873140072034392e-01 2.003869515258964173e-01 4.407411995768855673e-01 -1.411172038684412433e+00 -9.995663939699295231e-02 -1.146714695344095647e+00 -5.440865880511439601e-01 -3.686817202772278788e-03 -8.912365506437451845e-01 8.639778527325364665e-02 4.927976922712483110e-01 -1.021999992343225055e-01 8.919890017060569942e-01 -1.485311140660043439e+00 -1.348064532647078151e+00 -3.222120129784150633e-01 -1.273097775034000456e+00 6.047506913948300644e-01 -1.188457349231160531e+00 3.236656546181961858e-01 -1.018267468196193404e+00 -8.916376130085361673e-01 -1.987510408150466201e+00 8.768214494816596316e-01 -1.130280902436092472e+00 -7.404870457831936870e-01
1.455829678563814289e+00 2.613415692251537248e-01 -3.404679488239636953e-02 8.491863335044340655e-01 -5.246196949269958942e-01 -4.162996405718004667e-01 3.475881150335724534e-02 1.261628460243259475e+00 1.001762747740078341e+00 1.752949124183968976e+00 -5.536286299647569242e-01 -4.685824092111709471e-01 5.756381228296240105e-01 -3.557474356431688522e-01 9.298833525063802119e-01 -1.561328613931835418e+00 9.962440323766552641e-02 -7.080458651200134401e-01 7.072206790060189263e-01 -1.185914051351015575e+00 -1.038675545485403084e+00 -2.484755378762368849e-01 -7.219804603315358449e-01 2.364174144785582132e-01 5.973187505501983408e-01 -1.250073013503945285e+00 1.079123110590144985e-01 2.112059319840310645e-01 -1.257801313704211221e+00 1.249955737021896107e-01 1.088640547559564853e+00 -3.779165337450879902e-01 5.906769402689476117e-02 -1.142826895961977784e-02 -7.263916463806566748e-01 -2.605550751684557187e-01 -1.037295803978630859e+00 -1.351966581848852211e+00 -1.228483104148895944e+00 7.612070349505670186e-02 -8.688188570128141386e-01 1.456593450326284955e+00 9.219906949910042782e-01 -3.041881916300107624e-01 4.837852500175354731e-01 -7.168409094519947455e-01 -8.395844233884693086e-02 -1.523171601645887940e-01 -1.342243312883343087e+00 -5.068919022604458091e-02
-6.048570514790900798e-01 -2.100808402384395368e-01 -4.642073962236870077e-01 8.304590174846376849e-01 -7.634223560271105047e-01 -6.173737723839030078e-01 -7.129536351136700478e-01 -7.084234696294493538e-01 8.769967197211571142e-01 -9.868558447095043817e-02 -1.683883553059084548e-01 -1.185454929381011935e+00 3.981039393145695271e-02 -6.518731761612414077e-01 1.831270092335464672e-01 -1.587030478882679230e+00 -1.666291840931641399e+00 1.359650922679527807e-01 -8.637435286547380242e-01 7.022893932473686096e-01 8.241610229562833928e-03 -1.477589540333395401e+00 -1.090604183014853179e+00 -8.592415996494023878e-01 -8.736631858730751210e-01 -2.466700722550800418e+00 1.843214202736366547e-01 -4.840844578307447743e-01 -1.453676225780085707e+00 1.223217802295840650e+00 -1.076050208940186215e+00 -1.656110924171558252e-01 -7.045036886225924944e-01 -1.399017582600724952e+00 -4.327943624088017582e-01 -7.278330688219436517e-02 -1.105819243359670079e+00 -8.769490994514475002e-01 -1.198733361907629691e+00 -1.742641444536372486e-01 -1.073810990712514624e+00 -2.488293307088229600e+00 -2.523719647332542393e-01 4.639068537987670049e-01 -1.578475294452018174e+00 -6.535224332008366943e-01 -9.898092978898191951e-01 -1.294717911509599029e+00 -1.692169074326778322e+00 -1.413032551824947136e+00
2.502735431437699276e-01 5.014363867011357723e-01 2.682601307946368419e-01 1.016179233011863081e+00 9.531162511030940587e-01 -2.630848004753583158e-01 5.761507233265693584e-01 1.141586363653458225e+00 8.509067211401344366e-01 4.723401074734437932e-01 -1.302893932324260762e+00 -9.766700204581774125e-01 -6.746093162890743899e-01 2.195359442626241553e-01 -1.975631453412707017e-01 -6.467032258897468244e-01 -1.831368875878065294e+00 1.651568859089125874e-01 -2.926209852204146866e-01 -1.161401486498025770e+00 -7.908934682100192681e-01 1.215983155883028494e-01 -9.389498143066220548e-01 -1.295203778251574622e+00 -8.083265556996036549e-01 -1.449439031453670257e+00 2.653249049132411913e-02 8.764209324116968292e-01 2.858810963995585541e-01 6.982620635594570802e-01 -1.239142572683898269e+00 -1.279196112931895168e+00 -4.349222606964131543e-01 -8.046263750526095881e-01 -6.479861471479864132e-01 -1.844605525606652252e+00 -9.020780893327873251e-02 1.074347731428169916e-01 -9.681915787221965219e-01 -6.818292238511809433e-01 -8.818844450202609764e-01 7.304548035329780920e-01 -1.483170081290717535e-01 5.355649047344747116e-01 -2.973659406923721549e-01 -6.658122816905053254e-01 -1.158883819022235695e+00 -2.001494203542541483e-01 8.355404466013699460e-01 -4.554805977012360563e-01
3.464191131975274951e-01 -9.078334904425080509e-01 -2.392960655404419157e-01 1.746165066509904440e+00 6.637413062740946668e-01 4.811305774182133010e-01 7.555480015626325763e-02 1.512137026883379809e+00 1.621839623991884194e-01 -4.786577232048938590e-01 -9.451593007382661504e-01 -8.104101763951844228e-01 -4.811508326080698450e-01 -4.208794549381961181e-01 -1.167012439881046415e+00 -2.529097273819290947e+00 -4.882186900653803785e-02 9.861584930904669921e-01 -1.194011736290531811e+00 -3.708952266944084419e-01 -1.159298632803088980e+00 -9.213683332192508235e-01 -5.130563890136485838e-01 -1.211807799011246134e+00 -1.649548185853163262e-01 -1.547891033036735420e-01 5.341787981932073492e-01 -7.914338965694404093e-01 -9.681997399758636158e-01 -1.407369054545240639e+00 -9.203118620737559263e-01 -5.804478578700784652e-01 -6.934140483445971892e-01 3.659288212614521252e-02 -1.065758622142276790e+00 -5.837237608149974388e-01 -1.219001196418757760e-01 -3.321248162291215444e-01 -8.925136310439415466e-01 -1.576532353847440948e+00 -3.394847163360315556e-01 -1.271625727116008076e-01 -1.975642451405551725e+00 1.743449516879979899e-01 -1.327227510795705889e+00 -8.736153341781788262e-02 -5.064750673536005943e-01 -8.478743864836686406e-01 -7.036615019092081758e-01 -9.680262839391303720e-01
8.543691430710472767e-01 -3.841224031054157884e-02 2.292518675492809521e-01 7.349779640170028827e-03 5.163890649232876218e-01 -9.358317215888112273e-01 9.242642318228709852e-01 -5.774682518345395366e-01 3.813774634634020666e-01 -6.015455891022631896e-01 -1.138408769579054125e+00 7.905138328317458385e-02 -1.013632381151936268e-01 -3.657715074967997082e-01 -1.632911317843803278e+00 -1.518572803549640859e+00 -2.097440014121928265e+00 -9.972664266721885662e-01 3.400494026722251234e-02 1.320731042075857786e-01 -9.906389955061878361e-02 6.122510164725153414e-01 1.817727369144506167e-01 -9.992228224478286736e-01 -6.213195258723196446e-01 -3.639636837584585560e-01 -6.817623902742917519e-01 -1.679276913170452579e+00 -6.167097528115411675e-01 3.039918749873574688e-01 2.324489102160740839e-01 -6.687388350783092239e-01 -1.088082495569791253e-01 -1.457580976846139520e-01 -8.546837333665305847e-01 -2.314965359682014459e-02 1.010537711532102229e-01 -1.022338029891710187e+00 -2.334036067974081696e+00 -6.330853718629217974e-01 3.337606273931829071e-01 -5.129294240424148166e-01 -1.137732514752325397e+00 -4.449737370053685748e-01 -7.011586309328502464e-01 9.795176868313404395e-02 -5.785636937976499361e-01 -7.868003619323113984e-01 -8.811704134094067165e-01 -1.130998054140792686e+00
3.209676008430296656e-01 2.078734911363750548e+00 6.483261891332799953e-01 1.219394962939008176e+00 1.634669174051164520e+00 2.482479756272861771e+00 2.210193092583739194e+00 1.719340754906580226e+00 1.178299670764636486e+00 1.237425264204697672e+00 7.136144912630311143e-01 8.690043370980862214e-01 1.318299100782684141e-01 -3.507862913604355981e-01 2.036896709360967728e-01 1.021483370205609864e+00 6.409368759795807113e-01 -1.329750672341548645e+00 4.758408954201516772e-01 5.610117159636418549e-01 -1.158423533546521084e-01 6.222358549415365481e-01 3.308419021538178129e-01 5.842157890036754342e-01 1.027616078528865273e+00 1.018847839122712234e-01 1.755020192462915851e+00 2.957794433142851842e-01 8.924518479069406540e-01 9.998990619768060029e-01 6.075587435566176531e-01 5.850840659496882035e-01 1.522219863451232502e+00 1.465385390584684089e+00 1.732217225246916459e-01 -1.573683134986655630e-01 4.922278158263694858e-01 1.122944929168499389e-01 6.295114258520446704e-01 -1.141062662953904239e+00 2.146841254983379577e-01 1.091357256095307093e+00 1.489604136337497220e+00 9.066694975750702046e-01 -1.458930985264142791e-02 8.957121152109474016e-01 1.267319705793546747e-01 -2.956251809527384311e-01 -2.372127623775242555e-01 5.680078414376156237e-01
2.024440218288994231e+00 1.510372882897190516e+00 9.634548673108315198e-01 1.092805610776940828e+00 1.940141114661578348e+00 1.980419275742248963e+00 2.401358472025704849e+00 1.445375677551907767e+00 2.220882833223068786e+00 1.333476121900960987e+00 1.075943930180571328e+00 3.499490517827701930e-01 -8.900733230610644586e-01 -2.578636965358240829e-01 7.265785487414966326e-01 4.073867480366448190e-01 9.220334960113907297e-02 6.792917957999081713e-01 5.773785529369259706e-01 1.242798693507777053e+00 1.324891722805247862e-01 9.019292436022607884e-01 5.840410497357174657e-01 9.837798497212500992e-01 9.448996853354842962e-01 7.748998070242006930e-01 7.729566607640063480e-03 -5.833074178477301586e-02 3.124182638011052671e-01 -1.580899780892795592e+00 2.448109045942596373e-01 3.302853959375705029e-01 1.002076843838097586e+00 -3.966436357401840335e-02 3.776894053594480605e-01 1.465880272612243518e+00 4.263673056542836570e-01 -5.692524023044688297e-01 1.094050178885325186e+00 5.922662173543603581e-01 -1.021084648050673838e-01 9.236427472240295034e-01 1.059883617702159109e+00 1.308053623257048992e+00 1.152790553427061715e+00 -1.515400028455046455e-01 -2.598659624980903526e-02 1.979744212329149766e-01 -3.423248676888984710e-01 8.900785501246711862e-01
1.630430272852371409e+00 1.509132264443803884e+00 1.148766945619420277e+00 2.499813264982322814e+00 2.865704424812131279e+00 2.349797068613834750e+00 2.635063125933750250e+00 1.456524139985484689e+00 2.107078856541948930e+00 1.942442549690153175e+00 9.282377445987535225e-01 1.145120938001682916e-02 3.582442571944884913e-01 1.486918760147372787e+00 -3.691152169461274779e-01 -1.108280913254303668e+00 3.149353498586443534e-01 1.724073264256704707e+00 4.060124885177219811e-01 7.736345443550288747e-01 7.803438698665464690e-01 7.821106079846634751e-01 1.771915011710856636e+00 3.536014385568207463e-01 4.531272939319110071e-02 2.292385463630258080e+00 2.068252925113260421e+00 1.749232777124845040e+00 1.592557090106842876e+00 1.598152870276630555e+00 4.130909973614196873e-01 8.115317202722337475e-01 7.572827194190702160e-01 -2.988525598490964219e-01 9.852775429153148856e-01 7.465935483380231608e-02 1.760491404348406341e+00 1.190847230590494465e+00 5.510830797311986329e-01 1.237587593799830854e+00 1.516229588244864868e+00 1.851763548036196916e+00 3.292039232157805695e-01 -1.163213528784443618e+00 1.771076215273278409e+00 8.352191835692116539e-01 6.056422973714957469e-02 3.433753195760372856e-01 2.689663355671747080e+00 9.301592433506917779e-01
1.104476950713824124e+00 9.214273337980178891e-01 1.904570775572818286e+00 3.777216753252128356e-01 7.052833170097090321e-01 3.749236126555667292e-01 2.937262200511337795e+00 2.177360703056518076e+00 2.020063080372675124e+00 1.219606393201934758e+00 8.645031999647290188e-01 5.443724109328527128e-01 8.242189678756599580e-01 7.342398001394314644e-01 1.080540895687508218e+00 3.554966004800079737e-01 -1.780076248069715761e-01 5.662160827754485481e-01 -4.659429663750678241e-01 6.290288632788690881e-01 1.219729976012516870e+00 -9.780632125177144420e-01 1.023541383004934247e+00 -4.561933038725063949e-01 -3.146464594348943322e-01 1.346966546213520965e+00 1.255791250622514177e+00 1.201755665469634637e+00 7.850508214609840385e-01 -8.857996641002350291e-01 5.393099906342679883e-01 5.123549860413060923e-03 -9.191573080803238094e-01 3.657485115968119316e-01 5.173690128132698574e-01 6.875737780593160764e-01 -7.420134269617754130e-01 3.366303038688244764e-01 8.351764159888489525e-01 1.339918578516932524e+00 2.097022081505199420e+00 5.058535265652144286e-01 -2.888125782867406177e-01 -4.537967413063206390e-01 1.095009690912077227e+00 -5.470619739246596058e-01 -1.388776105686520546e-01 1.068361847424221800e+00 4.652590836261779605e-01 2.244098829628906611e+00
-5.688676653922732918e-01 -1.163656858209918710e+00 4.142723638088915417e-01 -2.083200031081799963e-01 -1.432266284274567703e+00 -1.471978271050605969e+00 -1.952083347143632963e+00 3.225322719336274346e-01 2.153126922557828671e-01 -1.763049348739544886e-01 -1.145931458361433286e+00 -2.075623198785933265e+00 -2.154884512064323410e+00 -1.195085854798410230e+00 -8.167678572108115764e-01 -1.697695935940009004e+00 -1.653457524479513996e+00 -2.042415866753179543e+00 -1.830688289766901455e+00 -1.861674028658341307e+00 -1.257014734187453131e+00 -1.641646367744274526e+00 -2.883698613122203103e+00 -3.198962651395202972e+00 -1.783000362560391183e+00 -1.140315969788626704e+00 -1.747292337663554296e+00 -2.480313291085966654e+00 -1.691294429471722260e+00 -2.456885360806878360e+00 -2.172933292340723632e+00 -1.791528341419943882e+00 -2.054498016709949582e+00 -2.060526079849634762e+00 -1.082637259750330649e+00 -2.399412334339929398e+00 -1.452639416057585897e-01 -1.753391462300835313e+00 -1.059756780119411657e+00 -2.111712109968409301e+00 -3.281903369894435762e+00 -1.319383464804295691e+00 -9.933442242776489017e-01 -9.583757212502421741e-01 -1.447340049339814749e+00 -6.154654414638500715e-01 -4.928337234304680514e-01 -1.054933714322606741e+00 -7.762372579050988985e-01 -1.795087256116413510e+00
1.272712851081578611e+00 1.715428964073342222e+00 1.989899815624628587e+00 3.520994490203483984e-01 1.303170050740322328e+00 1.646127580891842079e+00 1.131425307928197732e+00 1.131993803812440857e+00 1.233310420262549334e+00 3.324375014323906807e+00 7.382910491938556863e-01 1.263917458711842245e+00 8.357984716315973728e-01 1.383821486850919991e+00 1.637396299404862754e+00 8.771517333278936457e-01 3.552676023986592324e-01 3.962346162009717787e-01 4.899324057180124425e-01 9.018047381050594558e-01 4.285884006369092836e-01 8.135371959397069697e-01 1.817264334331346376e+00 8.131812111157459277e-01 1.042990328360668517e+00 1.567461109894517479e+00 6.537998002805843756e-01 4.405808091696449269e-01 1.789516945277739857e-01 2.033540731697376813e+00 1.496147319920523300e+00 -1.619315974043845363e-01 -1.653015315413731701e-01 -1.552630623272392152e-01 3.795395257679438639e-01 4.014435982306426287e-01 -4.592879607855896579e-02 7.745625975977284972e-01 -1.251824396751773372e-01 -6.394335767698712536e-02 7.330590171048221304e-01 4.687089664292500707e-02 3.994568925910742530e-01 2.456002640889454469e-01 8.169720152562595095e-01 1.580717831452501665e+00 5.204338736836428003e-01 3.380050604260499969e-01 1.285835569927850086e+00 1.228436615941933763e+00
1.187007155487155963e+00 2.040018688094372479e+00 2.951830092454410526e+00 1.768459592853012463e+00 1.229035921631657535e+00 1.258096726161640699e+00 1.502679630585139092e+00 5.902893739252099703e-01 1.461683384948147424e+00 8.530414367947934950e-01 3.586752925310424112e-01 2.575914968726573662e-01 4.445507526888047845e-01 -1.933366674573637201e-01 -2.330401813850396242e-01 3.687074384046312714e-01 9.768254254447976681e-01 7.287490436021908380e-01 5.884436072830966369e-01 6.867558202859801453e-01 8.001599619729620194e-01 2.855234004743570919e-01 6.296634085793656466e-01 8.189539715722850000e-01 -6.231138962906657142e-01 6.365376891074667753e-01 6.044380810252576453e-01 2.767694596597152668e+00 7.298819026437602941e-01 -6.754943642754376310e-01 -7.356372177553173186e-01 5.649536782000360580e-01 9.926675190112819180e-01 -7.861788255260732106e-02 -5.291998246367971559e-01 9.275470765289724195e-02 -7.131006453491297581e-01 1.129460788960666040e+00 1.099778939771027364e+00 5.949369702534111903e-01 5.710113755107697475e-01 5.149027441321010201e-01 4.001848909619602490e-01 5.184806229605809502e-01 7.666837199828020477e-01 7.143634775900753464e-01 4.330561784991181565e-03 -4.367969157974740946e-01 -3.253126939387694927e-01 9.385206265982912743e-01
2.520920129495805906e+00 6.956923112206421234e-01 2.090263127535833210e+00 1.038302006701443236e+00 1.544286877312463613e+00 2.953554778803965331e+00 2.260069097987926767e+00 3.109022563926358007e+00 2.826258845303139200e+00 2.764421252814138974e+00 5.945408054384609953e-01 1.439355193081263362e+00 1.830176724323852921e+00 4.130043444049014134e-01 1.283408304761801122e-01 -4.729152821344163593e-01 1.704153052355718845e-01 1.339308397389324945e-01 1.549450191397841570e+00 1.224442488988495947e+00 1.338070570872675003e+00 -6.390022305768057187e-01 1.848391750489439822e+00 1.399545065652240794e+00 2.989432224798404536e-01 2.094023923006164967e-01 2.433048141626268368e+00 9.261614308861458866e-01 1.113092166611229672e+00 -3.977570985280343141e-01 1.536231419374824991e+00 3.112656992736837491e+00 2.244375767787212705e+00 1.271034391772082550e+00 2.107218358734475938e+00 1.047867377359516627e+00 2.248737453188207613e+00 3.907472147072780233e-01 5.331590652099847949e-01 1.455562148371033704e+00 2.987942295882700661e-01 1.820981561325636600e+00 3.083772900290088437e+00 1.715672790148022653e+00 1.764116857757463741e+00 1.329412643289567653e+00 1.294504717219827850e+00 2.298045885733213112e+00 9.346137373471633536e-01 -1.203504776275901161e-01
2.734627282336676846e-01 -7.946525148873120337e-01 1.143284282630691262e+00 2.105746878185331461e+00 8.569752280785692955e-01 7.447658346268459795e-01 -2.981891373886380592e-01 1.304559921155679980e+00 8.586235722909899559e-01 1.483636446883978444e+00 -1.573305337854081776e-01 1.427238086353214808e+00 -1.043032289887423136e+00 -7.030614255035319005e-01 1.059948830860738767e+00 5.230331139940451735e-01 5.812283849421100435e-01 1.962311992198123023e-01 -6.584287540049872378e-01 7.197816270095243052e-01 -4.580396992141215207e-01 -6.026556875144358644e-02 -9.237249454336346477e-02 5.994482327336358995e-01 -7.380965690729137663e-01 -2.060961114861898036e+00 8.170407142733451117e-03 -9.197856856814645710e-01 -1.122131510182565961e+00 5.024618455954125811e-03 -1.542694297646133972e+00 1.125971213042645247e-01 4.815058130209159959e-01 7.462840827350067374e-02 -9.870527287061712229e-01 5.893656926111238287e-02 1.064463554951242008e+00 -1.036435298348791667e+00 1.196891476079373184e+00 5.220782520964351026e-01 2.516175760805210437e-01 7.605515059283857182e-01 -1.500220930699216915e+00 4.217512915301763199e-02 -4.961257142981091994e-01 -2.513308544902129182e-01 2.897818641593743472e-01 -5.331332914507710408e-01 -4.003148699434114222e-02 -1.323622475976224289e+00
6.578969969863088796e-01 1.222213563619157339e+00 -3.351028908619382296e-01 1.849768712372395374e+00 6.462057054386185495e-01 6.337876830498005987e-01 2.063490461017798872e+00 1.061924506398137513e+00 -2.591819193848436953e-01 8.076897348255049902e-01 -9.296906263568657791e-02 -9.570502124111324171e-01 7.704876286512302164e-01 -1.995554994158247608e-01 -8.487197950946255842e-01 1.133054409935954632e-01 7.827582934907978407e-01 -3.012004609193283389e-01 7.168191855107702848e-01 3.089212359209790870e-01 6.670614669176500033e-01 -9.785628517713044205e-01 4.945620208891469693e-01 -7.315704141509519198e-01 -1.329807390971858627e+00 -6.352034120235979797e-01 -3.779186341534893634e-01 1.575587084514605551e-01 -2.820052201933687663e-01 1.499062686035929737e+00 -9.963755060841646971e-01 -3.333305892429929695e-01 9.994169944160925523e-01 4.211727051737380600e-01 8.852637545939829877e-01 1.284912849033328641e-01 1.729459982918721384e+00 -1.461743626225066928e+00 1.289313530407209640e+00 -4.600029446696085600e-01 2.343943491530877943e-01 -7.928300359697221245e-02 4.914924160260479846e-01 1.541620073397897972e-01 -8.059811168060205810e-01 -2.805760182013254944e-01 -9.742813532919830655e-01 2.166797238034759987e-01 6.427992523485543952e-01 4.365937157226479348e-01
6.936177640058061034e-02 3.852790072248164499e-01 7.753811780326383962e-01 6.327283663364614563e-01 5.186738759669369259e-01 5.830380198198592545e-01 7.042628602892566647e-01 1.243648817769968273e+00 5.334714107576756792e-01 6.964544648188393250e-01 7.146417707027222788e-01 -1.089212799191524361e+00 -1.532034017983200380e+00 -7.559612684269421123e-01 6.470634760665172625e-01 -2.305535667671990474e+00 -7.233663560047602914e-01 -3.552931859627215805e-01 -8.686546352883215416e-01 -8.448399876550753973e-01 -1.451209382718276597e+00 -9.463869295369617962e-01 -1.114197742182755357e+00 -5.061469461072531928e-01 -6.633138256548550826e-01 -3.147246959431218016e-01 -3.830812960521703947e-01 -9.337669146269715892e-01 4.315121491824557703e-02 -2.951669627689590403e-01 -3.748976428644399950e-01 -1.489904836095220508e+00 -8.690133347041061329e-01 -1.916542885008755137e-01 -4.606498636595413587e-01 -1.184518769096832180e+00 7.696264286707679148e-01 -8.603352558787801252e-01 -9.057414413518687091e-02 -1.218478917800195793e+00 -1.096880048652866035e+00 3.081448053318609492e-01 7.039441483071858796e-01 4.836150181527259506e-01 -4.254346149239818242e-01 -1.054864846523874577e+00 -9.418478661019058507e-02 -1.132465314792131666e-01 -1.297976455490732484e+00 -1.421046386127770234e+00
3.030049927545477750e+00 2.211718800146440067e+00 2.808542249451511097e+00 3.354185105620221208e+00 2.212496715199444797e+00 2.531358740773886673e+00 3.027683244531510276e+00 2.013325490359918035e+00 4.414527660211177151e-01 2.218340888258374832e+00 1.658522365487212324e+00 5.118844245834964779e-01 5.033887762086995954e-01 8.987179303255594665e-01 1.362548104209474031e+00 5.759579030759880425e-01 1.762493947514723658e+00 1.233482516682333108e+00 1.061278223667090126e+00 1.550429781974990817e+00 1.445194982913057258e+00 9.752017242657514684e-01 1.574194354544681929e+00 1.575454904178059445e+00 8.992245070979596466e-01 1.755771691066402074e+00 1.568015878055511569e+00 8.608650694461917885e-01 1.379322656739784936e+00 3.021861735892615863e-01 6.964314032964933343e-01 1.151941122811100726e+00 1.396599534919080288e+00 1.232592807547613578e+00 2.282144235513110964e+00 6.944940984224924341e-01 1.588651324551395350e+00 1.332444008583516526e+00 1.766140159395646059e+00 7.644205643985970688e-01 7.819531153583033634e-01 1.509120440167516675e+00 2.158020163672410341e+00 1.267371087937760210e+00 9.394199075981195524e-01 2.217221861188845899e+00 2.538252222528694535e+00 1.272317414604952068e+00 1.869333323334147590e+00 1.933746504488274676e+00
-1.548611382045750329e-01 -4.038874434702668381e-01 -1.363597307772849820e+00 4.844517097256835214e-01 4.025618078003730949e-01 -7.969342654993636366e-01 4.389284519669518492e-01 4.401820586311185890e-01 9.470462277003643958e-02 -1.068040074610633106e+00 -1.906492063034210149e+00 -9.792243711678384477e-01 -1.222941487765849544e+00 -8.991513875229044661e-01 -4.573489691064624441e-01 -2.762650046354856226e+00 -2.301126789408240558e+00 -1.030579936313300582e+00 -1.884028215259312411e+00 -1.280763165692467620e+00 -1.106256304554678743e-01 -1.319326235913552692e+00 -1.990812755642512144e+00 -1.712930854026529337e+00 7.057178614422378315e-02 -1.206547286215759573e+00 -3.812668080430700601e-01 -1.685245490440168581e+00 -7.189961480208794109e-01 -1.614445380521584594e+00 5.086005877061398200e-02 -1.636990084927298694e+00 -6.983850666478038649e-01 -2.710309152909280428e+00 -1.110425598146772330e+00 -2.814638509287988200e+00 -4.885544127815804605e-01 -2.222649431858769731e+00 -2.430718733722013469e-02 -5.777086614112501017e-01 -1.128265125245555556e+00 -1.590833424991854095e+00 -1.891478455275608539e+00 -1.200726897174700047e+00 -2.817863652795383533e+00 -1.738365149505896268e+00 -1.754749347451830754e+00 -9.999522427291186455e-01 -9.872664839220195443e-01 -7.173720298489558722e-01
-8.885840365374653160e-01 -3.177679174970506892e-01 5.223679160826679713e-01 2.385052340309861130e+00 -2.516055856936150192e-02 1.248242372888850316e+00 9.217315573607726131e-01 1.383238611100096938e+00 2.640196888959938093e-01 5.195792902139165781e-01 -3.058962687490756616e-01 -1.008400347104645878e+00 -6.853130066709270940e-01 -3.244097820653263353e-01 2.005686856591383793e-01 8.649498792637649869e-01 1.543778610125925710e-01 3.617714504259265662e-01 -1.428721818342304495e-01 -6.091843588764267459e-01 -9.239365637984111590e-01 -6.089129681715086395e-01 5.242925580315274114e-01 6.723866130047227996e-01 -9.263931003705110079e-02 1.973383183318265857e-02 -6.866194007151312784e-01 -9.737709811652973946e-02 2.646061153935810525e-02 6.419606349538058421e-01 2.192056044980072727e-01 3.322465183649338932e-02 -4.449795996239647722e-01 -5.072201083041240066e-01 -1.448268937198838424e+00 -4.879413477384354492e-01 -5.387383654944385425e-01 -1.420050548876856666e+00 -9.954700064139440085e-01 -4.369105566349097414e-01 2.022993766083434342e-01 -3.165901716801502452e-01 3.247041780512524567e-01 -5.386069784946239114e-01 4.588938882352159854e-01 -5.315590095391563991e-02 5.501720528786628872e-01 3.686605770701456564e-02 1.264476132369186934e-01 -1.241438792552287174e+00
1.749893793289429844e-01 6.040529578542915834e-01 -5.700368954745347327e-01 -1.694209286784029711e-01 4.232716870126086439e-01 1.608173259715691916e+00 -8.323496743702785139e-01 3.906565509285102600e-01 8.837845053651196547e-01 2.752746615346870485e+00 -6.560929628942958614e-01 -5.778924496283361911e-01 8.631039809590780598e-02 3.293816420008816581e-01 7.773804267145351110e-01 -6.850142433023297395e-01 2.254239042321565523e-01 3.567074311381213114e-01 1.460866389915152497e-01 -7.911626816890433567e-01 -6.598863724934318498e-01 1.086323826625868350e+00 -7.785954174980236342e-01 4.076744181058495481e-02 2.660652276736775179e-01 3.295553626096301980e-01 1.965568016103542703e-01 -8.753861686975463741e-01 9.550509931284170140e-01 -7.335806147078149930e-01 1.063816773280762407e+00 -6.732801619592383435e-01 5.095976958366753573e-01 -4.970242860292304887e-01 7.524439720353954808e-01 5.963669903621607871e-01 1.312699557493889113e+00 4.004179309891615218e-02 8.769934056810314571e-01 1.313095948669559636e-02 1.167557983326776017e-01 -1.014022292167183537e+00 8.074367811619729274e-01 -3.434142550660319593e-01 -3.737971302742305046e-01 1.797883720884995373e+00 -2.121424285835997736e-01 2.856132603558902971e-01 -6.388698243817871880e-01 5.869270075552941446e-01
-5.281362021726792033e-01 7.356750343881288678e-01 5.756258443818341730e-01 1.144054207929267042e-01 -6.452332330717955866e-01 -2.382321212663209842e-01 5.202262712495603347e-01 1.418031862241766694e+00 4.271599139733585071e-01 6.571415713878154818e-01 -2.173060313847862725e-03 3.985509689106565556e-01 -2.200461322055411763e-03 4.610893371646249128e-01 6.471747413796329340e-01 3.586064195939533961e-01 8.212297047134625716e-01 -4.674481257964386294e-01 -8.339651091608509814e-01 9.860249052859379471e-02 6.733096206415859486e-01 -1.622485683204934193e-01 6.233476023094526308e-01 -7.732023711391189380e-01 6.081400796134407427e-01 1.315982952818457896e+00 -7.344046229762131450e-02 4.757391089769515136e-02 1.499081376802959831e-01 -6.441077160059373308e-02 -9.277799035654568094e-01 7.776727657249478121e-01 3.908480810115725346e-01 -1.532718899979048643e-01 -1.778130233822205475e-01 -7.015182738491690939e-01 6.701147678048805512e-01 3.538253895566720320e-01 4.165645699509336608e-01 -1.098506625795749592e-01 7.365268523024980363e-01 -4.244327058943273556e-01 -2.477534696226499078e-01 3.277521261813308162e-01 7.574947615819016544e-01 1.376437507858950804e-01 -1.751761774313546349e-01 5.439176081119213579e-01 5.339055528139358131e-02 -1.314660574057028297e-01
9.999021131163431386e-01 1.190073245594236440e+00 2.973571358740449089e+00 1.486337515366437767e+00 1.071299729928743893e+00 1.273117399560441232e+00 1.183989944120545701e+00 2.362377113940427042e-01 3.260124730978219976e-01 7.618687538626293110e-01 8.651674582031730898e-01 -1.618277270797590095e-01 -1.737181341009323143e-01 -8.317341903334969366e-01 3.622832792898671161e-02 -2.439878047944714912e-01 -9.870435686797113251e-01 -2.026576464882633988e-01 6.251231878147684995e-01 -7.191238389458152191e-01 -1.152638498060331029e+00 4.033944272910013895e-01 1.566858231149012848e-01 4.560349813862848989e-01 -6.450195790856932954e-02 7.514109108994503350e-01 -1.469822870404546150e-02 8.718026156771707669e-02 9.932684502324819198e-02 -1.847145008172504377e-01 -2.148085290416249793e-01 -4.942115402501497390e-01 3.692676633968011157e-01 -3.269098171323133739e-01 4.700340458978704561e-01 1.385743397534624721e+00 -1.423938184795406015e+00 -1.678976076683469654e-01 8.689053052775035368e-01 1.237471997629600445e-01 1.097916305598039655e+00 -6.817670039914747182e-01 2.460033682143382139e-01 2.375724080143332417e-01 -1.075129599398729985e+00 7.308951681416447910e-01 1.096921315865678481e-01 2.525804761291534084e-01 -8.573196865778666131e-01 8.608020897251000836e-01
5.098264052446699335e-02 1.217655865138727700e+00 2.132851940356197851e+00 -4.843366473543369022e-01 1.117992418444069269e-01 1.316822126655466496e+00 -4.289554692404706771e-02 7.418725531166801002e-01 2.375401627717374176e+00 6.034876089885458095e-01 -1.086766628287334058e+00 -1.164986285918311770e+00 4.849856027659247282e-01 -2.467477883311814946e-01 -7.789989698775345861e-01 -1.877338144467541603e-01 -5.999951647394970167e-02 -1.941672825379431658e-02 -2.723803937897368854e-01 -1.138534399639039130e+00 2.703683281371848657e-01 -3.368057655566638053e-01 -1.081572121897988126e+00 4.836464454278712743e-01 -4.706396065160413089e-01 -5.038690358086472809e-01 -8.051946511238748938e-01 4.773531393067203532e-01 -3.764408415820376108e-01 3.837701676890740710e-01 -1.304353422225759118e+00 -7.818119091419653000e-01 -3.213533178084074238e-02 -4.883084162384990767e-01 9.856842860627825775e-01 -7.596284749692426841e-01 -1.839451324777155727e-01 -1.360957987166678373e+00 1.289796972169429401e-01 2.188732263401679812e-01 4.867938270905047271e-01 3.768831140840488425e-01 -5.659426417292880984e-01 -4.557369170465539465e-01 -9.027576902454218510e-01 -7.081063335813281290e-01 -8.263023571529928279e-01 3.739506528951543896e-01 -1.438191793095746407e+00 -1.119137871467881906e+00
1.895257104314934882e+00 1.410478430354465296e+00 1.315517822285718452e+00 7.956455952904484263e-01 6.689204710014571287e-01 1.090179333029069664e+00 1.433845494368764406e+00 6.435453047140529126e-01 -1.571834575138633117e-01 -6.850939416855148512e-01 -2.187399336688511040e-02 -2.036731749635028732e-01 4.340077377817925727e-03 2.685570918037590848e-01 -7.789422762652848942e-01 -7.993943784235568728e-01 -5.248168437191815805e-01 -5.328933140950428138e-01 5.068052140276677053e-02 8.075975010727216852e-02 5.471975217718779705e-01 3.256215922512850081e-01 -1.434537019780541378e+00 1.934379850479676921e-02 -1.326830535971059932e+00 1.217364139016546165e+00 1.574352436838357960e-01 -1.024169090918631175e+00 -1.459036078117867063e+00 -2.281076369326029418e-01 -3.228573521696564974e-01 -5.621919719374509627e-01 -3.911221350968893673e-01 3.018770597192098615e-01 -1.162834001101147541e+00 -1.442498783479093882e+00 -2.195127620538596780e+00 -1.107825364398452583e+00 -3.316614041647899525e-01 -7.272086370070656169e-01 -1.228135987404088691e+00 -3.408177124318442219e-01 -6.393369051654052004e-01 -1.381896942772363079e+00 6.828757686001939442e-01 -2.475447666554858595e-01 -3.678314313303743810e-01 -5.662110210879874872e-01 -7.154443489672468459e-01 -6.755298711012464041e-01
2.521978059929706806e+00 1.125156233458147081e+00 1.824268643443328619e+00 8.792160457290898457e-02 1.302543733887146393e+00 2.454965908850925693e+00 1.692038657718081485e+00 1.694996608529207416e+00 1.953054402569953218e+00 2.013264082511217801e+00 1.693025486185417261e+00 1.859168509949010062e+00 7.577410781845540511e-01 1.544800867228677266e+00 5.193202755825330197e-01 1.488758816268383578e+00 1.903714390563636116e-01 1.034882610064589148e+00 6.434069846434925521e-01 1.152665852305803540e+00 1.014528637270256883e+00 5.240897000637098069e-01 1.202282164102262740e+00 4.970677093765011878e-01 1.553531041030410398e+00 -2.558612086982446909e-01 1.642067700020182874e+00 6.121494799003232012e-01 5.510669831764615223e-01 3.475409034417605292e-01 9.031941011630091332e-01 1.047992706468029001e+00 1.751209394140812226e+00 7.981396735385654084e-01 1.634465861152175625e+00 2.512569472216333866e-01 1.468883680560117977e+00 1.160528059672998547e+00 1.251206944787456088e+00 -3.007614984343273679e-01 1.181011356886439101e+00 -3.212904334325034084e-01 1.018650931962002737e+00 9.276317359668284634e-01 1.999121292179781184e+00 -4.261205362158483889e-01 -8.903201047499512688e-01 7.668161283759511448e-01 1.163035169132031088e+00 1.806315763992721868e+00
2.283391267647204792e+00 3.275329923975240920e+00 2.661668953020635442e+00 2.458286929201177529e+00 2.187740190378124616e+00 2.439099032537937362e+00 4.021910633250233680e+00 3.817042064233413967e+00 2.874701841517530720e+00 3.086157546145241071e+00 -2.661306974712382423e-01 2.093230585487645623e+00 1.267954046020959069e+00 2.865945050293068785e+00 1.626667812562281989e+00 1.680010095450698682e+00 1.323268971790071635e+00 1.464806863502121637e+00 1.356671113008387719e+00 1.608285706544144489e+00 1.916233725572625279e-01 2.377822833506157529e+00 3.810471522828005608e-01 1.882405498670969068e+00 1.334000465045875217e+00 2.283043137620314411e+00 2.126396556698014084e+00 1.760814992343438634e+00 1.953674715414033258e+00 1.461641034823813134e+00 2.068335408748753768e+00 2.349211084920676207e+00 -2.985101266376574136e-01 1.558773440277620326e+00 2.142742723590221665e+00 1.151886486643346919e+00 1.853426267823489848e+00 1.306944471040405675e+00 9.338741659245262117e-01 1.301694813495912539e+00 8.335708133552576227e-01 1.788147757124833648e+00 1.722405122862481930e+00 7.858839564219934903e-01 2.880604269572121456e+00 2.091608807443816609e+00 1.750615250643867249e+00 1.073487995868479761e+00 4.940839011502038969e-01 1.684858163454555413e+00
1.327830799112936555e+00 1.744827037545601423e+00 2.130369792480797386e+00 2.762682822226229185e+00 2.913655017261096880e+00 2.660068741216107036e+00 2.490400625971661341e+00 2.470844445088589136e+00 3.079520275935617502e+00 2.439053972065203801e+00 1.018359863905116125e+00 2.257901736261481718e-01 9.526287160382291841e-01 1.894517834571546544e+00 1.501825501517265460e+00 1.261203681338598726e+00 2.688007537233078725e+00 1.774259115625522076e+00 2.626332048303216204e+00 7.872530277599975035e-01 1.472509353510150776e+00 1.401802922953814701e+00 1.341280367234420678e+00 1.676016679301961076e+00 1.474740750318007221e+00 1.654473006476579799e+00 2.746978167190401887e+00 2.136302187457222335e+00 1.927935836145970638e+00 2.107025511153815422e+00 2.500428198551658987e+00 1.441699237549924462e+00 1.829465584418730417e+00 9.459779913884148739e-01 1.819614235454190876e+00 1.360619263009539281e+00 3.506304267410347286e+00 1.852942682751820280e+00 3.271535204123615426e+00 1.203111777731448728e-01 2.292971085424461375e+00 1.633678627559718821e+00 1.862944127495072655e+00 1.284499543342049854e+00 2.496119431079369733e+00 1.301058653928177655e+00 2.031938774775746026e+00 1.913472926916121253e+00 1.599268431810637603e+00 5.251785749455160079e-01
2.141836464233708437e-01 1.429459644013396202e+00 1.858948074593324673e+00 2.468553159479195180e+00 3.079509297705631976e+00 7.757679726421500277e-01 2.152899800770698313e+00 1.878519995902423911e+00 1.873071281214498729e+00 1.522828921453045492e+00 7.733322876376281796e-01 -2.478285129669270392e-01 8.031031130555821296e-02 -1.914859245507987695e-01 5.756662624365190828e-01 -2.266896053246139978e-02 -9.692592163551747575e-01 9.217972392277181681e-01 4.907943798517585554e-01 -1.695164642044935110e-01 2.273919570634775900e-01 -2.957172861503089556e-01 1.225968477791800071e+00 1.257200826505678215e+00 -6.195807293670819726e-01 -4.579410867212485581e-02 8.334500655130646640e-01 7.303398626104270486e-01 1.470483548172840660e-01 5.242376640601539295e-01 9.764835681539317525e-02 -2.812895062018740955e-01 -4.109745200063623649e-01 1.183613463077185957e+00 7.822891411507948423e-02 1.914865302877326814e+00 1.018499700960370458e+00 9.427163785225664006e-01 2.887833766172883676e-01 9.565702274500429425e-01 -9.837624739188203238e-01 -4.308885828880139601e-01 -1.432381616777352040e-01 -1.007089444685937557e-01 -6.169850240164970190e-01 1.293993717205712546e+00 7.795775319370942258e-01 -9.644423810859868995e-01 1.362055811156836382e+00 9.079418588076987318e-01
1.061137908300277211e+00 -6.543477213564186101e-03 1.711437039961748452e+00 1.497871691310509457e+00 2.938327198498299486e-01 1.815828154173646958e+00 1.809354787949687404e-01 1.603794023602333141e+00 8.242266986981768850e-01 1.521678786535417771e+00 -5.256804744133503071e-01 -9.168468168843799670e-01 -6.127480742230726474e-01 -3.818714972545604880e-01 -1.106389692349197817e+00 -1.442440319285195893e-01 -7.076320505981956721e-01 4.304204078953592916e-01 -1.608293191011257894e+00 -5.212936704350397132e-01 -1.301190042892085730e+00 -1.091223008741633027e+00 -3.890633956233434665e-01 -1.602841183559589933e+00 -3.312287328870378716e-02 -6.652667538457236740e-02 -1.602572752344111118e+00 -8.973545055946039462e-01 4.543279759926709960e-01 -8.082226504598062633e-02 -7.304535038425168381e-01 -8.296539825314043215e-01 -2.743069331001685152e-01 -8.873366342577869714e-01 -1.484198229643871381e+00 4.648859641872534268e-03 -2.697675251360736048e+00 -1.287036699310920795e+00 -6.943604321832089754e-01 -2.648490833991595572e+00 1.139422583695290543e-02 -1.401294333062448327e+00 -6.674422999360539732e-01 -1.981964582694150767e+00 -1.498817722247489881e+00 9.137646490020064904e-01 -1.500630509748877239e+00 -1.571081226843741740e+00 4.345280841933520377e-01 -1.879883450856574489e+00
1.255539644244815900e+00 1.757442317163055989e+00 2.854802297747299544e+00 1.719714974695951692e+00 1.375049287833710387e+00 2.824547365131190535e+00 1.437012026378690743e+00 2.727842333886518311e+00 3.505600819533107870e+00 2.194279082394487101e+00 8.644629551259511713e-01 1.510082556275315291e+00 -4.652965663660672546e-01 1.984311250699172691e+00 2.993697044403498819e-01 -1.744333604728278975e-01 1.713882446502963175e+00 2.560281578139287362e+00 3.383156317457390316e-01 6.527571893440877737e-01 2.910968866185655868e-01 -3.212924983427515452e-03 9.937765084140288974e-02 1.082741218125294225e+00 4.432519273534716309e-01 1.076576928832494451e+00 6.338030318399806573e-01 1.320650983805618406e+00 1.729900227218745257e-01 -5.305059773785424371e-01 5.694815065598104464e-01 1.462630989271972437e-01 -5.798203391102637605e-01 2.252551373249515043e-01 4.482151043799879053e-01 -5.206591500392322436e-01 -3.185836273992053158e-01 -4.895950726562470212e-01 5.947880569597439049e-01 1.855173872612457253e-01 1.317957952006268307e+00 6.768081166375993218e-01 3.108586868261984937e-01 1.956346398766196648e+00 1.900521361433615553e-01 1.687749627883175396e+00 6.803150209938729764e-01 2.595798168799993144e-01 5.392468467798841592e-02 -3.641206711686670872e-01
1.636616636630846777e+00 2.460618191229960949e+00 1.299158863879396053e+00 6.297703827772399565e-01 2.001531680801265534e+00 1.532527413299678898e+00 5.920971074699050707e-01 9.070488893827362009e-01 1.892541812434245907e+00 1.139843867077249051e+00 5.628014528690660212e-01 6.101015385184013207e-01 1.545730631579391064e-02 -9.895075860311582927e-01 3.754497178658109391e-01 -6.211401316133750017e-01 -4.891276420606935904e-01 -1.737421034443235035e-01 -7.742505420821049755e-02 -7.241248545034797424e-01 -6.349858307408935421e-01 -3.647778767987328030e-01 6.634631281395426683e-01 -9.632870411594831594e-01 -9.145558231172915553e-01 2.998035808488457854e-01 -9.069453906965881940e-01 1.246825543330742914e+00 9.018930453430022975e-01 7.212183500495219501e-01 -7.912730281806331645e-01 -1.917882582196729080e-01 1.100326148234128804e-01 6.755773433397840311e-01 -1.793198855923402169e-01 1.383388294437947197e+00 8.965218915734762817e-02 3.640285560107925367e-01 5.519237444042067731e-01 1.305610950681646454e+00 -6.413286770609872844e-01 -3.451873778317169350e-01 1.260390723873080869e-02 -7.331721235709715012e-01 3.053209936395664403e-01 -2.545540761809418906e-01 2.566440640891053948e-01 1.713641644370660078e-01 1.925121889531636876e+00 1.701311011172521814e+00
4.967000650468188505e-01 1.000697222234704808e+00 -2.147184864794415837e-02 -1.095801640256801601e-01 1.605885900592519011e+00 2.578544813320866602e+00 5.760831948141519332e-01 1.710046033685636679e+00 2.127928488988035216e+00 2.342728434187574482e+00 -1.634225583177028596e-01 -1.678906907775823687e-01 -2.330945765027406802e-01 3.734956056447918255e-02 -3.447058157337006268e-01 9.731060678368345096e-01 -5.432398997347525071e-01 5.587565088420425319e-01 8.278902895976852916e-01 -1.859083711065965261e-01 -3.628693183101200370e-01 -1.127852597255630362e+00 6.853151236395191859e-01 3.712568858358494817e-01 -7.637533891681160814e-01 -2.126188003714877262e+00 2.246041617680358260e-01 1.111034137164076535e-01 6.107403766677023116e-01 9.365168871682733043e-01 4.547301808008294977e-01 -9.294830388116903652e-02 1.427820234510104758e+00 -3.423672643655605863e-01 -7.811198766277476224e-01 -9.662422829195407292e-01 1.137595858767191936e+00 -3.317966858476126268e-01 7.692160346404525173e-01 -4.710696398079115138e-02 -1.195017598530407898e+00 3.106683565704079775e-01 4.867079080585793444e-02 3.128943718781470457e-02 -5.799780605557097735e-01 1.032324276280401465e+00 -1.082339646665834154e+00 -1.216787059533739473e-01 -5.721632222940931101e-01 5.757849126243415050e-01
1.726045213202216377e-01 2.073375293904001548e+00 1.291862216993968193e+00 2.305034074913194342e+00 9.604739229912810927e-01 2.249393161931016571e+00 7.764637630910412591e-01 1.450817844117642252e+00 1.161898055476962011e+00 1.191035147306272801e+00 -4.055992677800798751e-01 3.119406905896778270e-01 7.682450575477475230e-01 -9.196073174666117428e-03 1.651819756617074697e+00 -6.356823359137656615e-01 1.544555633495902081e-01 2.266061869850411470e-01 1.256250615817511518e+00 2.792565794578200644e-01 1.277192696216000178e-01 1.309790334923027211e-01 1.802509433892552027e+00 7.069984228803233295e-01 1.076905011022557757e+00 9.511492029825412420e-01 7.483872866274434710e-01 -2.505782899922482376e-01 4.357336618239083248e-01 5.940264640593158063e-01 1.983679212090690980e+00 -8.645982376546735848e-01 7.958789744639256369e-01 7.925975132754506935e-01 -9.328589708957361060e-01 2.039948051225944081e-01 1.917596078580214025e-01 7.418487625513850992e-01 5.681356141847985208e-01 9.509477344074608318e-01 -9.010983085290761307e-01 -4.217862871347020093e-01 6.553800383153707276e-01 3.712872401832947311e-01 -2.048935994804350902e-01 1.279209915785852969e+00 5.876174941348150105e-01 7.949776327880452298e-01 -7.878145524447908304e-03 -6.089239916532881436e-01
6.689154438761061305e-01 1.360954747088140016e+00 -5.129888062472880428e-01 4.178152349614011607e-01 1.070909429045243666e+00 2.987045744259712032e-01 -5.227499214991502274e-01 -3.174195562918042945e-01 1.030325748223435811e+00 2.172659876481498609e-01 -1.060959863511862000e+00 -5.730814698237490790e-01 -1.007293917819188422e+00 -1.874434980901056758e+00 -1.306543939642804464e+00 -2.602266588005275327e-01 -1.013853493856543553e+00 -1.250083081159397924e+00 -1.813066519999773307e+00 -1.456972602764927238e+00 -1.961345719783243791e+00 -1.059395690445092519e+00 -1.840372400392744190e+00 -1.480875370521247847e+00 -1.344149865863086379e+00 -1.166916599137583832e+00 -1.018323379063385964e-01 -2.771237119458878961e+00 -5.795700292426980704e-01 -1.648326155859028974e+00 -1.000889497645879089e+00 -7.066321400333217539e-01 5.344396614491148806e-02 5.679745788073642387e-01 -2.082914766761318148e+00 -1.456901092418525723e+00 -1.347802218169975363e+00 -6.718950639318489459e-01 -1.480545816398584957e+00 2.258111420311406936e-01 -1.405703972867500262e+00 -7.660583086664413122e-01 -9.003550807412727952e-01 -2.187923462480015346e-01 -4.411551364597358083e-01 -1.563482096156948442e+00 -1.234741810560151774e-02 -1.405640338814022838e+00 2.530341927023427306e-01 -6.824107227256592800e-01
-3.857029846390254146e-01 4.471117691049083520e-01 6.143099579793918075e-01 6.978948117731764711e-02 -7.145194398420144921e-01 3.390922035394169365e-01 -5.262206135012006403e-01 5.094821293626927705e-03 1.581559368147603006e+00 -5.327932973276450213e-01 -1.075907186630098211e+00 -2.487500844360656105e-01 -3.240763232100077329e-02 -1.273153535974566930e+00 -1.051042212873420700e+00 -1.535897613146118834e+00 -7.524286902766806895e-01 -7.890265424611161427e-01 -1.041868184622799509e+00 -1.150869059200829270e+00 -6.062933997490467242e-01 -5.084607523126842832e-01 -1.142571701342340873e+00 -4.781863425022144232e-01 -2.642879900720981889e-01 -1.438761066811690803e+00 -1.463943290343678871e+00 -1.666100573396850582e+00 -1.526180812202224457e+00 -1.366131935350946902e+00 -1.716180038501052385e+00 -1.424615481440868692e+00 -5.103165305792255468e-01 -2.097262158928956843e+00 -1.124572546189749778e+00 -1.457676398091090508e+00 -1.386253076137331508e+00 2.387006927443805285e-02 -1.896156439781020220e+00 1.712317647573522728e-01 -4.910602365201390818e-01 -1.830145304400571771e+00 2.844785835761457493e-01 -5.082112831966686395e-01 -1.550895172279928846e-01 -1.201552477939911823e+00 -1.615420031907346843e+00 -7.866530404886977745e-01 -9.266392093032549404e-01 -1.254063927511160470e+00
-1.561242434801320744e+00 -7.830811175061069829e-01 -2.020694291645441787e-02 -1.324982384587233497e+00 -2.049821664381022313e+00 2.656739428020891136e-01 8.774236164106763436e-02 -4.270463006705220721e-01 -6.950823680038098473e-02 6.360324606761373900e-01 -8.637378866244548314e-01 -1.735710376540053890e+00 -1.300550943414022109e+00 -1.486010393410871933e+00 -1.083884962998987733e+00 -7.641565654294903975e-01 -4.979991343034929629e-01 -1.419439726641483102e+00 -1.123302371366804442e+00 -2.174221634806911663e+00 -3.035836917542927615e+00 -1.067546825829913670e+00 -5.355319112877919840e-01 -1.915123436839876403e+00 -1.154604346349389576e+00 -1.791114747418746544e+00 -3.932110058120667495e-01 -1.820004530585067837e+00 -1.805600681010315789e+00 -5.679714403198173889e-01 -3.113551694454699814e-01 -2.680441864285437958e+00 -1.518000470963517534e+00 -7.420710337441027704e-01 -1.750899629942701985e+00 -1.335271462571618661e+00 -2.009252191139867083e+00 -9.800535784741454259e-01 -1.912062504773534233e+00 -1.508828342827590596e+00 -4.966133740884534076e-01 -1.668799173209462250e+00 -2.110791497385037907e+00 -1.861176518895357068e+00 -2.345707345957226408e+00 -1.080881929644906814e+00 -1.967036109723503179e+00 -3.726967018119956010e-01 -1.711029971265553007e+00 -1.098916277159643906e+00
1.373230223327321031e+00 9.466540085870134291e-02 6.844678400237418359e-01 5.921166719692332325e-01 5.278729964865540580e-01 1.038205836555868844e-01 9.815422182010311580e-01 -1.114147957015369617e+00 6.016778996341292096e-01 1.635415760075665803e-01 -3.479739351330699559e-01 -4.018276626604244672e-01 -3.295995565656750781e-02 -4.197263019021392760e-01 -1.001671467152630557e-01 -1.416756149184890679e-01 -3.454057409175483873e-01 -1.651654425347668154e+00 -1.200905033183231829e+00 -2.476118721343198437e-01 -6.216985475678596940e-01 -7.174091744288421668e-02 1.985350301656742256e-01 -4.487661310145127924e-01 -2.279298406568256219e+00 -9.035847211027655534e-01 -1.085702653922117511e+00 -5.715879988777415877e-01 -3.785404996616229534e-01 -6.847045789384025305e-01 -1.409382137638948373e+00 7.798129374878486342e-01 -5.411211788590836180e-01 -9.322050204585077271e-01 1.571733943979174153e-01 3.384897469695201111e-01 -1.169591213311233169e+00 -1.472154669522307335e+00 -1.143952032629456550e+00 -3.513203820304884317e-01 -3.184234651293182949e-01 -1.142674707474300444e+00 5.507476094784871101e-01 5.672562505226798335e-02 -8.206117922353890759e-02 -1.552955464779244954e+00 -4.162688257996887686e-01 -7.370393823220444673e-02 -8.898106743284549536e-01 -1.036865573336777091e+00
9.988010720428048828e-01 3.203910234153859449e-01 1.035336546850359252e+00 1.515385394492545945e+00 1.530408326014502940e+00 1.084332730898730723e+00 8.185145560577760104e-01 2.825032836725305252e-02 4.211684825796200293e-01 6.193302063580008454e-02 -1.164867044076213887e+00 -3.458515754135376152e-01 -3.276813363600848683e-02 -5.165592640790255263e-01 -7.678611110400236361e-01 -1.161982561011384307e+00 -2.885085759444294129e-01 -1.047916293142731492e+00 -5.815128726175509133e-01 -4.663431789896149149e-01 7.345039903019781047e-01 -1.085315411675250807e+00 -6.527224305589121034e-01 -1.310192799483420156e+00 -6.514169815430854715e-01 -2.484438829693542267e-02 8.280884134303100053e-02 -1.456952008812871568e+00 -9.044504740473472415e-01 7.123069066449501385e-03 4.519683243768805592e-01 -1.595497624419630167e+00 -1.508153215156261551e+00 -1.125819675359522654e+00 -1.473849909975662120e+00 6.858914226761817501e-01 2.896433176135383425e-01 -1.410436361977785324e+00 -5.095785770495491196e-01 -8.755557063439100007e-01 -5.563929125197264458e-02 -1.165919164913162387e+00 -1.938710785391241642e-01 -9.037039785515807999e-01 6.009511203475351726e-01 -3.261253142638435576e-01 5.629113004357579053e-02 -1.099831727541284554e+00 5.639066440874204722e-02 -6.292531182558955827e-01
1.120945266647694671e+00 1.419532851958734909e+00 1.245595292753731931e+00 2.063227568837715964e+00 2.161029029210337793e+00 1.022680762565093993e+00 7.775967557461542778e-01 1.838251690207106659e+00 1.149900688751446243e+00 2.461483709095248607e+00 3.764421765479119553e-01 2.982577059826456711e-01 1.194639133817577470e+00 -1.790825705307558594e-02 4.422781527189123540e-01 4.504621717043348350e-01 6.573901028707139771e-01 4.745177547710228289e-02 7.461863694849019124e-01 5.134298418594175351e-01 1.459165223883057916e+00 1.881121665127392761e+00 1.969849996926719138e+00 1.165412774218651804e-01 1.041889991438404772e+00 -1.565615939971865267e-01 3.131652203093998055e-01 1.177259410618542113e+00 4.551449914894685755e-01 3.188755066719828335e-01 -2.154808556731428182e-01 3.439202341324907874e-01 9.090052223815845434e-01 -8.099014645708996207e-01 3.383437302282379378e-01 2.757177131394872305e-01 -2.516409510697187324e-01 1.344322085448881987e+00 5.126838371009621032e-01 2.892076584952373075e+00 9.929322566462073230e-01 2.717961587400994916e-01 -6.816004393613810386e-01 3.240866461972602974e-01 1.636619545454076063e-01 -6.068370051540503685e-01 7.674725644150963699e-01 1.293966022130958737e-02 6.502092008953145319e-01 1.122720726564079730e+00
8.547055065746911318e-01 1.053177127446272232e+00 4.695964251807961398e-01 9.265140719759491494e-01 1.369901585385541409e+00 1.806893132693065063e+00 8.615645805242266864e-01 4.626646155164401142e-01 7.716222351176413863e-01 -3.515448427106067086e-01 -1.327176333181839529e-01 -1.653763750035444971e-02 8.539955388654757451e-01 1.303633442809473131e+00 -3.671180806880814940e-01 7.551962233962132842e-01 -1.791855341810554281e+00 4.409177136111175344e-01 3.985059750675172263e-01 3.547096288045909485e-01 4.114480440380850479e-01 1.201097010945588323e-01 -9.333067249232143148e-01 3.537230128116174155e-02 5.409960650352770850e-01 4.357702795502214899e-02 3.355236949501619326e-01 1.553904442233332017e-01 -7.694954987446733785e-01 -3.065001290253039357e-01 5.367696821279809294e-01 6.042388837869235862e-01 -4.920326319518109615e-01 8.880588644729077163e-01 1.722359030468621599e+00 -2.424922802622822282e-01 7.115060045561525381e-01 -8.488803664269256588e-01 2.024554965495350689e-01 1.366501418862006823e+00 -4.541056632465563514e-02 -1.282130472581819447e-01 -9.057785468833193798e-01 -5.102796274400765719e-02 6.864036521213469078e-01 3.510462025738222414e-01 1.043277345662580180e-01 1.149992775648646770e+00 1.358563811960388501e-01 4.758164087292896527e-01
1.345953149223997114e+00 1.403600781045981849e+00 3.204457345163842508e-01 2.438313735651037817e+00 2.170418324907855911e+00 1.334390603060212843e+00 1.419359813479253773e+00 1.576586422675999133e+00 1.477379143893362556e+00 1.369738724084080594e+00 -6.624095452883487223e-01 1.622333983948502478e+00 -2.505740764054891281e-02 -3.981195075047959664e-01 7.174600817127534391e-01 1.024184930136430971e+00 -2.743252090118410841e-02 4.952812513838065756e-01 -2.338567145590110530e-01 3.777990886591721109e-01 1.268065109653603750e+00 1.993164186799180504e+00 2.581416935487280684e-01 1.357002901436282771e-01 -5.480413704862874269e-01 7.709983752298833481e-01 1.029321673148948735e+00 -1.672957303564893417e-01 -3.755861372704689671e-01 4.073803233159942194e-01 -3.492225639201868570e-01 -1.547464186828419741e-01 1.055970878570180148e-02 1.566027569050818524e-01 -5.713957843136083792e-01 3.231529796380832043e-01 4.593778058427051558e-01 1.057591906709928864e+00 -6.258847438171676325e-01 -3.519528339232846359e-01 5.655761777269747714e-01 1.598065319941135987e-01 7.339686626400290237e-01 3.638486520567985050e-01 1.802182202769322172e+00 2.886851844362993136e-01 5.056165810859059029e-01 7.849623783155008638e-01 -4.847662097638888445e-01 3.434278928691534838e-01
1.029709661136722687e+00 2.268671147479524919e+00 6.280648271589518439e-01 2.360104893188399444e+00 3.112668550293523850e+00 2.285882958951999555e+00 2.427563530164479566e+00 3.140704240762036026e+00 3.558479514865771076e-01 1.370280439026424268e+00 6.939970351327316989e-01 1.474791318859464129e+00 1.158368776783485599e+00 1.236634433572717739e+00 2.170787075680447487e+00 8.261268561457489890e-01 -9.616547173543767979e-01 4.903033109206350604e-01 7.381726343520648159e-01 8.961344781291955552e-01 2.150152420623905325e+00 5.711724573537839689e-01 8.794600056577838165e-01 2.474631728202690617e+00 1.370304604146442395e+00 1.297197365676703018e-01 1.949710438008526392e+00 1.166932328663261353e+00 1.896426797264511022e+00 2.560249914962084428e-01 1.027098640450840872e+00 7.403289892420439333e-01 1.182784810461728675e+00 9.611866577993000149e-01 5.249545537435100773e-01 1.365003966305831318e+00 6.874052434436700443e-01 1.608217814296442505e+00 1.046777691432488444e+00 1.590387494020154835e-01 1.468043973424576043e+00 5.645702980914191205e-01 7.384101064383159496e-01 -4.322350004928677270e-01 1.746011478611603662e+00 1.507910623063786204e+00 4.330134429693332510e-01 1.223976421063187825e+00 4.641247917839297910e-01 -2.758776420581728339e-01
9.728307503136892631e-01 8.584021185472096027e-01 -3.810210153539272948e-01 1.228687471763443284e+00 4.692700528738982246e-01 2.430613786998681469e+00 7.064424902326220668e-01 6.041030711276962339e-01 2.098419286782828408e+00 1.069018796460352583e-02 -4.773294054223779503e-01 -6.964689692146779354e-01 6.370424177040002744e-01 -1.939369104442986436e-01 -3.076550549966577397e-01 1.705448363276861334e-01 6.298033936791469500e-01 -6.074462308562327273e-01 -1.331383890654757318e-01 -8.224128455949379912e-01 1.350470840232511405e+00 -8.364672214054388322e-01 -1.923970504469329768e-01 -1.289901877862719592e+00 -7.332878638918408631e-01 8.978154049598734421e-01 2.289129432013002896e-01 -8.969486461693464419e-01 -1.335017559629765316e+00 -6.036434758704168901e-01 -5.933419352467576013e-01 -6.434740938758404249e-01 -1.715402543985066475e-01 2.666960301336482667e-02 -7.134715837297109231e-02 -6.233344986770642526e-01 -1.701049978638736679e-02 -3.161075090813416644e-01 -1.737830322039057851e-01 7.031108943516762855e-01 -3.463115211020513784e-01 -2.136416282826253121e-01 -7.719258091660867460e-02 -9.898031894277949938e-01 -7.548128242711064084e-01 -9.963114284865055570e-01 -2.930086491366446499e-01 -7.900463693993686753e-01 -1.052142052361627389e+00 3.137231715348882677e-01
1.393723888515685516e+00 2.168393917797257764e+00 2.142497605393804072e+00 2.581700263628925462e+00 1.368013269260768716e+00 1.825855837154208849e+00 2.688734778334132880e+00 2.065886708696922369e+00 2.757481562287155352e+00 1.533208389599624688e+00 1.104182518995207252e+00 2.034471556375625934e+00 2.469536201749057192e+00 4.822824586279351178e-01 2.776420832654231230e+00 2.502961614991582540e+00 1.087429578172752320e+00 2.379745571064349752e-01 2.100863850225467733e+00 2.166759413710022120e+00 1.438423705088980098e+00 8.512999272997565647e-01 1.153052092742342660e+00 1.103000141607642259e+00 6.650805250610294372e-01 1.360871539753714998e+00 1.694020998999630878e+00 9.667101121317193124e-01 1.872921363548591289e+00 2.442453415158796659e+00 2.331821656987118629e+00 1.722086711573234341e+00 1.661713127644065313e+00 1.559283818655147202e+00 2.054169491385216872e+00 1.402420153972731010e+00 1.501661126973120153e+00 1.928852548462585581e+00 1.794441522919122622e+00 1.365053603323278075e+00 1.300392634878311027e+00 1.563187417893745046e+00 8.385608732067701965e-01 7.718357517227063536e-01 1.309523017415623158e+00 1.156109748505803170e+00 2.094888173504715123e+00 6.233790634363491900e-01 1.832950853629249588e+00 1.587124189451478928e+00
1.262592883201254068e+00 1.331467141440645596e+00 2.106660658262931030e+00 1.863055830659577916e+00 2.935875998750533622e+00 1.827343275378001675e+00 1.973511565794238809e+00 1.455231532093130387e+00 1.685202720899932061e+00 1.642758440582852586e+00 1.617141706349986441e+00 5.509466598308250251e-01 8.579917216249495215e-01 4.753778807056869421e-02 3.149708328633197829e-01 6.119082116239347169e-01 1.085205797213327106e+00 -4.453718473867701033e-01 9.727433489366833497e-01 1.540819192874776089e+00 1.432995854664590230e+00 7.351381651243830140e-01 3.088972570931402539e-01 3.436136090631301543e-01 6.801656746893073313e-01 3.223617272865266781e-01 1.220169572463962515e+00 3.748061975410230118e-01 1.973942553617470619e+00 1.522231103698026056e+00 1.006495400222806813e+00 5.963265995330088165e-01 1.206500352337498194e+00 2.012433134707454219e+00 1.515790720825719973e+00 1.817689722587869872e+00 1.270739829383121577e+00 -1.706554634152642469e-01 1.195430463005775268e+00 1.308747367348564783e+00 4.108130984529193008e-01 7.956880643953859744e-01 4.811943633868665665e-02 9.179988032659137653e-01 1.386180306184315425e+00 -4.055490102907647332e-01 4.074896740533035522e-01 1.250092283901943047e+00 5.806979184958760420e-01 1.275728090558511552e+00
3.491833199050470515e+00 2.248168177186019356e+00 2.194129817751800271e+00 2.826370540239747875e+00 3.133703088491488487e+00 2.325830709406377927e+00 2.867593602473811565e+00 2.289922120805429007e+00 3.333373429898334184e+00 3.378728457819595299e+00 3.242128887803065851e+00 2.443670264036517104e-01 1.669358705313604307e+00 7.468215709966319338e-01 7.538646173959715480e-01 2.095421788095682913e+00 1.369769942731755563e+00 5.737512601305525539e-01 2.120516432006244401e+00 2.273243832034221423e+00 7.931300086084583922e-01 2.181967876659022032e+00 1.299110103639773639e+00 1.287648994339143149e+00 5.264339919849726490e-01 1.587509493171576080e+00 1.472880591797037120e+00 1.217026478018852886e+00 2.009251842081201944e-01 2.245993048598706299e+00 1.090694160446871619e+00 8.770160066302213897e-01 7.522042659555398803e-02 2.630631735776767788e-01 1.288664968688052026e+00 2.661400201550769395e+00 2.066654781758151316e+00 1.315981831182947426e+00 5.253112359653170360e-01 2.649352137265867935e+00 2.855624462948685993e-01 2.282525223986611618e+00 1.008986211543090317e+00 1.001208564016902169e+00 1.653223057452438471e+00 8.563232782151909417e-01 2.065859694792507639e+00 1.375443349728235232e+00 2.596218299852208200e-01 1.147073645362964855e+00
4.555988432462196869e-01 1.236446992109367926e+00 2.810828521515598588e+00 1.756071380602534981e+00 6.136792234865129370e-01 5.701164109052464513e-01 1.754258876536614276e+00 1.571078232811475850e+00 2.105850238264260987e+00 2.069869998205804418e+00 6.742925279887008738e-01 -5.330881488444321609e-02 7.180151971439925618e-02 9.060943358885800158e-01 5.883512936149157824e-01 3.463233572822500550e-01 6.542657543229393191e-01 -1.576628422176746536e-01 -2.167166794645317834e-02 -5.003328642407394167e-01 2.141541531520362973e+00 -1.836777239135167078e-02 -4.227151439801255517e-01 3.267687096448982365e-01 -2.767013338317617643e-01 9.228234133820095719e-01 4.897978300888408132e-01 7.381306689382987063e-01 1.109441258505644345e+00 1.492847955123447257e+00 1.036984216511327217e+00 6.142627281646728665e-01 -2.193741400912400108e-01 1.034655621217035915e+00 3.319553044095278072e-01 -2.414475013724764751e-01 2.622134557382726494e-01 -1.583859063444996162e-01 3.253337230200613051e-01 2.250667863357910026e+00 4.240982771556021935e-02 5.200335389375575490e-01 -1.207742403502665290e-01 1.447135897347887168e+00 1.501748362215460153e+00 2.510354556787556257e-01 1.280133997189620620e+00 -1.779715475489180299e-01 3.210732091417907719e-01 -4.279780725869735125e-01
-5.984583949896427058e-03 4.055472762815661714e-01 -5.213864925200848432e-01 -1.947057154404243651e-01 2.545507913407336620e-01 5.897889857003513203e-01 -9.247459098511778830e-01 2.607989717004913777e-01 3.001509507930224530e-01 8.205577077246117845e-01 -1.718163531446875447e-01 -4.934670691082171934e-01 -8.846035132342124907e-01 4.006624548665272956e-01 -1.102330949842957430e+00 -7.601558512008996793e-01 -8.022167233385288365e-02 -1.877817881038915948e-01 -2.703332812528587703e-01 1.253998772635689651e-01 -8.972900901106132254e-01 -4.015736939247916970e-01 -1.184709785039452790e+00 -1.983951775292870590e+00 4.142801744849107237e-01 -9.122018651653910348e-01 1.430100361858707148e-01 -1.222942304222829124e+00 -7.833891420162418517e-02 1.552572249506455893e-01 9.446551347116872721e-01 -8.000100500242737223e-01 -1.591611459765408743e+00 8.132768940102615973e-01 -1.851567410715646289e-01 -4.629575184134499533e-01 -4.011583979991349969e-01 -4.816228429275018486e-01 -2.957331054593805297e-01 -6.807321464702825731e-01 -4.940716508538406937e-01 7.260787447491048874e-02 -1.768720774854954270e+00 -1.658249530115555759e+00 -9.942190875199565792e-01 7.661153466934159106e-02 -9.413464964159734549e-02 -3.430840908870653738e-01 -4.908168607240616099e-01 -1.090507025230088134e+00
1.637970253750677063e+00 1.176492213258806041e+00 2.084081465565142954e-01 1.502496528190254033e+00 1.252142466471728000e+00 2.256072645711219238e+00 6.375605296454641691e-01 5.129188423815087550e-01 9.489335207791895765e-01 8.879449826339028684e-01 1.572921248877160449e+00 1.194190627628354040e+00 1.158221391926542276e+00 1.512573270433073436e+00 4.571150654360651711e-01 -8.749189213262571485e-01 4.010200014311247618e-01 9.474342725519323549e-01 1.046886430837610904e+00 1.527871154852948887e+00 -5.934671497805785734e-01 -2.171262748117099364e-02 -1.876521174749965770e-01 1.407704565731427770e+00 1.317256700606798336e+00 1.242383029826703345e+00 1.280544179623407164e+00 9.505488737558644985e-01 2.838356976688329383e-03 5.409905168009211396e-01 -4.365218099053583822e-01 1.253878128632097466e+00 6.635329649569575716e-01 -8.038503540985771911e-01 1.254986972360727870e+00 -1.720434232001596397e-01 1.213584931316258109e+00 6.524203378646540319e-01 2.558967819677127054e-01 -1.426176989943810092e-01 5.238923808336081178e-01 -4.583831204984323837e-01 4.922533202550192222e-01 4.118325180484833092e-01 3.633689325434822925e-01 6.693086549529946028e-02 -8.049014998617037842e-02 -3.606827509939403709e-01 1.489101302544544314e+00 -8.087459622791298708e-01
-3.146073873758292727e-02 1.126572031640377336e+00 1.068873043682015744e+00 1.167492507483608888e+00 2.566479704243785687e+00 1.624385568877985353e+00 2.955338155064074490e-01 4.448671520208680175e-01 6.292685532000124038e-01 7.976813733751081381e-01 1.465043594365022628e+00 -3.725777456596498505e-01 2.969402758998528347e-01 -1.849996926414803344e-01 1.859273873033083779e-01 9.089351927161650746e-01 3.517870956295325868e-01 1.491894174218194369e+00 -2.656737457549807613e-01 5.302050649131712090e-01 9.674891089298656155e-01 -3.936351521238597440e-01 -1.356586103821695033e-01 4.003922004396148759e-01 4.798375307097956788e-01 -4.480546629393142993e-02 -2.317381918033428467e-01 6.313138430145268654e-01 3.564744063982466238e-01 1.015093696402808998e+00 4.016597755498337863e-01 -3.371098104602308632e-01 2.816645457427385257e-01 5.325465479001662006e-01 6.424237071642272534e-01 -1.750968503722927228e-01 1.088806815761688418e-01 2.084200002651352135e-01 3.621143903946134196e-02 -1.013998625314689539e+00 5.918340702471190928e-01 -3.865733688237396048e-01 -5.474860679613858805e-01 5.623181849891356610e-01 8.660359195175902913e-01 1.050403177822806011e+00 7.254783289957514869e-01 -8.399784230498381632e-01 -1.096604910665753163e+00 -3.988423536132828517e-01
2.924147449059523174e-01 4.097134423795465441e-01 3.390831706250386768e-01 -6.260771147843102735e-01 1.309942984676280453e+00 1.024952124878780957e+00 6.207999457131796461e-02 6.714634547403602882e-01 6.701944362051693860e-01 -3.310316059834053082e-01 -8.553857394240551582e-01 1.613063316274070125e-01 -2.156777098074905141e-01 5.838361247586265623e-02 8.656872227614084148e-01 3.800303553124011469e-01 1.167051605501714606e+00 2.309190315743258060e-01 -1.843648871408541723e+00 2.662817139558592561e-01 5.823642456875119389e-02 -9.996350280108810826e-02 -1.201000890855744574e+00 -2.123325850755491961e-01 -1.458436038210288777e+00 -8.432431599653851251e-01 -1.176090844832081261e+00 -4.765455820359505434e-01 -1.646888663830528565e-01 -5.840312843139086052e-01 1.111632451865793708e-01 1.064128079628865464e-01 1.884991803555208234e-01 -5.080453617337675754e-01 1.666718078951987814e-01 3.030453390052564866e-01 7.305077544210747398e-02 -8.242051790391327071e-01 -1.208794747386225277e+00 -7.668250913305865168e-01 -2.704120900666711624e-01 -6.376433303160840005e-01 -6.143902373310684562e-01 -9.329993343242863613e-02 2.444116432000214834e-01 -6.075866183741508442e-01 -1.220124805141780344e+00 -4.116418906331066885e-01 3.221058735871321632e-01 -6.045648872025883858e-01
2.638962283217541227e+00 6.458101413001516855e-01 1.352764762343646288e+00 1.535364792614827945e+00 3.221817754888465668e+00 1.242359007711617336e+00 2.224438125242311770e+00 1.777716278097155822e+00 1.765421442793757567e+00 2.674737422713439727e+00 4.768160356256517796e-01 1.087184684846004945e+00 9.478272239838514412e-02 7.689726559261127470e-01 2.283635607066452966e+00 1.133477593139828876e+00 9.329245634390190833e-01 5.128912365114316474e-01 9.529216021159938599e-01 -7.717044079446568894e-01 1.520262557717473040e-01 -9.603261322076581674e-01 3.932763807972475267e-01 6.567895724182014616e-01 5.933151181582041467e-01 -5.960500385715470362e-01 6.026670577992211397e-01 -6.506638527296093599e-01 2.029409809094211425e+00 -8.978211995323077954e-02 2.111733810307378167e+00 2.294182654175882241e-01 5.341600804711418293e-01 5.201534319294823794e-01 -2.798203700319907283e-01 7.950585696881279363e-01 1.157850433133293055e+00 -1.997798312949759236e-01 1.717431866690747766e+00 1.150251921119662457e+00 9.887774953631345287e-01 -3.442353245447106469e-02 7.925342717207176646e-01 3.132329679798156463e-01 1.715737645946470380e+00 1.758234515406112974e+00 6.802801700202332214e-02 4.252237213396096727e-01 1.525402812221869908e+00 1.157888188085298031e+00
-9.926372060072452541e-02 1.248984323563233190e+00 6.448870375721396098e-01 9.663987886477654055e-01 1.235213625206077470e+00 7.126559516330238653e-01 1.294698115157403739e+00 7.717692288307990145e-01 1.646269496636273422e-01 5.509805283738795634e-01 -1.622424162852394103e+00 -1.293233203110702334e+00 -1.244253389282388600e+00 1.795740313207703887e+00 8.631323376577787476e-01 6.100759527631316459e-01 4.224712494739457647e-02 -5.140219769972359520e-01 3.192592893134802989e-01 -9.144162845592502809e-01 -1.256318628410177052e+00 -1.381801791823364711e+00 -1.071962050327301963e+00 8.885682502575599495e-02 -1.320479091790496273e+00 -6.712451546250917112e-01 -5.936972824007719085e-01 4.262906039016675641e-02 3.812705644140240158e-01 -1.135348244239585136e-01 -3.390423963134997498e-01 -1.475688322852171774e+00 -9.592156676457780362e-01 7.002128829077773897e-01 -4.554277338518487594e-01 -6.622627083742728127e-01 -6.680837535252223125e-01 -9.149200038320851602e-01 8.952223944033335101e-01 -3.805007860053675750e-01 -9.802008583054380164e-01 -3.773242880894700502e-01 6.666160288438426063e-02 -4.860779367897637426e-01 5.067308966604273657e-01 -1.869593866941329008e+00 -1.500735962615537371e-02 -3.580186006503309204e-01 -5.818706552597239234e-01 8.713986140073309850e-01
1.491267774435132143e+00 1.132910183725044373e+00 1.773446654915477039e+00 1.569688285952897777e+00 1.840655935536523513e+00 1.414773071402579241e+00 2.633007814952178283e+00 5.466195943464045026e-01 9.999021080057303168e-01 1.141598259991353448e+00 4.816920585420107481e-01 1.932688104769641146e+00 -1.904295535823045116e-01 4.489557328299280115e-01 9.474786919195407053e-01 -6.271246771825575994e-01 8.516533447995452422e-01 9.751935081644121928e-01 2.275453039851898021e-02 1.293256250322961209e+00 9.690400609241521801e-01 7.755198619266787663e-01 1.913258425119494843e+00 -1.365012965333786576e+00 1.001421191498198665e-01 1.070142811844345898e+00 7.958762870255827737e-01 -2.690721643230697402e-01 5.793956467245193753e-01 6.736282019775911012e-01 -2.836100550963194800e-01 -3.230947177978629736e-02 1.199651868335608551e+00 6.427860388472987907e-01 -4.094810865958738999e-01 -2.634437013750888790e-01 -1.479898160246616801e+00 -7.005404575002907031e-01 6.537058400942655778e-01 1.945665547604200407e+00 -4.141843092442140661e-02 2.895214209574028530e-01 -3.280656259827729321e-02 -2.262329841825588272e-01 1.486739153196080743e+00 -1.147436867010952072e-01 2.657843265930549537e-01 1.274791385412882838e-01 -7.045527158473143814e-01 2.015552981224696949e-01
6.798611927997750826e-01 1.320015582820059485e+00 1.896850737333552583e+00 1.093601042246424626e+00 4.852544105450862233e-01 4.814659831755718766e-01 2.154970753926732208e+00 2.234347567655447619e+00 1.745351529147658010e+00 4.993513817444666936e-01 -4.191211149698224059e-01 -4.549752897039375243e-01 -1.230719632641627204e+00 5.595541127457733799e-01 -7.320124410908956936e-01 7.400504052426023494e-01 -4.387446286436152421e-01 6.108624597288978553e-01 8.604169296601290595e-01 -1.583381151577235135e+00 -1.444687863012054652e-01 1.451250745815584775e+00 -2.639595137385528090e-01 -2.075927666043491104e-01 3.874928086586761355e-01 9.081864869572354726e-01 1.231814822359568629e+00 3.492900624977245960e-01 2.204238039177384978e-01 -5.413119529553106490e-01 8.216320828603717041e-01 4.057904637290385974e-01 -5.371108147418813816e-01 2.434790252015528456e-01 3.459445340034104088e-01 -1.217651467055395731e+00 5.592429944721029056e-01 4.239153977116059679e-01 -9.792273923613952213e-01 -1.510846153495465360e-01 -7.399865602432713629e-01 5.805830203537755141e-01 1.328592747837463062e+00 1.217615206788426940e+00 1.100466000539806144e+00 1.846952387462116596e-01 1.343686595781365123e-01 3.881900023991079474e-01 -5.092848289629330338e-01 -4.379825960297987764e-01
1.009856834726565955e+00 1.342931940508311106e+00 1.571741586381612876e+00 1.022220516630654163e+00 -2.333291603669418457e-01 9.878844098596876178e-01 8.819776196862922912e-01 1.635806158035876479e+00 9.052948852487030518e-01 2.216259457074918338e+00 8.076488369807995893e-01 -8.218395198330445961e-01 3.547404395601812532e-01 3.074761649080953174e-01 -2.572928149730132740e-03 9.060056773510510864e-02 3.925829048253730025e-01 2.158064156889716589e-01 2.336993539551862620e-02 -1.422929553697173909e-02 -1.079249950069154584e+00 -7.827644397797858256e-01 -1.032727494861147344e+00 8.152051879318540362e-01 1.113593691263892849e+00 -9.857150119614795925e-01 1.970723955773682479e-01 -1.559569896296046088e-01 2.596010305204181634e-01 1.577002040633002533e+00 -2.761760524620546775e-01 4.885207190935383359e-01 -5.382422581705441633e-01 -7.435801547595849437e-01 -4.624655847722835555e-01 -4.016847374542359406e-02 -7.852439521743057593e-01 1.830780208784737462e-01 4.212494926608317813e-01 -5.130507256591092247e-02 -5.380310756027627539e-01 -4.482143124628073516e-01 2.354865635266892021e-01 -2.333893310096113449e-01 -2.339250167587420659e+00 1.638853206126415163e+00 2.112899536392453259e-01 -4.936015394099050324e-01 1.787812282920230311e-01 -1.109358744964093368e+00
2.499713432508054112e+00 2.205356632109588766e+00 2.425325345889755013e+00 1.912141103996428670e+00 2.395871103187137585e+00 2.133037185167570904e+00 1.618900019966340809e+00 2.031848699992829577e+00 1.183782035076761607e+00 1.536798751278581676e+00 1.862671130084355253e+00 8.609539425282329850e-01 1.120279590093244293e+00 1.423947837555483709e+00 3.574647941563077191e-01 1.530831839297627894e+00 -1.273362079783747769e-01 1.411563362484229867e+00 -9.515174835583718738e-02 1.679118373272925568e+00 -9.851133492509066281e-02 1.925742446822164666e+00 1.026746825711634559e+00 1.063077881455755769e+00 -1.894351004804380872e-02 -5.680969250573338902e-01 7.852722248685874984e-01 4.534801566515739291e-01 1.329395689037466688e-01 2.347715601173757660e-01 4.130584609921112427e-01 1.485377601817863491e+00 1.725325562029005777e+00 1.387201111203352655e+00 1.241772287792707319e+00 1.611860400219581546e+00 5.626199543839676132e-01 8.538667854261449142e-01 -1.086278037011810249e-01 6.901953594893994737e-01 6.548879876166422420e-01 3.858432903346207254e-01 4.608473018370159435e-01 2.232077490478397708e-01 1.998855428771925791e+00 6.067416807416536884e-01 9.621766355960362782e-01 1.559092765314377349e+00 1.644931733107949823e+00 -4.604963372748930445e-02
1.644988380886936774e+00 6.038573910408384648e-01 6.820047849191199774e-01 1.092820689719372851e+00 1.601418564868639871e+00 1.810332167340096721e+00 1.416201787221202046e+00 1.590509365069125991e+00 -6.678884147171180174e-01 1.424230300541090344e+00 -4.580400821678527468e-01 -6.985614576464307390e-01 2.338959695726334498e-01 7.026965944245574525e-01 8.280178722963865701e-01 4.786363391018049751e-01 -4.099695333473666881e-01 -5.999401659722930491e-01 -1.543397358535779418e+00 5.779139272633522229e-01 6.430403337208875358e-01 5.015891332167994321e-01 1.735392483375602923e-01 1.374593483170396979e+00 -1.474535405292616286e+00 -2.129217541827724824e-01 -1.496119931375398338e+00 1.806993030649032272e-01 -1.201456517222381448e+00 -4.109495811182544700e-01 -1.764951546570870944e-01 -6.808514530597400971e-02 -9.188571397499795124e-01 -1.119268664693040982e+00 7.236738344964809277e-01 -4.894502456437003213e-01 -7.801997674242650005e-01 2.258322934126750503e-01 -1.352177388808095015e+00 8.538140605528365956e-02 -5.959848577715839424e-01 -4.213292856785941232e-01 1.099320542255605854e-01 -1.290292488455164199e-01 -2.269992712107171962e-01 1.043887225025678767e+00 -2.853370634750262425e-01 -4.840932971421153530e-01 1.705764194960953939e-01 6.373423957595135414e-02
1.378263199665351380e+00 9.500329519280964474e-01 1.923340319914534691e+00 1.775492806552920744e+00 5.949818979742871328e-01 2.081097660816837447e+00 7.390158533259725271e-01 1.558128602139050134e+00 1.611020770464543173e+00 1.935819085093161362e+00 1.187015861223170043e+00 -6.322384070480451257e-01 9.967089636940624775e-01 1.166149743600989552e+00 -6.836209794214709312e-01 1.249599466694941985e-01 1.000010584954897030e+00 7.798503804507282977e-01 1.424416836547646170e+00 6.366003397288869659e-01 5.870642534498672349e-01 -1.556800200385865252e-01 3.952592942678560539e-01 7.264245026844974307e-01 -9.364936336829525754e-01 -8.728228746651960079e-03 7.033112602625515297e-01 -1.428915837383924803e+00 3.023641340936190636e-01 -3.306876165248693877e-01 9.141871688670106799e-01 4.391897318026872221e-01 -2.444329729846145827e-01 1.478845427380644784e-01 8.073921258897320818e-01 9.163001984405824696e-02 2.314193869972066775e+00 -1.542976631177449265e-01 1.225480751172211002e+00 4.488457920381480615e-03 4.772058116959957408e-01 5.288439958294320897e-01 8.006834216478687649e-01 -5.088330361460531304e-01 -3.610643103076380256e-02 3.108702403678988979e-01 1.897184748366843032e-01 8.636075217644942348e-02 5.520976398929039464e-01 -3.658384475447173378e-01
-3.548578235620563071e-01 2.763528372638611952e+00 2.137472585860365371e+00 2.668998432498971063e+00 8.187267770217341312e-01 2.456264938410011034e+00 8.273397412430990583e-01 1.339298863406973350e+00 1.838890534002270094e+00 1.867798932354881147e+00 -7.667354808510280784e-02 -6.960261245983881961e-01 -5.319741755692424245e-01 3.648910786229719871e-01 1.995929160325220497e-01 9.245787304095636205e-01 2.305342827784522708e+00 7.255592142571229974e-01 1.346810429354363958e-01 -2.746067589899836570e-01 7.703697908218251067e-01 -2.980655035126918428e-01 3.599389513991244627e-01 -1.063131203187371587e-02 1.162858932548159335e-01 -3.061034802998410798e-01 3.346387805535595561e-01 7.928406928979878643e-01 -6.519311748062398548e-01 1.148915449461268778e+00 7.901312585088166029e-01 4.972449194614126378e-01 -5.350674473785046459e-01 1.574411478736273962e-01 1.180826025951227765e+00 -5.204587561200948315e-02 3.574974072369163647e-01 6.457690792589705353e-01 4.959316888717479332e-01 -7.832568799523055292e-01 1.705363920618795825e+00 4.398867718269927618e-01 -4.819269330290317233e-01 1.885771107923029932e-01 7.038250711328699616e-01 -1.530406229358495684e+00 1.163794143663222869e+00 1.378896010956471851e-01 -3.616459168491448772e-01 1.820857181178654471e-01
6.517508727844905092e-01 -8.422327824173097000e-01 -2.973432452513040669e-01 1.109875593619740197e-01 8.712762732179377689e-01 1.044604694692776725e+00 2.031711632743531837e+00 1.259643537226926124e+00 7.017055941831911170e-01 -4.487466052068895817e-01 -6.245561326319774009e-01 -8.649101730192588766e-01 8.137339654647761655e-01 -1.707936074120333936e-01 -2.011498507660364421e+00 -2.808849896137841085e-01 3.504049543851547321e-01 -8.340316107954164337e-01 -1.169637426473612241e+00 -7.161189823190121650e-01 -1.173764489521069931e+00 -1.291106407662990119e+00 -1.219602565244435333e+00 -6.476041125850048319e-01 -6.640687840445084200e-01 7.861145189344309614e-01 -1.382631808214216385e+00 -1.339914933987087275e+00 -8.365366198611904336e-01 3.698816252372487123e-01 -1.671359025230313877e+00 -6.467857314200904373e-01 -6.995975992176663993e-01 5.359607973998219421e-01 -3.515465990856059819e-01 -2.094052772311373101e+00 -6.433845980566740286e-01 7.970747879910465850e-01 4.141906728690037398e-01 7.570597113748789297e-02 -1.134503442057156031e+00 -3.330189214964296984e-01 -9.401961043381313887e-01 -1.375273577372934763e+00 -3.657926370552532780e-01 3.728760051028937039e-01 -1.300877452829449776e+00 -7.427722627164332625e-01 -3.896271648216862588e-02 -6.773977867971923139e-01
5.708786856667980025e-01 1.269741411130353992e-01 3.302347153645630584e-01 1.052818824631538197e+00 3.368684399561349130e-01 4.520204481818888009e-01 1.262197174643828745e-01 9.244997634922128560e-01 -6.788046887689516140e-01 9.211724197673475389e-01 -1.260724030742101265e+00 1.000628070959213439e-02 1.024179475027500175e+00 6.171601611281712918e-01 -1.248755223775843248e+00 -4.219031633428678429e-02 -7.484077930652710542e-01 -1.199336698793225020e+00 -1.910498723513639197e-01 -1.325004772211638926e+00 -3.820126482023181724e-01 -5.188290857799144895e-01 -2.316284051183775006e+00 -1.657617202644118271e+00 -1.019017283926912931e+00 -1.537958061030523238e+00 -4.720112708434421878e-01 -1.001147523783241011e+00 -1.365903273244249982e+00 -1.278056718710708139e+00 -9.803182542095094654e-01 8.219502648967808023e-01 -5.532373764497887647e-01 -9.723586147932435086e-02 7.807411087166313823e-01 -7.868439317050974768e-01 -1.727005862703392958e-01 -6.319634432396576962e-01 -1.639711294741663661e-01 -7.139876150781556685e-01 -1.307281559980898011e+00 -1.657067952102205144e+00 -7.438300632488683561e-01 5.214449869328598997e-01 4.745961584150478751e-01 5.549493476920800417e-01 -2.545556882574775415e-01 -7.431702563789798210e-01 -8.657572861859741398e-01 3.868775281052329040e-01
2.662505675437230934e+00 2.607833796219583888e+00 2.847322810344067534e+00 3.004691746943922492e+00 2.177797496571316493e+00 2.090951553023522091e+00 2.265556695809163301e+00 2.126972592219356528e+00 2.306714563719128641e+00 2.122400388603547849e+00 2.602587220831248604e+00 1.644708541525903067e+00 6.049043048960609514e-01 1.813244312234272515e+00 1.491143283185819790e+00 2.500566402541280819e+00 1.224237270961783697e+00 3.241077953822642854e+00 2.182010538725926985e+00 1.852547880522185386e-01 8.838878764693068601e-02 3.508706407335951294e+00 9.229255904785488296e-01 2.039496371140749886e+00 6.864910053126729306e-01 1.266888909301933541e+00 3.305520700399586342e+00 2.338620544269321755e+00 5.124768185787388353e-01 3.194983850422562721e+00 9.360478710680302239e-01 1.790111331104084602e+00 1.648737239725122983e+00 1.444852626282177255e+00 2.000265164651845673e+00 2.234001976653570587e+00 2.467487618133724414e+00 2.006392789707347912e+00 2.817842197415954431e+00 2.224693132533916984e+00 2.637702207229807860e-01 2.207236124395694610e+00 1.677371692485239096e+00 2.023662426511634749e+00 2.413750074953438851e+00 1.814964082926562972e+00 1.753580155751111702e+00 7.265370618003501590e-01 1.248428590396967186e+00 7.856736133355561869e-01
1.605406837457386882e+00 1.817560928527601316e+00 7.585951173672950132e-01 1.187312567960040699e+00 2.556265795638001048e+00 2.756058246668866119e+00 1.892776681876473077e+00 -3.098365979189341424e-01 4.998382664500226058e-01 2.107257100754748258e+00 4.956673938566495963e-01 1.312989091751337600e+00 9.467884438776006384e-01 1.363521421317334559e+00 7.644039438991009350e-01 1.105985247769467605e+00 1.604876421105541517e+00 3.152980806203158765e-02 1.933303416997018687e+00 9.180929600159644099e-01 1.426944634996499817e+00 1.208646515435040536e+00 -7.155464473085929589e-01 -6.664005000986221450e-02 6.148026609265710984e-01 -6.627261242778353934e-02 1.133215717665404743e+00 -1.333997814437392140e-02 3.910206513451193189e-01 8.080772338464305982e-01 7.650048377232178121e-01 4.174498759152954763e-01 2.475904586869543955e-01 1.375754720543785892e+00 1.329775749188558009e+00 1.184305081123662395e+00 4.458055695931160134e-01 5.386503667478909074e-01 4.317789115026326452e-01 2.125035103755291921e+00 7.815204546903973259e-01 -6.701122806049958358e-01 1.596887159929764266e+00 -3.451087364804129032e-01 1.868216926874423534e+00 2.742371200032348022e-01 6.556976422633749024e-01 1.133000983448317678e+00 8.187224267132696687e-01 5.227834711100238785e-01
2.366565235256932631e+00 2.015756200893568995e+00 2.650594392861213677e+00 2.261557953549816702e+00 3.842892493679579857e+00 2.940394206115617859e+00 2.564525950643903318e+00 2.973209165656236941e+00 4.781635017671963084e+00 2.560651240034032661e+00 1.969115334300652220e+00 1.455244093833360841e+00 1.307314625785525042e+00 1.788865529280838640e+00 1.286636783291643882e+00 1.738491975298131820e+00 2.116615332520689563e+00 1.624657047399778564e+00 2.389095946633770229e+00 1.941122137408166637e+00 2.082824228207873052e+00 8.489107671460708326e-01 3.152322950431602600e+00 9.044745222648518101e-01 2.196742186231998684e+00 2.147815720440174214e+00 2.585294569466293879e+00 1.436629152748372329e+00 5.489528905454822416e-01 2.167085127939697209e+00 2.122155614089509701e+00 1.677582374210964122e+00 2.588827766756031767e+00 6.491037899345583062e-01 1.407292390066150256e+00 1.815377306061822127e+00 2.083243979514302513e+00 2.223083803793101776e+00 9.442197436939517852e-01 1.530158654792467265e+00 1.360506144731216116e+00 2.128417291942219070e+00 5.535459034707935766e-01 1.891257030692704344e+00 2.157028117276740709e+00 3.381202698815088503e+00 1.786921419131650257e+00 7.556140933271060511e-01 1.576160230067445323e+00 3.257756077554908591e-01
-7.396675498953309003e-01 -6.125529569242988970e-01 1.155358142329131477e+00 2.217871096652868079e-01 -9.314705962706164577e-01 4.289971977187850838e-01 1.044057513468242826e-01 3.660332818305123137e-01 -7.494572018313405692e-02 7.504165485501953503e-01 -2.093517768360962705e+00 -1.072863363984849272e+00 -9.387484264675799439e-01 -1.235227371595511325e+00 -2.532551361456505390e-01 -8.921487669277065047e-01 -1.168433155018530512e+00 -4.116640246138505987e-01 8.395835374542155449e-01 -1.972846244239453650e+00 -3.607855467337839905e-01 -1.355536107693981585e+00 -1.641031376702627720e-01 -7.892678334523878236e-02 -1.673809646182895294e+00 -4.522943755754462725e-01 6.595151553805882472e-01 -1.776431775746583730e+00 -8.698809773057177841e-01 -2.020547579007078820e+00 -2.980850199675856516e+00 1.499575815856038496e-02 -6.435426215255165561e-01 -1.970096133453699716e+00 -1.499554948470356752e+00 -1.849141607978337820e+00 -7.964894594776772418e-01 -1.283424127949927440e+00 -1.197879302169121640e+00 -1.154011473059009862e+00 -1.029365251799496894e+00 -1.893756862655683548e+00 -8.207588363830957412e-02 8.264818010295476441e-03 -2.094210082915662685e+00 -8.907598196861052919e-01 -3.303547425947496730e-01 -5.807779401062032054e-01 -1.932318909660245998e+00 -1.245124857530101936e+00
-1.464153316039815689e-01 -1.116896860203002273e+00 1.131058680138851136e+00 -7.630174401112790328e-01 4.661419253295515652e-01 -3.792646815868165877e-01 1.866068137268352967e+00 1.227874244341902399e+00 1.681291078312479037e+00 1.495211912674148325e+00 -1.351848194663300751e+00 9.454309913073408178e-02 8.455378832624979024e-01 -9.742010278865183004e-01 -1.308533270392898129e-01 -8.522959749071102875e-01 -7.780381819506826391e-01 -9.872891950313211762e-01 6.945140254929088597e-01 -2.221407910204699743e+00 -2.172716520938142437e-01 -9.714450039579907159e-01 -3.464826016331918890e-01 -1.175842196667157502e+00 -1.510941305609208307e-01 -2.070183068336053367e-01 7.620922553531528365e-01 -2.320514316957284162e+00 -5.583341777199245515e-01 3.728617276893586019e-01 -8.110426025706231057e-01 -1.189458727859766141e+00 -2.805226848395265815e-01 -6.197451582337344389e-01 -4.074510143669216045e-01 -8.874757762113480997e-01 -1.125541226629096503e+00 1.787496179018556730e-01 -1.042617488551168259e-01 -9.539501267436476528e-01 -9.648709560964293663e-01 -8.908014036045804052e-02 -5.107634739198068097e-01 -4.731135496958704389e-01 -2.752366846006980561e-01 -1.540015713140910458e+00 -2.823727401973776807e-01 -6.141973733749801490e-01 4.829698538039290945e-01 8.513130190146453447e-02
1.640618728005379445e+00 1.839407845968065836e+00 1.317215422225854526e+00 1.010617421643576819e+00 1.318619707189756962e+00 6.698262472853377947e-01 1.097554784677874151e+00 1.418066920389691399e+00 1.362379625668768579e+00 1.448773065300589469e+00 9.343701116313651855e-01 6.893876795272982916e-01 7.448050928273953764e-01 5.972100320843924948e-01 1.342767750270386085e+00 1.777361592123438250e+00 2.396515589408041991e-01 -4.169106649966710099e-01 4.222477400812436055e-01 3.420163911834600556e-01 -3.584916256971661386e-01 1.176013698525551154e+00 -1.144464071106565811e-01 8.735779584897588323e-01 -6.734802638409090880e-01 8.479573955657119244e-01 1.384888788573840568e+00 1.327054534193715662e-01 -1.929941216605295828e+00 6.539002736570641294e-02 -3.779997777819218419e-01 3.278297791114526127e-01 1.042443578865543063e+00 1.168269463837018213e-01 3.928245936235438274e-01 1.464654724860873003e+00 -7.952411953348939022e-01 4.532280296615299187e-01 1.641477007453908232e+00 3.703444642149733013e-01 -1.372979786305627892e+00 1.120596490606389217e+00 -3.701325850928534056e-01 -3.821829048360531611e-01 6.821198013152520723e-01 -3.940002663383103121e-01 -9.975251965720050018e-01 -4.251234718489189102e-01 1.105963227078472222e-01 1.285502131909934675e-01
2.136410916697502493e+00 1.180043741358801412e+00 1.692373779110341481e+00 1.981400988052465895e+00 1.417682248739369211e+00 5.356755162863580111e-01 2.558037352259230346e+00 2.570621376285511239e+00 1.103699336280868026e+00 1.809017837592305167e+00 -1.903105237572195463e-01 -2.212990175089364353e-01 1.623491954290370506e-02 8.843601014846302899e-01 1.047959393814342555e+00 4.614530406789414396e-01 2.839425221353085171e-01 1.221342421326743422e+00 -1.832716502136436942e-01 6.932345724373569773e-01 2.014638810374513866e-01 2.801900578787869245e-01 2.005151818198142255e+00 -5.890300066331528861e-02 7.198407523400726093e-01 -3.012593666824968097e-01 1.544078190956760022e+00 1.450422502724329599e+00 1.108880353676284236e-01 -6.891619658744263521e-01 5.154450704847355347e-01 9.683546063523045255e-01 -6.114889147134719982e-01 8.524275561833074555e-01 -2.473001350403724596e-01 4.871269818819125019e-01 -7.051161012633149205e-01 -2.233900041000474665e-02 1.924349029309224135e-01 1.839860709461752286e+00 6.745949226952624445e-01 1.243385228098200235e-01 8.471965316931057144e-01 7.534330663664066119e-01 -6.389865406174669027e-02 4.217164484903300758e-01 1.103460328733814499e+00 -1.044098450756284109e-02 3.790026542963176870e-01 3.777359982263915339e-01
6.887174042984840483e-01 1.793440912982375401e+00 1.189432538038291298e+00 -2.172849429040368818e-02 -1.508021382170374736e-01 -4.607561418887884397e-01 -3.995125426532613044e-01 1.664408563057034440e+00 9.404306605638979022e-02 6.950432370990518027e-01 -7.004812895774427395e-02 -5.447793255092034936e-01 -4.247705140631213294e-01 4.311005504325625126e-01 -6.060224998677985475e-01 -2.082887390644875061e-02 -1.393840958754230197e+00 -4.600649596925358159e-02 -1.063777938427177133e-01 1.025351550645871579e-01 -5.821560767353743948e-01 -1.989962970283762456e+00 -5.871233013859730177e-01 -8.679737507376718009e-01 -1.726282942179288571e-01 -5.723548317657271012e-01 -4.559611917375216428e-01 2.928092512352085675e-01 -8.217308602719595179e-01 -1.831705433471217503e+00 1.949062017703305505e-01 2.575782501639604927e-02 5.676969280944622609e-01 3.128813620497453707e-01 -5.084836999077790853e-01 -1.295996106949540705e-01 9.807996382927210988e-01 -2.865074817138830165e-01 6.153180830901673337e-01 -1.559360634698435666e+00 -7.660500585661368378e-01 -1.360961465229843514e-01 -1.123454032883804743e+00 -1.646352513104132609e-01 -5.211046841486074443e-01 -1.353705811740152642e-01 6.575810484088698282e-02 -1.973077268551393093e-01 -2.810413648760233252e-01 3.126181117236063178e-01
2.010489528590372998e+00 7.408022974577435082e-01 1.593191210743110986e+00 1.329759588314840757e+00 -3.548184953135200548e-01 2.353989541916275963e-01 6.945068841411087268e-01 1.866183822211990195e+00 1.111871172014657461e+00 2.019223978351479598e+00 -1.003463011554335704e+00 -1.239584807023922375e+00 3.030889061267768025e-01 -9.939926548668763795e-01 1.054971254913250611e+00 -2.298477819863077032e-01 1.087483845800942373e+00 1.549523793264261151e+00 9.036742624740814467e-01 1.487427305908095021e-01 1.000869172303310961e+00 2.394629490800238014e-01 -9.037558022334114538e-01 -8.276291108751282488e-01 -1.862578298282738798e-01 1.799203630067355564e-01 6.083037796483640319e-02 2.119436492867516481e-02 2.565778594967301623e-02 8.663588859746500503e-01 -2.883508939022185191e-01 -1.276743581798491789e+00 5.328530272372290488e-01 1.338592925207534590e-01 -1.201855439750014742e+00 -4.461796605205317623e-01 1.354391363377083213e+00 -7.115914738640395365e-01 1.874457006417530325e-01 -1.109680675893786717e+00 -1.312585666958309583e+00 3.186337852964387651e-01 1.576942485308841180e+00 1.353983505910072660e+00 1.724198952760251646e-01 1.541299290318199011e+00 4.753810938869731384e-01 -6.288004893928970940e-02 -9.810288723004860489e-02 2.062300193364763612e-01
6.569995128244905391e-01 1.420056509249072896e+00 1.181003641053415931e+00 4.013771780713876192e-01 1.642358144789592966e+00 1.136799557557633511e+00 -1.880420188385014679e-01 6.250257851086165051e-01 2.312462450928324476e+00 9.257345102711757034e-01 -1.073725348990597905e-02 1.786495646937374115e-01 1.558969943306136030e-01 -1.597227191119799175e-02 7.303136869476024584e-01 1.410654627612523360e+00 -8.760192419657037988e-01 1.141081196439307568e-02 1.097147375063276670e-01 -2.517078612896599954e-01 7.814052006020446584e-01 -1.398585612540417245e+00 -3.976739726779097706e-01 -7.458375926191762595e-01 6.683246048603311840e-01 1.323647571162593906e+00 4.621031733055310786e-01 -8.061105076926953217e-01 4.817385987045841311e-01 8.694741702507531311e-01 1.947595038236263454e+00 -7.855092674563338706e-01 -4.277996664182563968e-01 1.123803091064802945e-01 7.635127262651513202e-01 5.794381195613204083e-01 1.965143741041631142e-01 -7.717075135867522695e-01 5.264805527685595399e-01 1.785095938329138709e+00 1.226256001823424063e-01 -1.205247691671694349e-01 6.647172247303393400e-01 -7.947815666973550019e-01 -6.432742248810520425e-02 -4.536229599771254284e-01 -1.016567738782471420e+00 6.692164693306608125e-01 1.220381963232372913e+00 -1.578375291461545926e-01
1.099818073203363111e+00 2.344232634228917700e+00 6.898233898335479619e-01 4.510831546886875376e-01 9.240763668116531715e-01 2.313286728931868819e+00 -1.861281035185267108e-01 1.151931511044499867e+00 1.768525136387127272e+00 1.941533794207320529e+00 1.228866966265984659e-03 -5.181883068681870652e-01 1.264769070100767223e+00 8.548645948745138556e-02 -2.899621196487430774e-01 1.503797971880484752e-01 2.937114238588867665e-01 1.214014490780880307e+00 6.389742541885975458e-01 5.136045282528353129e-01 4.077986509372079071e-01 -1.173891340187716292e-01 -2.201089299121019860e-01 8.426688826002158702e-04 7.638326365404098928e-01 2.317585490939092219e-01 7.385454172074712442e-01 3.030085543637348403e-02 -6.778630980384104943e-01 5.961572530341264775e-01 6.888225908313919676e-01 -4.059472460315299291e-01 -1.294635298911091248e-01 3.882316236008114818e-01 -3.266565755512808589e-01 7.437797555115539527e-01 -2.634447916052287120e-01 -6.378619109719169122e-01 2.081604674154937107e-01 6.035284351890666255e-01 -3.463060846852321073e-01 -1.912401298289201912e-01 7.983788875295356746e-01 2.442151094046425552e-02 -1.210206984243126449e+00 1.006093893697184993e-01 -8.842080303915856865e-01 -1.482926575774500266e+00 1.687629983952889656e+00 4.387468970646885569e-01
-6.903317517295335382e-01 -1.650963731216856800e-01 1.778293897378153465e+00 8.076448067330248559e-01 1.407166755780693723e+00 1.360812703764613607e+00 -1.822800432382076785e-02 8.283386930191187769e-01 1.566386583531491183e+00 5.991850206138713553e-01 -3.634659431008518959e-02 5.577017541744517803e-01 -8.571124422612989013e-01 -1.079916223617302551e+00 -1.223314250534374148e+00 -8.196096256068885477e-01 3.643354853122707238e-01 8.726439862803206937e-01 -1.128662001695696221e-01 -4.130729003893370277e-01 -8.548015805777538223e-02 9.098732748628231004e-01 -1.025322370355586689e-02 -5.204950628521575196e-01 4.338858535277981820e-01 2.210067118966591582e-01 -5.748557318882591138e-02 -7.007025076595863045e-01 4.857681841905248654e-01 4.683250083444587819e-01 -1.422082034402788020e+00 4.358017671284329930e-01 1.220473970805648067e-01 9.738818172197731826e-01 4.245584295683492611e-03 6.323105634426814392e-01 1.087279924034452970e-02 6.964036086227395339e-01 -1.190806090131161010e+00 -5.042434363455272628e-01 -4.307932538483976170e-01 -3.071352937662961136e-01 -7.691598758893718468e-01 8.025719937148290128e-01 -3.653548646128925714e-01 3.134426447299652058e-02 -8.569312722496427170e-01 -1.109994178108399510e+00 4.638234537517134104e-01 3.360333631372272034e-01
1.083093779748311780e+00 6.999642968927006770e-01 -1.079983134643160980e-01 1.248811168277438544e+00 1.748929727074922669e-01 1.701964490746576963e-01 1.120416736232101362e+00 5.456615548871301957e-01 4.757071488219468680e-01 1.221281271540701319e+00 -9.850816601327332389e-01 1.592658809104751660e-01 -5.452947352021378924e-01 -9.512357522302951063e-01 -1.847278389560202738e+00 -1.606542599416451056e+00 -2.055434544453770551e-01 -1.132093716202597689e+00 -2.348638318691223803e-01 -3.380821101644531645e-01 -2.374728120774395324e-01 -8.006953614928732366e-01 -1.632696945535379029e+00 -1.355221574321745948e+00 -1.027458544677191554e+00 -5.410946559301108572e-01 -1.465731233188678484e+00 -9.497132893435055179e-01 3.808123621664050718e-01 -6.192418390798406502e-01 4.132323822863976370e-01 -1.283267678133646061e+00 -2.377664812717390497e+00 -8.733179126546118942e-01 -1.109149832912681433e+00 6.169185514620006971e-02 -2.562935203013862462e-01 1.865542406087685456e-01 -1.424000943410339115e+00 -6.217328829572933424e-01 -9.868649650650521687e-01 -4.435937418379844455e-01 -1.251484787130901832e+00 -4.313982849080241766e-01 -5.934201335335762550e-01 -1.282422100208823856e+00 9.909951352424180293e-02 -1.396228976271235156e-01 -6.720090898151814818e-01 -2.181387975037318849e-02
5.348974334940683750e-01 2.680277874882489586e-01 -4.508144811278695929e-01 5.959588571795662038e-01 -7.143179065055549337e-02 8.086269170918993776e-01 9.176617051727770091e-01 4.662010745893041541e-01 4.739678393691212355e-01 -1.233565315947129370e-01 -3.782876208890977865e-01 4.775399000501191482e-01 4.605426056334678830e-01 -5.153238365975373325e-01 -1.159054906756458392e+00 1.926413639561451729e-01 -6.613730648005544666e-01 -7.602231541246382562e-01 -1.516654807080815681e+00 -4.452391102582221594e-01 3.749946169648181726e-01 -1.447917105508968738e-01 -7.360023951207527171e-01 2.504441905792614276e-01 8.943302049793980801e-01 1.555448271515880339e-02 5.174000555533291301e-01 8.296022530969666964e-02 -1.100306504680030217e+00 -3.707493875800528249e-01 -3.526776390349761758e-01 -1.534002737557320362e-01 -9.319694023903867253e-01 -4.479943373644459381e-01 -1.000042231925301728e+00 -6.975446302327628079e-01 6.194019844190619128e-01 -4.118428817903029282e-01 6.236220065776584276e-01 -1.382641513562750779e+00 4.431232715201117722e-01 -1.443145889335776255e-01 -1.913497236424628545e+00 1.248756689211285797e+00 -8.216691074970405850e-01 3.249039327133063093e-01 7.022463449365871913e-02 -9.169528125577088851e-01 3.074727570320156533e-01 -3.720114112589932298e-01
1.418617608937117636e+00 1.764853607168848981e+00 1.167614618631014567e+00 7.555368496004180034e-01 -2.723599568238814772e-01 2.002780706990061610e+00 9.567033176567090180e-01 7.772628208100579306e-01 9.806766389382352012e-01 1.573272251640028152e+00 -7.943488284207503858e-01 1.573453204750641543e+00 -4.684995438229296871e-01 -5.312793071459036287e-03 1.989926250386137851e-01 -5.924995928751884966e-01 -8.158647298411665361e-01 -4.998085278503119899e-01 -2.332227318261943794e-01 4.914470157340715128e-01 -4.297747175586281165e-01 -4.028724017698768339e-02 -7.034555748595884284e-01 -7.813107589884502047e-02 -1.289847332722698914e+00 -6.794745606907186264e-02 1.463670394518337803e+00 -3.583838571417277685e-01 3.676598822283285162e-01 3.810334470138588281e-01 -2.751932552508835617e-01 -7.744451214442561460e-01 5.670729088916809379e-01 1.586504712614305312e-01 -2.752075945579579019e-01 -1.017032309491179509e+00 6.914831390988235293e-01 1.570328223773082843e-01 2.627966279854461740e-01 9.961208218054140584e-01 1.811194937916515146e-01 3.301273036984834208e-01 9.429887434767240950e-02 1.558490467379740341e-01 8.306345379832241749e-01 7.382208271288166479e-01 -3.856639950723016463e-01 3.326057815029276159e-03 2.718920129469986624e-01 6.512050558259671051e-01
3.487002342500431507e-01 5.848424052385674532e-01 1.013371129359085243e-01 9.982066605614567933e-01 -9.197313041077579410e-01 9.599290470705227341e-01 1.353666707882927867e-01 -3.917783804215657639e-01 4.332846949951747462e-01 1.346568200970076790e+00 -3.078423532647233674e-01 -7.118887298738937330e-01 -1.252524649763520737e+00 -3.223592553538964789e-01 -6.582033441492983750e-01 -1.145030868666808838e-01 -5.772690147131276373e-01 -5.861296705807748086e-01 3.906349007932077289e-01 2.966561577199193778e-01 -8.935550638645265442e-01 -1.562447786453040388e+00 -1.321855027833922946e+00 -8.790730065018549366e-01 -4.772540750375073859e-01 1.375074226751806794e-01 -1.382645518248682148e-01 -9.708222691854246911e-01 -2.200556109380332526e+00 5.998659109585927629e-01 2.082310987852521722e-01 -1.463129918205430036e+00 -1.266692856067111572e+00 -6.757592906642561070e-01 2.637561426576690571e-01 9.492518916191478029e-01 -6.036614658469594552e-01 9.900381879257886819e-01 7.845020513639111570e-01 -2.937756787647670120e-01 -1.861099338318462637e-01 -4.276209125547352219e-01 -5.429358273312285821e-01 -9.043224439095337575e-01 -9.552136672431815745e-01 -8.902968642093135321e-01 3.951079855823547149e-01 -4.794298346986327619e-01 -2.022482351689495472e-01 -3.952133779254166646e-01
6.941947067085074696e-01 2.295407555506622010e+00 1.961811963393661928e+00 1.976738376511486539e+00 1.823461487208025700e+00 1.307560097428054346e+00 1.099040497788855930e+00 7.045610925674083980e-02 3.172867405270165531e+00 1.003089913655891730e+00 5.308736870673380626e-01 -8.128440709477015025e-01 1.395322311983515084e-01 1.136239633784988934e+00 3.401744198158370147e-01 1.387796321138772715e+00 7.566612673298043212e-01 6.700315167532367999e-01 1.327848296099140901e+00 8.196944467047870830e-01 6.930385241706140675e-01 3.175146775459260495e-01 1.956594049893626952e+00 6.655069317809757523e-01 -2.641972910955143194e-01 -7.582109038450933758e-01 1.721387143446215795e-01 1.712968128905950627e+00 1.378171209793509044e+00 7.232077035864364900e-01 1.021564015558803717e+00 1.717293561398034907e+00 3.890303590257753186e-01 9.918797381734305585e-01 1.374212718639206798e+00 4.744119506920912999e-01 1.640351368127171416e-01 -2.938347803266512237e-01 6.771188724633152578e-01 4.054638043846832129e-01 1.253324922638727523e+00 1.782992807912669120e+00 -5.771071710206704397e-01 4.703211390377445289e-01 -3.844891814842247291e-01 1.862135159710615939e+00 3.308847812369265090e-02 7.583839163096558478e-01 7.408144114841195282e-01 1.383807409509908215e+00
2.153824781103536701e+00 2.137823156022367499e+00 2.221837327840845422e+00 2.189078273895033622e+00 2.030142076587562627e+00 2.045434719087813491e+00 1.975620846565749211e+00 6.390149279261139181e-01 7.380890352672087040e-01 1.117365711797798866e+00 1.200519153116422322e+00 4.553119590260452654e-01 -3.161416736232798563e-02 1.435025548638954929e+00 2.184991413446555064e-01 4.781416528588519066e-01 -6.112511581597444010e-01 5.959179712837650023e-01 1.570760052960816777e+00 8.698796636170489371e-01 1.364945925320712128e+00 7.246766104364782413e-01 1.456884979758353849e+00 2.858920697298581448e+00 1.647565497087810416e+00 8.507626147226743374e-01 3.370647442613290412e-01 1.206004243977748525e+00 -2.744177546220177288e-01 5.737652825223495956e-01 1.276289900728712866e-02 1.375656471738806230e+00 -4.310732746631415480e-01 9.670001422119661738e-01 1.931047760677731429e+00 5.047471642884088228e-01 1.790483257754693636e+00 1.376751371802518609e+00 5.549788982146280913e-01 1.224219062422710724e+00 1.559888170680025388e+00 1.861019070670171693e+00 3.489241664465990156e-01 1.281423302993076829e+00 1.089928314410203436e+00 1.114456609823178734e+00 1.587866782653752251e+00 9.390527248671191041e-01 1.074582850035526338e+00 1.407706907712809929e+00
4.075343892144824842e-01 1.354951577636065885e+00 1.399639350679909633e+00 1.974678799440270360e+00 -2.372470147651459804e-01 5.626282513186178225e-01 3.632183431996646172e-01 1.842247523577899893e+00 7.985582480628126145e-01 1.552629188087393253e+00 6.016407545873253548e-01 4.885118237341822267e-01 -2.548103036879880712e-01 -1.013477232749410817e+00 5.466380782277023842e-01 6.132318308267877827e-01 -3.680454410460290426e-01 1.256859795457137552e-01 -4.593762332081748889e-01 1.206471522199929591e+00 -3.776507143446831138e-01 5.287200531471943910e-01 9.099994202702592350e-02 -4.097638853833596717e-01 1.231128546270313928e-01 -4.763704250136234775e-01 -4.451892434373398433e-01 -7.784152226573968214e-01 1.353480563848085128e+00 1.549412746742566405e-01 1.167213190350214314e+00 2.232167572516127185e-01 -4.204827574521989575e-02 -8.215410543251677744e-02 -9.143888507360750095e-01 -5.767357846628948792e-01 -4.997773577451834481e-01 -4.055052498049244170e-01 -1.104171576063268656e+00 1.650887224636756967e+00 5.654534926334041645e-01 6.980266893353005431e-01 4.164005740339056238e-01 1.463557627614936241e+00 5.501820491975215610e-01 -4.827673594484240827e-01 3.118766687641167934e-01 4.307822066147175000e-01 4.205000611272926569e-01 8.753197686348447304e-01
-1.757975631778856407e-01 6.004326899468672707e-01 -1.627216997480992688e+00 -9.058070412256085113e-01 -1.195254025696157907e+00 -8.251118275400326496e-02 -7.484996655837456991e-01 5.774204595215745028e-01 2.316457698854749170e-01 -1.809655273907309958e+00 -9.932883092040045714e-01 -2.773022355141962159e+00 -1.411583356849937632e+00 -1.388060261820411201e+00 -1.456665390946969563e+00 -1.143341554490902245e+00 -8.410025401252586574e-01 -1.675047577190871495e+00 -1.003543311487145484e+00 -2.375697315906395435e-01 -7.655635824333498762e-01 -1.844528767503395228e+00 -1.717578740821397831e+00 -9.008729645335621372e-01 -1.898690611572549480e+00 -1.297662319323278801e+00 -1.681637424913740464e+00 -1.836556404867205172e+00 -1.688429871251531988e+00 -8.826202072010742583e-01 -2.400513586485074402e+00 -3.409992723539509440e-01 -2.857922149029059056e-01 -3.637765180471507764e-01 -2.469771669473091791e+00 2.599511092826087832e-01 -1.330787260830250673e+00 -1.129942374703517105e+00 -1.396924646327931230e+00 -9.577858408570345539e-01 2.845760137855128311e-02 -2.697850689813165559e+00 -1.993199202161681338e+00 -3.548779705975095844e-01 -9.663939351251619181e-01 -1.687972346199563045e+00 -1.150647033699726318e+00 -9.043615057296324755e-01 -1.114151796341876777e+00 -3.924549012526769576e-01
8.259063839528804074e-01 6.940864631323752088e-01 7.157608911932368256e-01 3.099981971083615173e-01 7.846380086129147724e-01 8.160768673364595660e-01 9.823715538069374142e-01 7.458070575645394662e-01 4.218011730413961935e-02 9.367345453283553169e-01 -1.069210949786712356e-01 -4.620564774236547989e-01 6.231881810837159863e-01 1.342892572245437233e+00 -8.791819862500591665e-01 -5.638486452227775558e-01 -1.268001793617908879e+00 -3.555045552775205064e-01 9.580130870370712204e-01 -1.189558963171782446e+00 -2.286089477946575410e-01 -4.711498243289464760e-01 -4.092313318768697750e-01 -9.136604632450703312e-01 -9.233343255838816210e-01 -1.267622236083061349e+00 -5.416774310402747705e-01 3.398804566730947996e-01 -1.816709017509624269e-01 1.001474946866768301e+00 -3.753831801769024756e-01 7.165760483668186520e-01 -5.957880375837529829e-01 1.176167079996554898e+00 2.866657736833782000e-01 2.197197445793440951e-01 7.238635061533249537e-01 -3.121208157099676916e-01 -9.578639601560801076e-02 -6.697448188048815698e-01 -3.125238047531388452e-01 -5.439789222660063039e-01 -5.766101038637393428e-01 9.358376120019799016e-01 -4.592826526205113780e-01 -2.373207668444894392e-01 -5.991217802117231317e-01 1.777830134675856544e-01 -1.863589151154319445e+00 -5.545601681178971010e-01
2.349850106950847062e-01 -6.994088722818969650e-02 -6.330393398928806370e-01 4.923322783138704972e-01 -1.277743347712607669e+00 1.557612801189749208e+00 6.149319810914131157e-01 1.503273618277849000e+00 1.057743980870121225e+00 6.163607985065883144e-01 -4.958362933297399411e-01 -9.589876643632317954e-01 -7.906381859788669253e-01 -6.160517403464577102e-01 -2.266712465614786898e-01 -2.032481274800441162e-01 -7.492886031016092463e-02 -1.587571648995421691e+00 -1.966900451653722959e+00 7.340832898785022431e-01 -4.202034450085422312e-01 6.501578236264239363e-01 -5.743587606210549118e-02 -3.092543202448694850e-01 -1.170397555308954951e+00 -5.058296103542530009e-01 -7.799945532956377159e-01 -6.045556644140624991e-01 -1.168550223462564208e+00 2.647056369190089464e-01 -1.052980682637020937e+00 9.219277107859935594e-01 -9.953287513665789454e-01 6.492434845581587233e-01 4.137516316043458875e-02 -6.598707356360217213e-01 -8.495900747389760754e-01 -1.384984002932602820e+00 -1.155738524893632352e-01 -1.333032637638155382e+00 -7.372982225457722638e-01 -1.487488378746431861e-01 -7.832547102445065468e-01 -6.816021823484019748e-01 -1.090643368951917797e-01 -8.906091243753693210e-01 2.428610470208249494e-01 -5.836594895432978269e-01 2.503193262502694250e-01 -9.341859663918949952e-01
7.320643926821271963e-01 1.892618661143849579e+00 9.628765517485963210e-01 2.394085599308183099e+00 1.345950273838778966e+00 1.845581284647465736e+00 2.200686547965408302e+00 7.878181989366640492e-01 8.102041763240390715e-01 1.394894709880220907e+00 4.578720788774092165e-01 -2.251695785302433306e-01 2.474775028138531327e-02 1.331537448405788249e+00 -5.844405449822267506e-01 1.256274552756791119e+00 8.992444314104925951e-01 4.071758708137950822e-01 6.112632335370331571e-01 2.460499947176383095e+00 1.621994669099852571e+00 1.593672908976543623e-01 2.608539847529898204e+00 5.817657845418837681e-01 -3.273251254647405739e-01 1.439541392578752577e+00 1.793309463354844091e+00 3.003640835558833433e-01 3.019428124333380925e-01 1.964361639277217186e+00 5.392968804823192741e-01 8.873387835916364264e-01 -3.200844614391351595e-01 6.153654748403354635e-02 1.511904140481364900e+00 1.404845041364911340e-01 1.301201020999985136e+00 1.281296751280966983e-01 1.260860310060725631e+00 5.570986131774807726e-01 -4.702058218654651123e-01 3.910055852278671029e-01 1.047896417966933003e+00 1.230127200567028734e+00 2.299970835550395609e-01 3.592738797876112722e-01 7.873565854133200981e-01 3.419764778521031112e-02 1.722533262416874766e+00 -4.793798675498457396e-01
2.066214801894727948e-03 -1.631827742137976767e-01 3.887786302482771905e-01 -3.348651708181731301e-01 9.186299534129769295e-01 1.155039647571367789e+00 5.759275594363419959e-01 1.414684861381534153e+00 3.037688506071174466e-01 -5.130930643308393435e-01 -9.162992446160217463e-01 -1.954937025795542849e-01 -1.859765557835726835e+00 -1.436094762982065509e+00 -6.552556339514444828e-01 -1.247991023917020437e+00 -3.659005959487210968e-01 -1.931784287655986532e+00 -1.166760062904167894e+00 -5.545280116278131777e-01 -9.410291993820619760e-01 2.460032190472235397e-02 -9.891344665324776075e-01 -6.486169905544618697e-01 -1.362276963150964137e+00 -1.302965903433494610e+00 -1.418382459545156626e+00 -2.471289507146252173e+00 -4.671722603544829072e-02 -3.525945416750345673e-01 4.248761256856313784e-01 -5.435245834037376600e-01 -9.198366600986388475e-01 2.583315001308154057e-01 5.255382251391067794e-02 7.228059383641957658e-02 -1.340333719612835983e+00 -2.084204871713315033e+00 -1.068790193910815978e+00 -1.170454797699829741e-01 -4.574612270678094506e-01 5.825602920990430311e-01 -8.754673741781920926e-01 -2.065519678420792093e+00 -8.093307867591795768e-01 8.285377326633593109e-02 -1.755127347333276244e+00 -4.858548823226506719e-01 -1.433268101320031240e+00 1.560795984294479910e-01
1.906107562010941114e+00 1.258086346904964570e+00 -2.125972084601919221e-01 -7.905293784787554845e-01 5.321241228370456877e-01 -2.297710822731153790e-01 -6.479569529454365373e-02 -8.784512893550977530e-02 9.728579599415446699e-01 2.272931652765754595e+00 -1.022037510755344769e+00 -1.531223385603402709e-01 -6.807069887053779356e-01 -1.381720064552839078e-01 -3.612728318672966399e-01 2.026011162518336906e-01 -7.776262831044782331e-01 -2.519061229782669997e+00 9.451238188036166221e-01 -5.499407338973485437e-01 -9.156527011457753495e-01 -8.224119729618789565e-01 2.565121264917099020e-01 -1.722281959748578339e-01 -4.052238113806046482e-01 -9.733630361004659282e-01 -9.187246517262713796e-01 -8.721627591639746768e-01 -5.713764050542018413e-01 -4.928753286290644964e-02 -5.437686125332371612e-01 8.822873120196111918e-01 -3.955883659658319673e-01 2.622891662740082230e-01 -1.011391290770659923e+00 -1.138145776596883874e+00 -5.587956037048020796e-01 6.893729197987801260e-01 -6.934377464860856932e-01 -3.801546240338978255e-01 3.969718286272274632e-01 -1.703916144176260694e+00 -4.807178314812852737e-01 9.183243800997549222e-01 9.547388778323892544e-02 -7.499799116703977919e-01 1.570672147702718568e-01 -3.578791997364167560e-02 3.465345210778968954e-01 1.878820437236289886e-01
1.903824834110344089e+00 8.866867894751966350e-01 2.953929271165925741e+00 3.186256099035307265e+00 1.608161355481558807e+00 1.109267205668861278e+00 1.448512011503002350e+00 2.200553972348687104e+00 2.352042955333979890e+00 1.576632269648420959e+00 -3.366216543864401500e-01 7.175785305857399488e-01 7.117189139474363602e-01 3.684116255109610716e-01 5.265547429464837448e-01 1.201051074809614594e+00 -7.199087478292729436e-01 5.973801815137010918e-01 7.912133379340647865e-01 8.228991211071156053e-01 1.065214530364234635e+00 7.335386011528951533e-01 1.949469446945125917e+00 9.380879733604372550e-01 1.871041550838159040e+00 1.687580644352962844e+00 1.140517095197172370e+00 -1.854650199224230356e-01 -1.253397508341299038e-01 1.198697496241790450e+00 6.946408478897266869e-01 1.222892452018945475e+00 -1.114557796084064550e-01 1.603221251428724459e-01 1.598402736638256494e+00 4.336139945335377999e-02 1.185884348002764099e+00 1.229444886172437634e+00 2.034486217229919180e+00 3.459567267980230842e-01 1.666870143464547871e+00 5.165819474579049775e-01 8.720939965626149926e-01 8.658010549545890333e-01 3.367952670387893144e-01 2.359666830611033994e+00 7.319268555330660231e-01 1.608850144466579479e+00 1.653022540685542552e+00 2.181937255805774800e+00
6.261592056772045112e-01 1.180128614205376181e+00 2.995280853370620999e-01 -3.126907362836919280e-01 8.303671399480891946e-01 -2.483654591077684159e-01 5.181526587389395644e-01 2.218356371578505737e+00 1.203939838704968457e+00 1.206754397959673319e+00 5.944597139311180722e-01 -5.262514586464831501e-01 -5.627579872519079540e-01 -1.341574228168818328e+00 -1.156279457039935066e+00 7.464825513891101272e-01 -1.365545704119034864e+00 1.622169398320808975e+00 -7.545049671929415780e-02 3.793062826591160619e-02 5.289191858825756931e-01 6.329443540834561732e-01 -3.185034860111857213e-02 -1.033609831301423171e-01 -6.563014962088699056e-01 9.526212687219023367e-01 -1.974257343425679379e-01 -1.068633738247010134e+00 9.406956350854231985e-01 4.108855532921296128e-02 -1.457707669440217076e-02 -5.088660954643431378e-01 -2.662742410131260784e-01 -9.701780362870724428e-01 -1.741740506247156706e+00 -4.072500783606184394e-01 -4.152459110867917080e-01 -2.766480840939074537e-01 -6.082072704135107477e-01 -3.024712391155391922e-01 -5.983656523384798254e-01 -5.641209188399671781e-01 6.854399242871730413e-01 3.332847759812395672e-01 3.829587684550064819e-01 -1.038180625016315028e+00 -2.315830309984627799e-01 -1.019064406231444009e+00 -9.424797562599716017e-01 -2.910120041227726717e-01
8.198785144110660728e-01 6.126934539261679191e-01 9.559998189017826498e-01 1.175339417699819755e+00 3.998250826337786945e-01 1.132284110333354743e+00 1.125208692862367243e-02 -6.684288711254757764e-01 2.353249161691868263e+00 2.385249408375733626e-01 -8.492218925609649194e-01 -1.293625309921712097e-01 4.947124837732969072e-01 -2.210759700685586138e-01 -2.060315675454501783e+00 2.152318686367134803e-01 3.105013078563650386e-01 -8.807165322041893285e-02 -8.290452293527672545e-01 5.995628963118728727e-01 -3.718174278832016011e-01 -1.880152160396097449e-01 6.219428481631843475e-01 2.230739019439319515e-01 7.276316780137309648e-01 -1.400615883473675105e-01 -2.715535121440610933e-01 -1.375882616518633583e-01 -9.390847034286057271e-01 -3.200939324816889919e-01 -6.851580118106280481e-02 2.525068049383899504e-01 -1.589242476963499406e-01 -6.488603881239500826e-01 -7.432529250051026493e-01 3.592127248733970046e-01 6.657449287672702054e-01 -1.161589026225440663e-01 -5.082039210755119329e-01 -7.133507770580720386e-01 -1.269354805640706685e+00 -2.919182975476291020e-01 6.198296237669522757e-01 4.746522164528459986e-01 -9.474085053202586648e-01 2.056252194869874136e-02 1.924718712693934686e-01 -1.006998206043616451e+00 -6.193006468954862509e-01 -1.303111193263760403e-01
1.352927365175791152e+00 -4.929415777424006606e-03 3.152232935477561337e-01 6.049504081400487454e-01 -8.657406448304352242e-01 1.315476176301702882e+00 1.207324337425535576e+00 -2.488441937041203644e-01 -2.465890348199695215e-01 8.752243062717494082e-01 -7.162178159164949154e-01 -1.874440341151879963e+00 -1.116907938356424879e+00 -1.492698496581562617e+00 -1.451526749417340056e+00 -1.051584207846026686e+00 -1.032087671448050470e+00 -2.897950041362589158e+00 -1.085355875351112553e+00 1.117694409665536126e+00 -8.788644742067447391e-01 -8.367526092402293170e-01 -8.970901114577302105e-01 -7.594800238704789708e-01 -1.663962017435333118e+00 -4.519557982825115339e-01 -1.469108059934558286e+00 -1.763069014001066970e+00 -2.605227127214411187e-01 1.176867147452907297e-01 -9.000400490805061660e-01 -1.397623171894571747e+00 -1.153266322921623788e+00 -9.239854718660376331e-01 -6.699810843000855165e-01 -8.757403399405631061e-01 -8.038279969022031901e-01 -8.460374134905934707e-01 -9.055840900256549864e-01 -1.504193724778373431e+00 -9.484682457505630993e-01 -8.475474591334852814e-01 -1.784533240241922725e+00 -2.733550739460511636e+00 -3.522887254065766860e-01 -1.839026196628102960e+00 -9.416555677881370823e-01 -5.101962244446108796e-01 -1.025026427935811446e+00 -8.044986786348815588e-01
7.690323205841893550e-01 9.227842171133265881e-01 6.327984192786937356e-01 1.888339239352303744e+00 1.096551423273223858e+00 9.795035380188699126e-01 7.155941664039331407e-01 8.758861088647461601e-01 3.143617324380953981e-03 8.637547740002754493e-01 -3.478327839976837477e-01 -6.273957013113596881e-01 3.630389686343953315e-01 -6.304886222005172680e-01 -7.092143426182564991e-02 -3.951256265353260133e-01 -4.085340067777072370e-01 -4.364081583982341583e-01 2.737011928736424182e-01 -4.929953241181657120e-01 -6.999449211798017267e-02 1.595306876008479452e-02 -9.074119793538035772e-01 2.420573456103417842e-01 -1.707182891039661921e-01 1.003131593672538013e+00 9.395496167266860488e-02 8.451367228063743076e-01 -9.529438076345722042e-01 -1.403216642030393098e-02 1.394161942849269309e+00 9.940243214581083731e-01 1.014266228722781493e+00 -4.028370992671551770e-02 1.986040447145859811e-01 8.855125463676616349e-01 8.391759431669204572e-01 -5.422895957606959083e-01 4.576886034391262070e-01 -7.647421702436235647e-01 -1.011222997290733172e+00 -6.262145959703575571e-01 9.029014694781125616e-01 9.433715214491428247e-01 6.465516118538553458e-01 -8.530062637793499603e-01 1.038314568053959164e+00 4.760388467815384606e-01 -4.959906043371089535e-01 -6.703822615449298583e-01
1.891902963858322018e+00 2.545017610296018695e+00 2.343783151188574276e+00 2.376401407761544071e+00 2.268628426305117518e+00 6.469457849356026191e-01 1.757355692757997634e+00 2.339463025242094929e+00 1.727395128012182868e+00 1.736731772989241973e+00 6.038486965244326266e-01 -6.167037957402593529e-01 4.362308114584074192e-01 2.483741011667072451e-01 9.721534383473143803e-01 2.390742448148795329e+00 1.050946482203190868e+00 4.961709879118520461e-01 3.532318761344448443e-01 4.932649704248440736e-01 1.143539209532643541e+00 1.748612870224193205e+00 -1.230500637646790227e-02 1.919370250327934846e+00 1.426746730159603072e+00 3.861584101117030432e-01 6.626181360082130656e-01 1.536235203972609709e+00 -5.268379144467766340e-02 6.611715571270434522e-01 2.304962205107962347e+00 2.124177867127853059e+00 6.503021492603229259e-01 7.330087145692361084e-01 6.238025912129491202e-01 1.004298265562899806e+00 1.146858521976116263e+00 -1.664910711664533138e-01 7.111410039792680493e-01 5.871543288959923945e-01 -1.732372932189209791e-01 9.325885167960814570e-01 -9.697440188826225160e-01 9.159058044628655137e-01 1.127457886362301931e+00 9.545973913408980494e-01 7.039484926285258792e-01 1.175975695649598807e+00 -1.885077605285708779e-01 8.759014040957483482e-01
1.023847247248595993e+00 1.591580475900976621e+00 1.167844975758858483e+00 8.487859713621714874e-01 1.101355815642627078e+00 5.662239822346228912e-01 1.311541715262773744e+00 6.155966972104445212e-01 4.120162536005911313e-02 -6.622265400917370926e-04 -9.687260433230622247e-01 1.271186536267131295e+00 -4.184572030375907636e-01 -1.374591377900383216e-01 4.397553014184975295e-02 1.998224503759622461e+00 8.914788501005160848e-01 -3.291599050939927884e-02 7.632920852216281693e-01 -3.379661303461694577e-01 9.283212197849974867e-01 3.915010953529872717e-01 6.148648484573785433e-01 -2.682193974161393157e-01 -4.107447505404684951e-01 4.086841648905301660e-01 6.080571769872914617e-02 -1.538002965791527066e+00 9.852029759991104418e-01 2.623372761911412776e-01 1.435373313986099408e-01 3.710594709262031166e-01 7.413004107786106411e-01 1.801893753858292424e-01 -1.088339752861071374e-02 -1.013407320716705806e+00 9.458131763522084623e-02 -8.711431067550495788e-01 -1.940021810160975357e-01 -1.012336952254936639e-01 -1.752628682400562410e-01 -4.237857390803935198e-01 4.239155269195578335e-02 3.973759475255331797e-01 -9.171180164043215566e-01 -3.660286185828746930e-02 1.594327089627441518e+00 5.057137796523440976e-01 8.204462657560490646e-01 -9.150873589345628889e-02
2.494090488892792390e+00 1.393429791300618170e+00 2.304371044825033188e+00 1.798529110363173977e+00 3.147057008498085118e+00 3.222072874397075015e+00 1.179856767742305967e+00 3.524096333461543384e+00 3.384840516322899617e+00 2.818137532309231474e+00 1.213871122213457499e+00 9.209117187506197233e-01 1.137761972086295259e+00 1.779104353848254716e+00 1.177494296711196542e+00 2.719618410178627599e+00 5.776298105315403886e-01 1.174407424942965017e+00 1.332673156289358563e+00 4.613925625006078945e-01 1.656399524536148693e+00 1.605099561942996189e+00 1.939166754140481341e+00 1.003977121852314580e+00 1.741275705888239100e+00 1.241576673801355168e+00 7.454176930578376714e-01 2.149883401589844922e+00 2.167667847635791567e+00 1.518367254042741532e+00 5.026662497753090486e-01 1.321972106700177285e+00 9.737655540920379105e-01 -5.382526046582164492e-02 1.136639457558635824e+00 2.374479275816478552e+00 1.244806136189591017e+00 1.198368904032028226e+00 1.584404205669273091e+00 3.094356440140830777e+00 1.499107091674137804e+00 9.316056798249194859e-01 1.043125321125297100e+00 1.698121516935829911e+00 4.980362889846277619e-01 1.801963916146971822e+00 3.216671622452264234e+00 1.529446954313215645e+00 1.124596307235363524e+00 7.913617356743349873e-01
1.117566888978731354e+00 1.690649748489798654e+00 2.012892592503643385e+00 2.191009198534616065e+00 7.322590755585736133e-01 3.979125047193163844e-01 2.131239703209962588e+00 1.859115808875523301e+00 1.873089706281237055e+00 3.173973154463232138e+00 -9.642687807395131094e-02 -8.376799690108567564e-02 4.633942281542623685e-03 7.518416612079014127e-01 3.308661417360971857e-01 3.714500913801164206e-01 1.509995192231950556e+00 4.381923038803718917e-01 7.574209966267424488e-01 1.315486157159991842e+00 2.295058310863830331e-01 1.562351580204508206e-01 1.645182712500845135e+00 -2.716443365818244082e-01 3.106149216967883375e-01 -7.430393987536819400e-02 -2.978436960677821599e-02 5.103124688764403283e-01 1.092632421204171367e+00 3.849772370090790985e-01 -6.636343397659408838e-01 1.309021965184488934e-01 7.714642373875398862e-01 9.743735768377578266e-01 7.752596028967940756e-01 1.944991767567458285e-01 -6.729721339117535894e-01 -9.404689219142782497e-02 1.124849164242327282e+00 -6.494806043579127719e-01 1.102810518388756655e+00 6.581891152533118072e-01 8.805086946672026071e-01 -8.540572021094570976e-02 9.611687259259824589e-01 2.627539839721533266e-01 8.565159436678840832e-01 1.429899369348423543e-01 1.720179017366795238e+00 1.036566263676657718e+00
3.704240043275461858e-01 2.030435935767861411e-01 7.770025546079731837e-01 6.734303006732496044e-01 6.152984325921433406e-01 1.341244838986416443e+00 1.682441646250009804e+00 -8.483111362804749422e-01 -4.496047506959865991e-02 6.730020210313636397e-01 6.072261418241430286e-01 -3.880481115429101902e-01 5.476499969918816046e-02 1.040599027102765278e-01 4.142935235923100312e-01 -2.958905688128185898e-02 -1.178581230064027929e+00 -2.462253839932248001e-01 -3.211943056825087295e-01 8.117487325802412723e-01 -1.636070395047098724e+00 6.338527793730995841e-01 4.257033615248556058e-01 -5.350506619010859666e-01 7.672333760985214912e-01 1.040498178506143567e+00 -1.073139765641919069e-01 -2.666557657132095360e-01 -3.562400918980790365e-02 -5.183214342928584850e-01 -8.074820882163714630e-01 4.403990213414925026e-01 -1.488906354706672541e+00 5.972762443737233973e-01 -5.156053469883806750e-01 7.584650054766611804e-01 -4.120921194591273262e-01 -1.726450675611237218e+00 -2.826029636989215721e-01 3.141351311961215666e-03 -5.747976958467460734e-02 -1.059183707794200124e-01 3.491357389968215430e-01 -2.784933406579662152e-01 -5.476293386932343799e-01 -6.312911221084851476e-01 6.767987890842827037e-01 -6.579573174520766399e-01 -8.573965565906628283e-01 -4.033454722323988051e-01
6.155018210673346424e-01 1.129981559543038916e+00 2.056629786165814489e-01 2.261947792792263767e-01 1.163938589004811508e+00 9.545552031328234932e-01 6.176208311341033763e-01 4.125885895028863493e-01 4.803278229003732358e-01 2.915689218597671273e-01 -1.495698630308114341e+00 2.707312213357905284e-01 2.103985226039921663e-01 5.426929043337678227e-01 7.005154778413589245e-01 -4.631960378981312965e-01 2.480301947643120397e-01 4.853574014831087968e-01 4.014446204071000501e-01 1.132957472078435363e-01 -1.144540532450227577e+00 -1.230134202031907487e+00 1.302729464175489404e-02 -2.080582312900091935e-01 7.208733823349343650e-01 -1.305477253076336774e+00 -3.000282122931767770e-01 3.754033269500469672e-01 6.145662397168104585e-01 -7.524281354612458728e-01 3.682266332244418794e-01 -1.282143981158429258e-01 -5.776375486884144372e-01 -8.024706483376671251e-01 -4.555506099669625608e-01 -2.643413013122943300e-01 2.581068500812879196e-01 -3.463658320153465420e-01 -2.157313057675061020e-03 -2.123709663314808094e-01 7.196502829544904056e-01 -8.776279733171007402e-01 2.235396753605230213e-01 -9.702775234796758852e-01 -9.341522265783971379e-01 -8.372148551884895928e-01 -6.730177264602078546e-01 -5.210530167292923842e-01 -3.399578048615305437e-01 2.153823159616786498e+00
1.605349199077252820e-01 -5.504888213954444165e-01 7.286408040591575430e-01 -7.393330178641881467e-01 -1.174725344467042465e+00 -6.069143835017933863e-01 -1.354611559703853274e-01 6.283668752637465715e-01 -1.004230161708164371e+00 -1.817456908655178616e+00 -1.472103859454374275e+00 -6.945243816083269683e-01 -9.788208115936877229e-01 -2.225581268407747615e+00 -5.735980621714031891e-01 -4.605436272565754940e-01 -1.584680286284358974e+00 -1.570447221259005044e+00 -1.501447303387416943e+00 -9.414857919181738310e-01 -1.818786734576174569e+00 -1.398575959961742887e+00 -5.793848634184122215e-01 -1.570629130374617599e+00 -1.532580958841021079e+00 -2.693760509413337889e+00 7.108533477298178971e-01 -2.059260576215828920e+00 -1.894934894374649570e+00 1.848793255648805423e-01 -1.937891098582463334e+00 -1.663659304472845601e+00 -2.212498066560476317e+00 -7.607273842767799943e-01 -9.614017636899585550e-01 -1.210208893537113140e+00 -6.011766454295740525e-01 -1.035258618691706545e+00 -1.495815964583799618e+00 -1.665006737748417232e+00 7.126097532408446344e-01 -1.792891094529122098e-01 6.330110094121540465e-01 -1.079726613469709884e+00 -1.571269578701709024e+00 -2.121274052382072561e+00 -4.714577921791020532e-01 -1.403754446822223612e+00 -7.242057543385187479e-01 -1.115517853216135835e+00
2.143294765074211128e+00 4.820985358947171839e-02 2.037148017798496191e+00 1.768724870849538888e+00 1.201422395761422512e+00 1.754578244726406888e-01 2.136323963985366614e+00 1.993319602530303714e+00 1.380516451894517882e+00 2.371035696150384453e+00 -5.944350932724017378e-01 1.444337019317818993e-01 7.237717453393525124e-01 -5.394413718444950046e-02 9.468085439351914268e-01 6.150199390517911979e-01 1.838922244609509038e+00 -6.417384626975272122e-01 9.389451761538532282e-02 -3.111295440450542182e-01 1.162565772397161634e+00 -3.031460256901550854e-01 7.985662965292472659e-01 -6.856638866507535068e-01 1.374102853164863358e+00 6.447380414015637662e-01 1.732980478899093235e+00 6.602518765958982350e-01 8.845097374531173395e-01 1.920659469155473198e-01 7.530782416225961784e-01 2.677638177103893249e-02 -1.242522933960274134e+00 1.372122172913813554e+00 1.956560097666642184e+00 8.521870928790532540e-01 3.136241991129437023e-01 7.383509321231930267e-01 4.009258366746270563e-01 7.301916829017348620e-01 -2.417239879475056030e-01 -2.365576479110946817e-01 1.018084754888316512e+00 4.798175995363639368e-01 6.685212544751225616e-01 -7.103425547058671297e-02 8.036861211700603580e-02 1.361342069343550731e+00 -8.256539585090769684e-01 2.020763384697850551e+00
8.051178645281764634e-01 1.150796660436472330e+00 4.567178741673416642e-01 1.910099249987374570e+00 1.393649389839742625e+00 2.323058969226689641e+00 1.908580681774385779e+00 1.692450124366490005e+00 1.988251438420370665e+00 1.069328193082950351e+00 -9.162717421348614000e-01 4.671291172595123387e-01 1.106696333418224487e+00 6.057172809518411860e-01 4.724009644956444487e-01 1.340167643249447482e-01 1.430661655405493615e+00 -2.275440762555021867e-01 -1.204736497187582217e-01 1.483160608870490726e+00 2.022058796553400928e+00 -9.865042525727730771e-01 -3.769913298236010624e-01 -4.161691178208766217e-01 -2.532469967893993257e-01 9.071371843389197664e-01 9.322814319566824492e-01 1.069199228100827792e+00 1.001760327998127004e-01 -7.639455857538804580e-03 1.556626418898228448e-01 8.044396682952723587e-01 1.447089976590817173e+00 -9.690361796743847123e-01 -1.436406736400008599e+00 5.006648217790018451e-01 7.286547296097451998e-01 -1.118223193999810405e+00 4.629622989242422604e-02 3.747721404702826220e-01 2.664401399289610395e-01 -2.809028401039442499e-02 1.518542987435164360e+00 -4.700289257014091948e-01 1.046898867654764587e+00 1.647110905601829045e-01 9.993867390357848990e-01 -8.729103015687893902e-03 -6.521792330708745533e-01 1.280221858756699360e+00
1.496548014792103753e+00 2.034003486328769039e+00 5.771325457991582919e-01 2.195648767269673396e+00 7.146275506452117732e-01 6.076409230438963860e-01 -4.809033380856562179e-01 1.180232068229492004e+00 1.522060902576509722e+00 2.090789447212785923e+00 -3.751400155020434557e-01 -2.147418471454489164e-01 -5.136305294082630368e-01 7.966153837321000575e-01 2.826128212748926227e-01 8.057481220303160108e-02 -1.030475044493594394e+00 2.541919029106293748e-01 -1.105141504132753250e+00 -1.215675174237459633e+00 -1.483100366289411831e-01 5.506229409326820340e-02 -1.167538636226558513e+00 -1.051518252698737887e+00 6.790401590818271327e-01 -2.209139873832951517e-01 -1.008401797163878122e+00 -1.271544124669726494e-01 6.734126715809704011e-01 8.413131290302674481e-01 1.053357088350810988e+00 1.228018730676422310e+00 1.214152649698485159e-01 4.421361808860063691e-01 4.141628108850291534e-01 -1.579731104674186037e-01 1.048388760583116586e-01 3.273409224150810592e-01 4.081423137535805656e-01 -5.467457708037392061e-01 3.667963309487426438e-01 1.071715716660581519e+00 -5.588635431383046637e-01 -5.621402926150317336e-01 -1.284696178528889066e-01 3.952794670226110751e-01 4.340788650750128097e-01 -4.857451569508096645e-01 -4.169467014752917811e-01 -4.397649177073069682e-01
1.338716793311624853e+00 1.437337552731086987e+00 1.730690721211506355e+00 1.842671545028709224e+00 7.442083011480598032e-01 1.279593974973769921e+00 3.718018754864186315e-01 5.451318090112566850e-01 1.250819372586179590e+00 1.076052654360656557e+00 -2.859251601440782400e-02 -7.515180991389611154e-02 -1.174675544892819445e+00 -5.300636670372639303e-01 8.500988113756885456e-02 5.821676125031732818e-01 -9.284536618382447370e-01 2.174166184828439652e-01 1.927625900107856824e-02 -9.898814428771313123e-02 -5.007087494594647525e-01 -1.794517295358613873e-01 1.002132591366490910e+00 7.258635071874232070e-01 -1.776804854353602359e+00 -6.119055622534039784e-01 8.536048811996779784e-02 7.481886012875528513e-02 -1.295769389019978679e-01 -5.775769637623430208e-01 -1.267781864166248162e+00 -1.152324256869995178e+00 7.338085031216654563e-01 -4.546959463171899585e-01 3.025289207853339435e-01 -1.034355845449735023e+00 9.098433098162489463e-01 1.328545202820890503e-01 -1.811550706731829496e+00 2.142265744653756576e-01 1.854262450102582838e-01 2.443537727310022001e-01 -4.033959819153448145e-01 1.897972614745560560e-01 -2.098717210189282867e-01 5.001273382164999060e-01 -7.834795185397391837e-01 -4.153750356466079929e-01 7.019739911386390085e-01 -1.297210142852159631e+00
2.096535361595704750e+00 3.902428535294848455e-01 1.407947503725004879e+00 1.901934832141582099e+00 1.026180433531846958e-01 1.357799618704828681e+00 9.272942073494857551e-01 -2.735470473056622609e-02 6.045881180132457455e-01 -1.641966809033317265e-01 -8.066694392833853033e-01 6.509907846425189160e-02 1.390580842777732862e+00 -2.441043393041149034e-01 1.709167984871372281e-01 1.940499006064361209e+00 -1.834802006084164938e-01 -2.380515214013020353e-01 -6.085386471677579623e-01 -3.578561076151012266e-01 -8.391539310785494088e-01 1.338916603896300739e-01 1.086809943613487484e+00 8.710570242689326392e-02 -8.152677906169709665e-01 1.866182782647819449e-01 1.175476498509894219e-01 -6.196424933601142326e-01 9.679391609804696150e-01 -2.221219106159818268e-01 -3.426626525307632787e-01 5.051348291048868809e-03 2.773546799221179165e-02 -4.675781530834385163e-02 -7.701723337933857882e-02 1.144281892594113115e-01 2.299626553356425018e-01 1.522043730001736150e-01 -1.455163094230543352e+00 -1.191374288079172894e+00 5.288942428165864795e-01 -1.364591539899637551e+00 -3.323068679862412750e-02 9.100332260600109413e-02 9.234430005201358371e-01 5.511657240168967853e-01 -1.617546338118530935e-01 1.069229057093896706e+00 6.521704063256994477e-01 4.891288753125606625e-01
4.766944821904071095e-01 3.747899169646384809e-01 2.264345350077357821e+00 1.320231092675940854e+00 1.274318173370454499e+00 2.152720618469422309e+00 2.493844135908200421e+00 2.271749186097888895e+00 8.240406714388099907e-01 6.635483420133125865e-02 -3.883419457184788537e-01 1.397844649589629062e+00 4.270769636104611022e-01 5.262694043887089501e-01 -6.350377183844262419e-01 5.509689153131485106e-01 -1.406192408129162408e-01 -8.236428564715586598e-01 -3.790820517027204684e-01 -5.803595102008646256e-01 1.696119811782165199e+00 2.162148618669637867e-01 -1.452183350574084986e-01 1.645535078681319430e-01 -2.639574652737785021e-01 -4.472219586004551328e-02 -6.709481450759077203e-01 -1.096355015439605340e+00 -6.710668911976582773e-01 -1.507312664441247119e-01 8.893530162386191762e-01 4.243488102199999834e-01 4.879225635784196768e-01 -1.194398594490394983e+00 1.587774276237780280e-01 -3.742256864670657213e-01 9.731408207711066405e-01 -6.021596479707712612e-01 -3.388130524506000607e-01 -3.836262795301187967e-01 -7.689418264902910805e-01 -1.676420958255597782e-01 -3.095593215439406132e-01 5.203476416135971450e-01 7.944990045488694586e-01 1.133311706174567446e+00 -4.488658244453134771e-01 -5.847314233574541636e-02 -3.014687245853143738e-01 -4.920080279716582683e-01
-7.814722329793657440e-01 9.219209695632839541e-01 -8.271057516893258743e-01 -4.118515040308474706e-01 -5.244241726805287662e-01 -9.997524965727873081e-01 1.030415452570004886e-01 -7.284006254742370068e-02 8.483295180894705467e-01 7.326037416250744672e-01 -9.147011626039130983e-01 -8.377041435436720640e-01 -9.568686550256609857e-01 -1.971224236374013783e+00 -1.217501756442827876e+00 -1.435438091490647272e+00 -2.147222759270450254e+00 -8.129376699206036783e-01 -1.013811104894239090e+00 -7.771501814995336599e-02 -2.704203628465161602e-01 -1.195332647093881873e+00 -1.092870530915435179e-01 -1.649937386829375852e+00 -1.662202049847375074e+00 -1.246442200378815590e+00 -1.261663168372286092e+00 -2.218385817948809180e+00 -6.894398526777238967e-01 2.325115629037747267e-01 -1.118189472909919324e+00 3.642633770663603054e-01 -1.240613766622922221e+00 -1.833875503651162475e+00 -2.060049541201370182e+00 -1.485178265295587385e+00 -2.045068880288399615e+00 9.139894625053480992e-02 -1.255598486835815875e+00 -3.870271761224440277e-01 -1.388746005100404135e+00 -2.236547582068800111e+00 -1.422036470315006573e+00 -1.025242777608958988e+00 -4.460116384075110130e-01 -1.211648433224509214e+00 -1.157596386686175816e+00 -6.222002693610722002e-01 -9.322624471067597618e-01 -1.062029615802847049e+00
1.083343178268549201e+00 2.023008206742075155e-01 -3.321698759330753425e-01 4.228089910439107868e-01 -1.786990480490287858e+00 2.424978755657936080e-01 2.789175486168393725e-01 1.096566521802400551e+00 1.815901087162703487e-01 7.827551031667417947e-01 -2.447071473373628070e+00 -1.407631558127917515e+00 -1.142163944464833936e+00 -1.769907087570723458e+00 -7.651209424006837345e-01 -1.553947126529658274e+00 -1.249372106971116253e-01 -1.777513784394005203e+00 -2.033524332718901650e+00 -5.361531786744463401e-01 -1.138168450855032710e+00 -6.243391493106922319e-01 -8.943020054222551307e-01 -9.014263064343895904e-01 -9.530226531611325491e-01 -1.348687100131564343e+00 -4.517582804964158094e-01 -1.020195205404843097e+00 -9.208349656497113456e-01 -8.524049764843648624e-01 -1.038867487119182309e+00 -2.711054966645356945e+00 -1.513762674397116870e+00 -6.523003013982161535e-01 -2.013811718763437675e+00 -1.599647383595956152e+00 -4.012646123706389290e-01 -8.358660217207740661e-01 -1.900564985241693927e+00 -1.831255818468145558e+00 -1.061638144227093017e+00 -1.921315251730962181e+00 -9.489659454297161290e-01 -9.752916987428317253e-01 -7.102836478500316186e-01 -1.239659817345597492e+00 -7.644387480319421169e-01 -1.528231806277122296e+00 -8.265380852210869600e-01 -2.016311279451108884e+00
-1.485731200670528107e-01 2.492957028107244399e-01 -1.629492613003067358e-01 1.080860683293057400e+00 2.358533766385785269e-01 5.085370336868519914e-01 -1.218458237837747760e+00 -4.314597570279488092e-01 5.401377026634464062e-01 -3.882348550180636515e-02 -5.619400265764638025e-01 -2.627211291825458095e-01 -8.055472160800849490e-01 -2.234913019466643114e+00 4.904220696058130269e-01 -7.463072182522493270e-01 -7.580431726044721819e-01 -7.806108597277594541e-01 -1.312513325281544185e+00 -8.408162470051853132e-01 -3.208154854180843008e-01 -1.174241109862850907e+00 -2.748871887339662812e-01 -7.750547201338617853e-01 -1.294824645499054405e+00 -4.321988670594038573e-01 -2.879868426926631697e-01 5.316028376151150647e-01 -1.101814641457940391e+00 -4.970624462897344498e-01 -1.180797084132913621e+00 -7.770559721559981980e-01 -1.585132875323791657e+00 -9.979692039327519026e-01 -1.272096564599718205e+00 -1.385967722475979880e+00 -1.185584483788186372e+00 -6.081422930109340319e-01 -1.110398001967151105e+00 -1.650208376664353827e+00 -8.852034337545284792e-01 1.250760233413676925e+00 -1.084798138713688909e+00 -2.780168339331244853e-01 -1.096516052018497334e+00 -2.782099050261007123e-01 -1.158771479657272341e+00 -1.066267597893465480e+00 -6.651747530998538549e-01 -5.960106165266245704e-01
8.372971815595839917e-01 8.442461311742815999e-01 1.376981646802774018e+00 3.498451998162879217e-01 1.173161249967346276e+00 7.321378000569855882e-02 5.362131071540379157e-01 1.114684134535155691e+00 7.829076601095262822e-01 9.767377426408888619e-01 -1.752883483302490331e-01 -6.016894007548269085e-01 -1.142850291819223374e+00 1.644819476315194096e-01 4.151600569690107601e-01 6.947537611703609173e-01 1.011731122737480615e-01 -6.277453839148815495e-01 -2.146737337817978264e-01 -2.681912376595610992e-01 9.259605599188591718e-01 -7.670499885009667285e-01 -4.715891946049002303e-01 -6.206473702632122613e-01 -5.171734980841529161e-01 1.520979792686202037e-01 -6.123402910983204439e-01 7.082776572036226792e-01 -3.414836345078935964e-01 1.219530736775769758e-01 6.035716259030230457e-01 -3.402292610673282036e-01 -2.088076338702573864e-01 -9.056253025802023515e-01 -5.526729747263678938e-01 5.773492571431420028e-01 -3.286746977140093118e-01 -6.221810721692795365e-01 -1.763923077010431384e-01 9.178143903360257427e-01 1.146111330419655516e+00 5.341005929231876781e-01 6.011660376729007771e-01 6.411268422910583464e-02 2.400531837345719066e-01 2.313048852627217766e-01 7.965535147829055918e-01 7.888345965210266098e-01 6.040972650161732238e-01 7.418127986316389033e-02
2.513460968482982061e+00 1.177765273973850668e+00 1.840923663836831814e+00 1.126837490693900934e+00 8.200258183649076216e-01 8.737223881626741129e-01 7.816283920909726790e-01 8.677905482243313262e-01 5.922181116956162228e-01 2.552093263049654226e+00 7.854163290059591740e-03 1.082833133354746291e+00 9.222215483113831436e-01 -4.406008573176440485e-02 2.729836147012558722e-01 1.821146371760840932e+00 1.769807042420845633e-01 7.093543261160704105e-01 5.399460461835596803e-01 -5.545158058216210772e-01 7.905637476478700743e-01 6.897412129454120189e-01 1.688825456175337081e+00 1.232916970205418794e+00 2.197104532185910397e+00 1.691386630758341170e+00 9.318979953435242436e-01 4.927141264294188638e-01 9.196411581041579186e-01 4.165041633008231270e-01 1.322740638279379599e+00 1.606253343165541025e+00 1.115098690944530263e-01 1.300738007195181289e-01 -1.243907819414627469e-01 7.219162529130972450e-01 7.039108010226757806e-01 1.651604458786526675e-01 6.212585416063464150e-01 1.179199495683448173e+00 7.339263055438380867e-01 6.281284907012507635e-01 6.903013678879940107e-01 1.335789683790771509e-01 1.264496555810716627e+00 1.238356372868315347e+00 -2.369370023725824725e-01 1.054229430760204034e+00 6.666656444766071443e-01 1.229464568158743498e+00
9.307607328774991640e-02 1.602428542898196806e+00 2.076152734397791910e+00 1.392239955334390045e+00 9.643505088872909026e-01 1.729534525874099060e-01 4.544112901869732379e-01 5.228409817640431445e-01 -1.994070113498647157e-01 1.989401913118112653e+00 -2.073610627048062816e-01 -1.248258330520887860e+00 -1.216721724724306730e+00 -6.497746199915844789e-01 -2.388138996646937684e-01 1.095724848498614401e+00 -1.107368395643301362e+00 6.729735511016793348e-01 4.860575722029468748e-01 -1.577256511542686479e-01 8.812727104342755746e-01 -3.183527016489756667e-01 -6.076681675917964265e-01 8.658979246591075318e-01 -1.693959432826568912e-01 -4.993292402935923802e-01 -5.163232342742677394e-01 4.094386870760878538e-02 -3.465140783506197586e-01 -6.492072720606979486e-01 1.229775759332649265e+00 1.298392037444397129e+00 -2.695117489494253810e-02 -6.559668544104734211e-01 3.170579666487904347e-01 -5.482209807828296588e-01 -2.921698714995920598e-01 -7.952777307206911894e-01 6.453000819500578911e-02 6.309474351897178535e-01 -9.840019445372827356e-02 -4.261685041023853815e-01 4.471320548819120444e-01 -1.358591718814340377e-01 1.093349810136657663e+00 5.676317506228395482e-01 -8.136401468417381322e-01 1.677990019316331072e+00 -1.076548320312298523e+00 -3.783970389037496496e-01
8.353100970364952804e-01 2.435962060827761011e-01 -7.552857561939783082e-01 -5.159766393871123569e-02 1.156721624747073518e+00 5.268059012319469270e-01 4.501965227709159301e-01 1.047898859143630457e+00 1.677159471558427262e+00 -5.072523084476205923e-01 -2.154686417587040048e-01 -6.276967839176428310e-01 -5.407642691019031167e-01 -5.716340658181379153e-01 3.916677699013824676e-01 2.481750281713139550e-01 -6.251482369346772483e-01 -1.372485661736906337e-01 -8.214240494459567055e-01 -2.619250613014095119e+00 -1.013740922259365407e+00 4.032465911167631978e-02 -1.367095898409579569e+00 7.056380029686189215e-02 1.904546313896639254e-01 -7.927924473309928555e-01 -2.445486022237470247e-01 7.761306114842753123e-01 -1.369161888048720244e-01 -7.264589007375208407e-01 -1.753311492769511926e+00 -1.623381848894979163e+00 -1.161524439964745303e+00 -3.328501398312144199e-01 -3.352079795142062779e-01 -8.874753039511313890e-01 -6.327572766424218731e-01 -7.016441761852156844e-01 4.436481598210424981e-01 -5.461790987899738381e-01 -5.914167047037486302e-01 -1.574710938834443519e-01 -7.308155092793550134e-01 -2.795721773842563262e-01 7.163789055431475650e-02 -1.554861932984824335e+00 -1.128622644938563013e+00 5.204475270872847004e-01 -6.451427213231029079e-01 -1.214634361089663495e+00
5.165957649899177717e-01 1.037032416664271040e+00 1.170687275317934262e+00 2.192368659789315721e+00 1.288227405589835506e+00 5.450016288840560108e-01 1.436110925709092268e+00 1.632081892046225668e+00 1.456233275764548196e+00 2.125775297004863340e+00 -2.070609173063759911e-01 -4.951452146257104801e-03 9.518462890154745226e-01 8.264101376640409224e-01 6.014470525681193669e-01 -9.570351015448269605e-01 -2.377687053166278597e-01 -3.805875167346375321e-01 1.133882243778928878e+00 -3.060649806942065121e-01 5.252224561044586126e-01 -1.792817157948448092e-01 6.413558500961142883e-01 1.059187033687196688e+00 8.389488901304895663e-01 -2.345068585467480204e-01 3.456449865208419125e-01 6.060583851652271425e-01 4.010164202333592609e-01 -6.243755583214438687e-01 -1.778218670131663570e+00 -2.854920515388980617e-01 -1.950511723991634749e+00 9.926825895909553721e-02 -3.583798351509959179e-01 -3.197456271772844971e-01 -1.871265797232971373e+00 1.434216724139908972e-01 -4.630380707810972662e-01 -1.514339982097231641e+00 -1.151494304910516631e+00 -5.703907481138100755e-01 -6.946012514764542123e-02 -3.837762642266315943e-02 5.325144671519377315e-01 -5.389086440011285895e-01 -8.772494095118384960e-01 6.770192354941685364e-01 1.851390280041504965e+00 -1.455247474903374472e-01
3.081899328276838546e+00 3.307312942073227013e+00 1.171582533038148632e+00 2.742155597650035581e+00 2.717084007409421353e+00 1.347442171642133868e+00 1.886338976146563651e+00 1.697649182295524639e+00 3.238656488657869925e+00 2.640758006523674872e+00 4.647944034304314909e-01 1.239958462785875071e+00 1.861313871616878668e+00 9.694075361518116329e-01 1.017435414083256301e-01 2.985053253433385123e-01 1.055577097334748027e+00 -1.084134262947407390e-02 6.950177648450882595e-01 1.032974252539914151e+00 9.656609906808865107e-01 1.902625640381707006e+00 2.501141430490742001e-01 1.385279962928677611e+00 7.253890098668276665e-02 1.925641030856016123e+00 1.939042369946931244e+00 2.177863243854820663e+00 6.109175393018670963e-01 1.010417223952692956e+00 1.378254928294783355e+00 1.088233091326823443e+00 1.325724037284741641e+00 4.185391869416975053e-01 1.544888701253720464e+00 1.330153870413700368e+00 1.134697925461518875e-01 3.881346795644690650e-01 1.279394864898770301e+00 2.024299550543458892e+00 1.322996568191652678e+00 1.811020635696375836e+00 1.631117969411842061e+00 1.496112092213900957e-01 5.809116343726312692e-01 1.482200397750945475e+00 2.090884757096226121e+00 6.677715069807296233e-01 1.499257473636679494e+00 1.160982938892376026e+00
2.294792082756813123e+00 2.044047078987554222e+00 2.360860636792384781e+00 2.492364236322681670e+00 4.960923756090311887e-01 2.920859918861379079e+00 2.246019340593210067e+00 2.484621393876689233e+00 2.620607814300838001e+00 1.837310360910932028e+00 1.264435115767944096e+00 9.405050837878916603e-01 1.981289516646393079e+00 1.216031747748155700e+00 4.767762065946052341e-01 1.606964709984433526e+00 1.335657597212501546e+00 2.538827639958074478e-01 1.457819524213902707e+00 2.303650580791605673e+00 1.488361932978666813e+00 9.270889710195964195e-01 1.593224065414974300e+00 8.421536129414723959e-01 1.531581131980648824e-01 4.270505928094879278e-01 -6.984853761447026854e-02 7.705830855527967538e-01 8.537177975200128666e-01 1.397149719318207861e+00 8.439078996289978152e-01 2.710977393113444212e+00 1.522976717700724292e+00 9.054881696574080818e-01 3.868837245539867298e-01 -1.190485985695303589e-01 1.736733579354528212e+00 6.145081205035018979e-01 1.849966918128859383e+00 1.364077507760093511e+00 1.001916137713749100e+00 1.042845259867873686e+00 4.062454871183264482e-02 1.458210488251437509e+00 1.083176272326590750e+00 5.335115535243919460e-01 1.201707185710990444e+00 9.222669974943292770e-01 4.878569932440207646e-01 1.548708620539686498e+00
7.070231890373177563e-01 4.809771694330908787e-01 1.356722866026445651e+00 1.796940908163644490e-01 1.187556533234117140e+00 -1.104994255944366177e+00 1.055863855758984782e+00 3.984917832825016770e-01 3.058545294858254771e-01 3.958889586348172118e-01 -9.020399618945876274e-02 4.155055025572698679e-02 -2.802499495548578801e-01 2.746463680884417835e-01 -1.092499647732064094e+00 -1.811805188307643311e-01 -1.493146615308923730e-01 -3.010299119664844869e-01 5.097841658910670648e-02 -7.439773580615886006e-01 -5.148514614262473810e-01 -5.959737907980107163e-01 -6.896565324076788794e-01 -1.322809247334314209e-01 7.316588146272707815e-01 -7.106022712076688341e-01 1.683306647666073519e-01 -1.548040291446094674e+00 5.254875456195691186e-01 -8.333263069959996328e-01 6.880001374889822552e-01 -7.015567266372833011e-01 -4.818820875721083197e-01 4.419025196510440456e-01 2.148958248089048728e-01 -7.708228115483013732e-02 -7.363114708660332131e-01 -1.381686884147069305e+00 -9.117569689634831276e-01 -6.888874954543148244e-01 7.270897175551420677e-01 -9.962966329726672399e-01 -7.641647404128090182e-01 -8.084901277889937621e-01 -1.541890653203101813e+00 -7.220236749196108361e-01 -2.920224501329984901e-01 -4.736622510189565649e-02 -1.000651336296329630e+00 1.015352902060493001e+00
2.689400752459669697e+00 7.022157146650461756e-01 3.243749526433781671e+00 2.906560983719369773e+00 1.869354600829210122e+00 2.074226015238679111e+00 4.660752566336351377e-01 2.265281063634389636e+00 2.414913808348764235e+00 2.977914984525409370e+00 7.529415708473439217e-01 9.635076480404856092e-01 5.221916580770624705e-01 6.729643476493177845e-01 1.936406417214592279e+00 -7.182630804234717559e-01 7.686995409995096562e-01 5.981952325141504101e-01 8.334474134990038641e-01 2.036717676969989732e+00 -3.420046168537108772e-02 1.332703341073681269e+00 9.273973111198877683e-01 9.377121720100326518e-01 1.375970901952409786e+00 3.428803979630420939e-01 6.292229007371488159e-01 1.090799561630243275e+00 1.081298947533283483e+00 1.176381593175939155e+00 1.760732844086667193e+00 9.344032298595870145e-01 1.335685701115737478e+00 -1.408747654526395221e-01 1.570003244241632956e+00 3.182242698267791492e-01 1.286873313156405185e+00 2.081586561470387675e-01 4.443846319151725233e-01 1.377718306654560854e+00 2.053639596203762352e+00 2.709490525322572285e+00 2.147839803965735594e+00 1.016154043182001754e+00 1.467975541955583552e+00 2.022004335601608194e+00 9.180546719347106865e-01 1.333136410328825461e+00 7.405611705606550688e-01 1.411331368629365202e-01
-7.046205718695319753e-01 -3.799571230470397687e-01 -4.562409007006567041e-01 -2.271747131573900180e-01 -5.426627172595228643e-01 -5.960922713334559919e-01 4.928186064649620057e-01 -3.895387558180571919e-01 6.232606427274836047e-01 -3.583980670607449515e-01 -1.382704377257382822e+00 -1.075035685344557956e+00 -1.622023860302678422e+00 3.071593258538433679e-01 -6.851411801081911390e-01 6.881296723212653177e-01 -5.552351040394952753e-01 -1.579134647770171318e+00 -5.374414478017555119e-01 -1.244308800576182650e+00 -9.167737174185798255e-01 -7.509244819126755788e-01 -1.531716795651382856e+00 -9.792238055299113952e-01 -1.809089922767041614e+00 -1.920776611991481975e+00 -1.431136998404323402e+00 2.522705904082440942e-02 -9.679946307454467824e-01 -1.529230823312900611e+00 -7.387001966243216255e-01 -1.535794898011690224e+00 -2.037525967806721017e+00 -1.576464456758442712e+00 -3.151936986505665672e-01 -1.059143197029084993e+00 -1.036591424874927725e+00 -6.332453375831461617e-01 -1.211136162263122706e+00 -6.160601628092515769e-01 -1.554712836774571338e-01 -1.152340712970880698e+00 -1.921282406272801779e+00 -5.149594845189803261e-01 -1.300951417384526243e+00 -1.845911556102502349e+00 -2.591654758425876892e+00 -6.413857782475775038e-02 -4.958648127322350802e-02 -3.855420062789070568e-01
3.870583770110374466e+00 2.499233670749079650e+00 2.981872953445598995e+00 2.364821612088769953e+00 3.200476394411384540e+00 3.286418394675264310e+00 3.021695241907812246e+00 2.417560471063873173e+00 2.580688105308764690e+00 2.783212399258182757e+00 2.897360034201096113e+00 1.277291482436631487e+00 2.043670206714309767e+00 2.834895606658949241e+00 3.506996378612441845e+00 1.289202446586851458e+00 2.158541711440963518e+00 1.876127300071490200e+00 2.472351836168614092e+00 3.942916542698156501e+00 6.253050315463042352e-01 2.261780025658551629e+00 1.818547250994037912e+00 2.863279393575748344e+00 2.584234502629572106e+00 2.055920048838602909e+00 1.959262591737055414e+00 2.479284699195015929e+00 2.041747989001999386e+00 2.508527097572661013e+00 1.544198662803378364e+00 3.131437415453341089e+00 2.652211176949093474e+00 2.506334830254555612e+00 2.842342592221174691e+00 3.231476013073229847e+00 2.990585361727971403e+00 2.785341871993510576e+00 9.420757600774731788e-01 2.994578267599441013e+00 1.803435715299094078e+00 1.299766488889370075e+00 1.033942913388208318e+00 1.380250934648995287e+00 1.488239226880101684e+00 1.474767480773192529e+00 3.039805218418030641e+00 3.452239391480230069e+00 1.663103443256588099e+00 6.690010952688827395e-01
-3.659931047681719285e-01 4.701037170502998519e-01 -1.299491467915725451e-01 -4.452822895231691724e-01 1.730909182635631538e-04 2.822399459810390754e-01 8.857367791459794804e-01 -7.219110289830099614e-01 -2.883831578102464821e-01 1.108881698701899454e+00 -7.684797591078277312e-01 -1.874769472376591528e+00 3.703770189552360037e-01 -1.037355975019387477e+00 -8.366849434686119968e-01 -7.286747159721604916e-01 -1.519655082612530739e-01 6.304758813745806600e-01 -1.533373765818593304e+00 -2.436445618299182547e-01 -1.486581999533920007e+00 2.216776801787839063e-02 -7.880826512538734452e-01 2.104465912255027993e-01 -9.988910690306092022e-01 -9.200474031992488255e-01 -7.123032811387813856e-01 -1.379064242895255976e-01 5.785378525368729541e-01 4.329343804162543718e-01 -6.737920439418401131e-01 -8.786318908208733403e-01 -5.228621392281593838e-01 -4.735438673215690009e-01 -1.080710309052076712e-01 -1.526615974677520526e+00 -2.019345559365968990e-01 3.429418639065937580e-01 -4.117340914718223277e-01 -1.589940396332062411e+00 1.698707711237157358e-01 5.814367405035709702e-01 -2.271274201456992881e+00 -1.159759186742150616e+00 -7.208184872156981893e-01 -1.133676620703351734e+00 9.277527612661681244e-01 2.057724665905658890e-01 -2.447512122616894714e-01 -4.021743661578859319e-01
8.961470733997676241e-01 6.211532974378819461e-03 1.718149269607395446e+00 2.689915604905577240e+00 1.985497853230651755e+00 1.955929125052260575e+00 1.450784167192775254e+00 2.095776102439618427e+00 1.466205209885693250e+00 2.019343153326491169e+00 5.213824906468208509e-01 1.290649399263473329e+00 1.888790281490757283e-01 1.043364456845738593e-02 2.555411317778870650e+00 1.214754743474097509e+00 2.667901512209531201e-01 8.581812263563048937e-01 5.048368193226475675e-01 -4.147008657141335042e-01 2.797450311024867742e-01 3.238460774387035834e-01 1.264732597769722133e+00 -8.072834712318340822e-01 1.924185792421629460e+00 1.010057211530257515e+00 5.116642839712882695e-01 -1.001351116788911089e-01 -5.416228139501012562e-01 6.844775725332743477e-01 3.237670615638275629e-01 6.168477456261494130e-01 1.348883994011171317e-01 1.300154448533920037e+00 -3.944635322450444348e-01 9.659070072810613805e-01 1.168429521701879858e+00 1.928783734851074572e+00 1.016671162943354689e+00 9.459268375716052280e-01 1.840312412791881291e+00 -6.360985429036848382e-01 -4.304777497370624317e-01 1.365920795248745323e+00 8.544717977162447076e-01 3.064384238409730288e-01 1.066006494553279671e+00 3.613487553064970159e-01 7.754049366815133348e-01 2.412593991243374980e-01
1.545822702180769781e+00 5.789356430765796313e-01 1.900629513306356655e-01 3.248332756534414445e-01 7.378930555848683959e-01 -9.233950069843130937e-01 2.182787842409336321e+00 -6.930286364033984015e-01 7.680771212697776740e-01 9.779379582594057707e-01 4.990127989222452598e-01 -3.078814108258279281e-01 6.391736705392636608e-01 -1.363328313675302494e+00 -1.110839812321172015e+00 -1.938136074182915225e+00 -4.011349408253594429e-01 6.273300289654637485e-01 -8.045836479307433287e-01 3.252730754432919813e-01 4.184382172306808645e-01 -6.326180048900437169e-01 8.748553676501323595e-02 -1.896319291387406070e-01 -1.119602290874892603e+00 -1.513284378814465425e+00 -4.535327301166309222e-01 -2.724989071228596793e-01 -1.139933266957503744e+00 1.036130124684324860e+00 -4.642979506813275647e-01 -4.485001201700526963e-01 9.255484520211122446e-01 1.510747406258662780e-03 -7.755690511100145068e-01 3.264215020994754024e-01 -1.169756835177045540e+00 1.601078511630047996e-01 -1.346125898510410757e-01 3.348753649264997190e-01 2.939833474442315464e-01 -1.446004302808160169e+00 -2.436079364032604500e-01 6.081924699402219137e-01 1.319681311161032544e-01 -9.083780532850004308e-01 -4.972296069639609573e-01 -1.468574119323922955e-01 -4.333838571355348446e-01 -7.806845475613983787e-01
-7.412178315326467537e-01 -1.710897340857961968e-01 8.353622895151681105e-01 -1.856652906809791226e+00 7.129003662293007526e-01 8.184168862783984810e-01 -1.109803714034919508e+00 6.755497826778054105e-01 3.643477382462956271e-01 7.026272555737320680e-01 -1.108970525441544508e+00 -1.196972121648974596e+00 -5.613472069192216862e-01 -1.449864163563129082e+00 9.420181569831001522e-02 -7.040668775544961511e-01 -4.066343233016256331e-01 -3.100096138719116157e-01 -4.814762800992116176e-01 -1.239774922887933783e+00 -1.542459429798609838e+00 -3.253697355135203306e-01 -1.369336904333222638e+00 -4.962714393504724653e-01 -1.559146412652795410e+00 -1.137857962787616195e+00 -1.968412073469010926e+00 9.768163176654479640e-01 -8.185790455008294941e-01 -1.092547218648800111e+00 7.303068134432277869e-02 -5.116825875850466998e-01 -1.304349331016727342e+00 -1.117944768548235990e+00 -9.250084674969036858e-01 -7.171814938490723712e-01 -1.960549782349868098e+00 -7.269867869531172928e-03 -1.397483208063025950e+00 -1.035343589971379652e+00 -5.004999400017466904e-01 -1.477994400658507956e+00 -7.837503155197514948e-01 -2.054426238244173142e+00 -1.891157768770614700e+00 -6.571245986315067400e-01 -1.431469614343435781e+00 -1.494753339909346002e+00 -1.132481707883755684e+00 4.285020345126012709e-01
4.120412209356807409e-01 8.596941305904137742e-02 6.136887445381211670e-01 -1.272158481478455450e+00 2.166712891730537827e-01 -9.599868405101890101e-01 -6.595678548794203788e-01 -4.189596171914500289e-02 -1.829467993961471084e-01 1.183916666727437006e-01 -6.446512428442903175e-01 -1.087961840199529906e+00 -1.450857764065198063e+00 -1.761873077083299766e+00 -6.354993521436284043e-01 -1.948400766372253123e+00 -3.266293708384736538e-01 -8.513880141068014273e-01 -1.458347545108074295e+00 -4.203941686934750122e-01 -1.203071572454094129e+00 -1.282161827492500406e+00 -8.432755255964053953e-01 -8.808117804772700454e-01 -7.284578905341529964e-01 -1.058934215311650551e+00 -3.260853998203729009e+00 -1.590598323623118704e+00 -2.293653674457317992e-01 -8.795346897356367544e-01 -3.465553448824320038e-01 -1.195492455524223008e+00 -1.994691853994753128e+00 -9.094975597590917449e-01 -1.353285926928256222e+00 7.283732513533271169e-02 -1.421691798041442745e+00 -1.547845791794079773e+00 -4.578238408490177824e-01 -1.798521381043859613e+00 -2.260592578203783010e+00 -1.521795104279029864e+00 -1.384968405021101301e+00 -1.426230447175045546e+00 -3.548067713681207769e-02 -2.101250842124249146e-02 -8.346331315906984072e-01 -8.865112877613540165e-01 -1.025199254048487552e+00 -1.537776750141747639e+00
1.218627601148525308e+00 1.056215194881224173e+00 9.994651359294605131e-01 -1.711555196977965210e-01 1.203563483445853510e+00 1.251504603495821932e+00 2.514922686459827972e+00 2.824559464654415208e+00 1.624102837778071518e+00 8.300760455699844886e-01 1.526976157220945873e-01 4.075004728746763338e-01 -6.759930599947474583e-01 1.356107735417098337e-01 6.188467423134124124e-01 8.415827218139121380e-01 5.372059005092234552e-01 7.114697487316427038e-01 -5.872206801610878601e-01 1.833997602767311941e+00 3.905388533489492775e-01 -5.714328157660878565e-02 -8.142011173145796699e-01 3.736961049842569826e-01 2.312138932876561109e-02 5.486732205792679284e-01 7.438541070337336691e-01 -4.894178703510581596e-01 -9.250958881921632626e-01 -2.795658183338516345e-01 7.781481025946923591e-02 -7.107242710777146311e-01 7.214923140555735692e-01 -3.037664646105786570e-01 1.557710985516994918e-02 2.216884911139705983e-01 -1.161957936810129155e+00 -2.027675297679685240e+00 -9.938992321739886782e-01 -7.321605225504905778e-01 7.341092569964173808e-01 -1.535023770229857698e+00 -1.700235487681670682e-02 1.326493239905091603e-01 -3.495913371761364408e-01 -9.754768661838165711e-01 -1.624304602999471769e-01 -5.761704525239706998e-01 -9.789791592966929912e-01 -7.496282471672069958e-01
2.672888603691214726e+00 1.267707932228512302e-01 1.007093647434889938e+00 7.898865484145636273e-01 2.305816704893310920e+00 1.514200300432019031e+00 9.192391149703416087e-01 2.573345606441983513e+00 1.485059632029977594e+00 1.529062082044994941e+00 -4.440198618719400914e-01 -4.748688988157471202e-01 -1.535062021560313905e-01 7.724358541708312709e-01 3.896313093593791188e-01 7.687633135948109819e-01 8.368310227055421047e-01 7.068892065438242556e-02 -1.584097584845921280e-01 7.829105687021696847e-01 1.441792063445477723e+00 2.428805521625590214e-01 6.997802820711991334e-01 -3.717777607273238250e-01 1.682182129935974269e+00 7.356436937201407122e-01 -1.127399316915337624e-01 -4.460539555180152993e-01 9.141309885946445890e-01 3.375014823109960260e-01 1.666058405949339294e+00 3.310545972965187600e-01 9.264782802648530158e-01 6.426133945067641351e-01 5.473870647175411719e-01 -1.166796431325946570e-01 5.941052528537460464e-01 6.038175681604663891e-01 1.010498107162254078e+00 1.768668953027450197e+00 -2.211294357472959049e-01 1.636138163948137159e+00 6.726339312733105487e-03 6.264896994322517454e-01 9.351117440542179304e-01 9.074193929200503606e-01 1.443131735764372925e+00 8.121278510033419495e-01 8.959646684603694844e-01 -3.560251436917687973e-01
-1.807083314416348951e-01 -2.844790981373728211e-01 1.985556757083393187e+00 1.281398169557463884e-01 -2.157070235729310337e-01 1.338942839027403631e+00 3.991772210087632944e-01 1.060606732310976907e+00 1.548932312304575065e-01 1.120266522476385251e+00 5.046213583232928013e-01 9.517864033062582996e-01 2.828815754957795803e-01 2.851986056295879313e-01 -5.143763656440869525e-01 -3.291899326790423963e-01 -5.850668364129463228e-01 8.127281955149666670e-01 2.722795447622664566e-01 2.903952707903453834e-01 -7.735345768447035031e-01 -3.526904356705350130e-02 9.442469553443014751e-01 -3.002907148034932028e-02 3.633066148640116677e-01 -3.611013759582138438e-01 3.408678765083080209e-01 -6.517671005584410038e-01 5.562547888112320260e-01 -3.292232818341689349e-02 -4.167252288827001938e-01 -1.133423513384011372e+00 2.673006590249101810e-01 -2.347153886229501607e-01 1.061158031746118668e+00 -6.229259662194867181e-02 9.562878506698813119e-01 3.973294205094955039e-02 -1.077448508771848168e+00 -5.115627829894510148e-01 -1.346347869001428110e+00 3.426304326598658134e-01 -5.626398377789079142e-01 -8.483708385786500328e-01 -1.688037671886236435e+00 4.772434775679328944e-01 -9.121079236426613557e-01 5.034088140711581172e-01 -4.419992558848033215e-01 8.819292307272740272e-01
5.780786867044729327e-02 6.594941551798698676e-01 -4.683206454935728846e-01 -1.827941626709117529e-01 8.441883546711210773e-01 1.718632313578006832e-01 -5.344108303840209295e-01 -6.082600388130672275e-01 3.346053975382634604e-01 -9.569853484993395831e-02 -1.432083431956370667e+00 -2.058114586664317791e+00 -9.236969241794066310e-01 -1.530685097538501349e+00 -1.558584282332204474e+00 -9.599038799964544344e-01 -1.262426784520918721e+00 -1.555395652444438115e+00 -1.683094493773136247e+00 -8.299843474643487928e-01 -1.431706497588763005e+00 -1.586288001738198394e+00 -5.704557726132641893e-01 2.668605448868634489e-01 -1.041439070619115892e+00 -5.725589150347248912e-01 -2.244455087655083503e+00 -1.988119455582993966e+00 -1.838126067253256224e+00 -1.187663135080484489e+00 -2.318925327407874271e+00 -1.379335366117609540e+00 -2.065067318539069330e+00 -1.194995685199500723e+00 -1.249141324898319860e+00 -3.465937943694651135e+00 -1.282767487005231466e+00 -1.104119162966705092e+00 -2.127841906584800213e+00 -1.660789476690154087e+00 -2.160409383194254129e+00 -9.396844574776688219e-01 -9.178819202807505517e-01 -1.232045062666186963e+00 -1.672126049671605275e+00 -3.641442887895449121e-01 -1.014969313966818554e+00 -8.719651837440017816e-01 -5.880384984195793363e-01 -2.044397184969990455e+00
8.575323352697878931e-01 7.398257499477347565e-01 9.823913587519113033e-01 -3.186533924910681659e-01 1.210946853763670505e+00 1.818576196572374126e+00 8.853636299007756616e-01 1.873898722240914250e+00 7.754780622429788828e-01 1.924723288385472575e+00 2.114618451126817900e-02 -1.509567602246761231e+00 -8.250142079749634982e-01 1.061407586576619044e+00 7.273770356018285366e-01 -2.424914982883858566e-02 6.301827059895148686e-01 8.357540996209245066e-01 9.619469620700992207e-01 1.195448721922751423e+00 -1.281232238338113838e+00 -4.126063313351538975e-01 -3.295152487071849323e-02 -1.005866129966231037e+00 -4.486171799232637758e-01 1.021982290473282262e+00 2.867553056793745170e-01 5.404156958754152695e-01 -4.648982290548265284e-01 -2.961731765042704412e-01 -2.397673033036031714e-02 6.749649652219283924e-01 3.389775866385233427e-01 -5.649572500085295879e-01 2.136211450681805013e-01 1.717374789596112006e+00 7.061200076465988795e-01 -3.278279838799165735e-01 -1.296697955136458802e+00 6.381314201177320511e-01 -4.668389434235101776e-01 3.163092868584472250e-01 3.403590695751526445e-03 -3.736169767595143854e-01 -6.581216962048594965e-01 -7.626113225735189349e-01 5.318446450641922674e-01 1.136060011956391697e-01 1.391974729048342796e-01 -4.324978793754426509e-01
2.752322834358321701e-01 -1.722201314225271229e-01 -8.640285869762078796e-01 -1.208261116525352730e+00 7.205403754523824755e-01 6.041454968902135736e-01 6.043337256280914005e-01 2.469547878224598314e-01 5.408824542491503795e-01 -6.202141203814279802e-01 -2.678181356521145973e-01 -7.588375208848274767e-01 -1.000627976360941140e+00 -1.370341581271528886e-01 -3.814464009397119937e-01 -9.642536869677014177e-01 -9.641725299777639258e-01 -8.952444748900572069e-01 -5.278904011441929445e-01 -4.070386050333940076e-01 -2.391048310433325330e+00 -6.095714004540038200e-01 1.321382169697304099e-01 -1.211109958625904648e+00 -1.158833367098603961e+00 -1.739293839888115034e+00 -1.481730429429395146e+00 -2.092526794439051874e-01 -1.177441094758665097e+00 -1.345986136617046469e+00 -1.044072605760299144e+00 -6.880564695105962914e-01 -6.387437424856393653e-01 -1.249890611693033948e+00 -3.790405020686439808e-01 3.331221423109507196e-01 -1.090720109171312346e+00 -4.440273520078854425e-02 -5.712353309593791728e-01 4.210074663909957882e-01 2.438898394164158434e-01 -1.541856713532703704e+00 -5.199508642415112680e-01 2.945359733489961718e-01 -3.735803767662119745e-01 -8.591863660664094127e-01 -6.020628633484990111e-01 -1.074054665258925123e+00 -4.272336372038467583e-02 -1.635047148479364720e+00
1.028882349054996759e+00 1.123975053660052570e+00 -1.199892833901092359e+00 1.776052635562703763e+00 1.091340339146090077e+00 1.526645361542235735e+00 -5.802679983542380349e-01 -6.069541403504008503e-01 9.905235675481580682e-01 6.283141293399541194e-01 -1.061530441571859384e+00 -1.465228654068206238e+00 -9.127132816222058853e-01 -6.539564006015944134e-03 -1.438420005114763978e+00 -9.969209972254372554e-01 -1.294648472298117081e+00 9.212217591860859256e-02 -1.057284135256622237e+00 -6.738678091590620811e-01 4.734846208639660881e-01 -1.926254338542619626e+00 2.417098322519411202e-01 -1.479282649667385874e+00 -5.371332308257276145e-01 -2.258050389656567902e-01 -1.483077786817909693e+00 -1.210164984882448946e+00 7.897216397261233034e-01 -3.856202388514469726e-01 -8.799044627879814007e-01 -2.242216228653878485e+00 -5.954385652619593738e-01 3.388657764374735648e-01 -1.575163910564860492e+00 -4.355769470901443841e-01 -1.563072620605577834e+00 -1.075849139129786636e+00 -3.493009975983106807e-01 1.640003689286739785e-01 7.000133738274329220e-02 -1.149888646439910511e-01 -1.556746944436049773e+00 1.133305364856694447e-01 2.192132376876272382e-01 4.619844593668901989e-01 -6.568284400803140466e-01 -8.605318341598413578e-01 4.154202394746543403e-01 -8.322773256248037210e-01
3.896473257802698376e-01 7.601538389187114664e-01 1.099820489723080996e+00 4.059205331166630959e-01 7.500833498726952042e-01 3.370256171642801446e-01 1.112150034160888534e+00 8.380111567989950716e-01 2.162989108924867843e+00 1.152490780855349728e-01 -1.506334646920684250e-01 -1.542263125530712042e-01 3.144182713520805861e-02 1.079562743292007965e-01 3.187859799509296099e-01 1.964278381769738180e-01 5.209866947297941975e-01 -3.608302478912421840e-01 3.841375499225608281e-01 -9.211243657021764841e-01 -3.832240676856213946e-01 2.349684364751209176e-01 3.712364860246614162e-01 -2.328247523038730060e-01 6.987695756211693698e-01 7.081095753307966589e-01 -3.335508875569911380e-01 -6.553429282546444634e-01 -1.488116690539171005e-01 1.278951682912181864e+00 2.765981621698966331e-01 3.299092122497666590e-01 6.536531782945541325e-02 -2.443889186340668374e-01 2.909955368968076758e-02 3.016203976717698465e-01 7.274352914003365811e-01 5.784549756592627379e-01 1.577459174707708689e+00 -2.487640987248269375e-01 -1.001440901751549761e+00 1.364731910824464656e+00 -1.948070446332217098e-01 4.279149462697392492e-01 1.271367993464818769e+00 8.300494135144543817e-01 -1.775002232947233916e+00 -2.977877261264246997e-02 1.747049466220924829e+00 2.063815772214410982e-01
1.040932435286187951e+00 6.706248965449093102e-01 2.434915877459437716e+00 3.125104227478177510e+00 7.027560669864345577e-01 1.313594819535094160e+00 1.102454045866548160e+00 2.168688835145514915e+00 1.283433743117072812e-01 2.037729307400323542e+00 6.152607109867332946e-01 -3.417019106855628124e-02 7.465903508433595626e-01 -1.288367819326758923e-01 1.051229029352659827e+00 2.114323330114563360e-01 8.603041430300532033e-01 1.973563088827656298e+00 -9.249528564924728302e-01 1.464239241901655331e-01 7.604681918586440048e-01 3.782090878062800005e-02 8.124923850400062042e-01 2.451687503172509941e-01 -8.604114703655258989e-01 -2.375937442707860142e-02 7.428646799067947226e-01 2.490507577766920555e+00 9.225039625989182035e-01 6.648248474900406713e-01 -1.374054901071727341e-01 5.412262172855493159e-01 -3.613954422227881325e-01 6.308060633708186815e-01 -9.204250002269840358e-01 9.132008479184413607e-01 1.438985675091803751e+00 8.855024873917703987e-01 -1.706048085533614644e-01 2.020488029101925875e-01 8.452074715487906120e-01 8.710705430002915195e-01 -4.341167805984186279e-01 1.542925181871712903e+00 8.195104938388237947e-01 1.068246689544527506e+00 -3.225220925514374337e-01 4.137044278194160762e-01 1.378782974881833656e+00 1.296704782507390297e+00
-2.163894395404437621e-01 2.091449169895276405e-02 8.810522452141865690e-01 8.414512742825217551e-01 5.547701593687276445e-01 1.029795704475882756e+00 8.825751228702893858e-01 1.411172890668769719e+00 4.758001929599452451e-01 8.727896774335055508e-01 7.563023809196480762e-01 2.921916572550339319e-01 1.384065271695806398e+00 -5.764250899622868074e-01 6.389915022627683516e-01 -1.051103846218221394e+00 -8.756078578848849325e-01 -1.874937805792698531e-01 -1.190363855892899503e+00 1.217657116958985819e+00 -4.610977522667953910e-01 -1.492249107352401349e-01 4.154616029107990327e-01 -8.830929670328782066e-01 7.297848255451288013e-01 -2.980410797796619882e-01 -6.012832940701340334e-01 -1.325694768857335282e+00 -2.068789805608333421e-01 -2.195118369704191497e-01 -1.308813247880533659e-01 7.584065058838478091e-02 -5.270588481170738332e-02 -6.040943137901229054e-01 -1.017497205233904856e+00 -1.313618695423141469e+00 -1.101535957900618312e+00 2.535855596331647033e-01 -4.143020839085388429e-01 8.135224262070026580e-01 -1.721116284336627444e+00 6.118704296799477582e-01 -4.906327110532806568e-01 5.001574863777138447e-01 -2.893777023482003719e-01 1.811257221005694029e-01 -1.127026417535169633e+00 -6.692653778200982062e-01 -1.337972392520615728e+00 -1.227082705449822564e+00
9.561350773132539782e-01 1.495435232370540213e+00 4.978178984657726236e-01 7.094140218017160882e-01 1.656687741704278238e+00 1.728325044234809704e+00 3.546419866611050242e-02 1.545413296535319336e+00 2.928901046044618539e-01 7.411256051241049692e-01 1.252274134081106327e+00 9.359712280131049500e-01 -6.845813363206763036e-01 3.982572589236690885e-01 -4.237751049839876272e-01 -1.895169536546865638e-02 1.177504256787039516e+00 -3.115291367667666345e-01 5.274924871921576885e-02 -3.471642270720130541e-01 5.165941688887030203e-01 9.869811076195278421e-02 -3.319424744339057320e-01 1.804820946646334690e-01 -4.665433245536234619e-01 1.474811531011480659e-01 1.342778692341115299e-01 3.274170399298695355e-01 -2.323425751014376595e-01 -3.280213421217147984e-01 -1.239435860606155210e-01 -2.852601765728345895e-01 9.341332930720042116e-01 1.300389493669641960e-01 7.655102866368685977e-01 -1.410221407361240409e-01 -3.474750058339959868e-01 -1.732810010080548579e+00 -9.250605924005335101e-01 -7.140241639168724008e-01 1.434854876153363878e-01 8.096368738460878456e-01 -1.427198805775432011e-01 1.054970675197503205e+00 -1.088130146179506763e+00 1.251776502841556393e+00 -2.250114023945272435e-01 3.589253517033877960e-01 -3.202715492803245856e-01 -6.505498921863603901e-01
9.810117124292285773e-01 1.611915336909069518e+00 1.821451748452049380e+00 2.171159241565844056e+00 9.301613861540098949e-01 3.754317381879469506e-01 2.447095328689964600e+00 1.900241776193438481e+00 1.386975985234707442e-01 1.501112382983605720e+00 -1.070695856011207869e+00 1.479190830577639948e-01 3.881116569201161770e-01 7.026284013904573467e-01 -3.334519118088497547e-01 1.461813772659758426e+00 2.401034889432494268e-01 1.419019188799515607e+00 1.005627583567446859e+00 2.541778927874523974e-01 -2.005571015933556300e-02 -6.761615713327299992e-02 -2.919093453491551915e-01 3.506277679396500174e-02 -6.447643035361555475e-02 -1.521110146048427314e+00 7.181523955808694071e-01 1.002145947806177384e+00 4.307056452172962624e-01 -6.284731234245140019e-01 -7.392114355533608849e-01 -1.067590765535606362e-01 3.788570132817123959e-01 1.550357506969576304e-01 1.543487804236215233e+00 3.476003820166932434e-01 -3.276911303783486829e-01 6.221270781767527236e-01 1.895431457388092156e+00 1.099844112917762962e+00 -1.753157950311884095e-01 7.996484541705961568e-01 7.201948883741496887e-01 -1.704193392875324564e+00 1.314822464688096382e+00 8.110022114508135260e-01 1.266035922131761859e+00 7.041125938426713304e-01 -3.130515717219142791e-01 3.098820916198009173e-02
1.879637451539548199e+00 2.069265827655917711e+00 1.133891525730274852e+00 2.112718403165644077e+00 2.447048696528854261e+00 1.099233031256732440e+00 2.208723444061346353e+00 2.298408996732466569e+00 1.208000741107485121e+00 2.380023266681711380e+00 1.161015217450654280e+00 7.977464881552888132e-01 -6.086272922865990642e-01 3.472368395624008119e-01 2.969334930473060408e-01 1.601648279230177607e+00 7.942933698430365563e-01 -1.046302684878309242e+00 1.901625342968577548e-01 -4.143601773819149403e-01 4.698218696693668983e-01 1.100304378641655756e+00 1.365791772055739983e+00 1.909961956201117417e+00 7.878707128104551760e-01 1.523813968829744458e-01 8.896440667124130286e-01 1.351579440699453016e+00 1.585530426731784237e+00 1.230322856591922864e+00 6.054328197426460667e-01 1.069235135623805233e+00 6.976153910602589381e-01 2.535269699349373962e-01 8.862639376455156981e-01 1.459300126656071006e+00 6.525715987755248415e-01 2.090417443295036648e+00 5.185016746270146859e-01 4.277014141252120094e-01 1.046417174086023527e+00 -4.555637861875377337e-01 1.293284079210783810e+00 7.371841834713553643e-02 6.242651904422255038e-01 6.394512073608072944e-01 2.060305222830779659e+00 1.655160045108212019e+00 -6.070757572519940304e-01 6.825706545253611424e-01
1.447629924792388723e+00 1.178789987487623758e+00 6.450304323741122836e-01 2.694631252461561211e-01 -2.838478822352386022e-01 -4.969340607240713137e-01 1.314487199296216602e+00 1.436272054265752551e+00 -3.441247843870187673e-01 5.509138218960341060e-02 -2.040410913710806462e-01 5.201489227393731041e-02 -9.902297470295838844e-01 2.887580078722380983e-01 -6.945255552269028465e-01 1.211027157924222442e+00 -3.616368236521650403e-01 -2.133657592565995839e-02 -7.943019327837420596e-01 -4.724410432588210251e-01 -3.133278099012656859e-01 -1.370356772715765503e+00 -7.616849346583993985e-02 -7.759483520993795680e-02 -9.026038550456693121e-01 -8.343653439673338612e-01 2.378822050345535122e-01 -8.847766868109168126e-01 -8.980673394808429411e-01 -8.336208987818376492e-01 -3.734360969314318157e-01 -4.710986646199015193e-01 7.114906936859277664e-01 -1.121762890958735159e+00 1.601024517328198671e-01 -3.382399096200477406e-01 5.144176189519431563e-01 -5.247634463840920027e-01 -6.929472622156424011e-01 -5.156845426747787009e-01 7.432816742450909508e-01 -3.318042917493996269e-01 -1.557551190291422083e+00 9.840063548327605547e-01 -1.494198706704863211e+00 -3.719710627391146218e-01 -8.612320132307074161e-01 -7.556375005776219123e-01 -1.039283352222548862e+00 -4.543874431792901958e-01
1.285220605312106024e+00 1.673211410397698717e+00 1.158925689036099271e+00 1.036283325488614571e+00 1.006060585888818082e+00 1.789810020623650466e+00 3.144594340159894141e-01 2.180612050676794311e+00 2.152569149265620929e+00 1.702925085102818592e+00 8.335767220997365445e-01 1.557656445390269706e-01 -7.268346399290245841e-02 5.432395382612428270e-01 1.012509820037278407e+00 1.978986586644296830e+00 -6.205968661383334251e-01 -1.476255848465955478e-01 -1.147284447698038862e-01 3.646717784848031441e-01 -1.967838724410479190e-01 -2.257560639486145826e-01 5.335826845860699441e-01 1.167918514969071841e+00 -1.128906846592873547e+00 1.225967544645516938e+00 -5.641830562664043036e-01 8.337258539804640045e-02 4.223928064808128990e-01 1.868554838140374930e+00 7.673445685924237258e-01 -4.569732971107604014e-01 9.567191826524349407e-01 1.029057312633893106e+00 6.634914954018836797e-01 1.322795951287554894e+00 1.313108551447045302e+00 -5.072746393903236894e-01 -2.912496001760339071e-01 7.719424110363866109e-01 5.713832994428391654e-01 1.216081750360849867e+00 -2.807391299201065227e-01 -1.931277611732415134e-01 3.231429940819945945e-01 1.492530641522839541e-01 -2.795569153089849102e-01 5.633131007278943114e-01 1.077714525052568595e+00 7.570854953828238809e-01
4.136637879056740408e-01 6.526672806847242381e-01 5.682389526550427616e-01 1.735063467405167259e+00 1.769707259670175947e+00 2.119761721445598823e+00 1.517092877613733126e+00 1.362108040471716741e+00 1.715256690269775008e+00 2.665096677489195987e+00 3.072468787706324478e-01 1.406691473588818353e-01 4.781378021449186333e-01 7.010363164652103629e-01 9.556172227079207104e-01 1.293689923921908180e+00 1.159538079506862829e+00 1.772523394497208971e+00 7.991291769721479143e-01 5.000591675873284903e-01 1.016885851187485423e+00 1.800484653159817094e+00 1.781367846251181275e+00 7.420161763976704794e-01 6.969356049324156865e-01 6.750752006183797782e-01 2.477399774927969422e-01 5.755083288573862310e-01 4.136739436443105933e-01 -4.363492144837402553e-01 6.758956625436908228e-01 -1.679074845098266766e-01 9.038956204000660188e-02 1.255036075447340860e+00 -1.942366985080257180e-01 9.457773627262058280e-01 7.234173095579705670e-01 3.813737325986052973e-01 2.796910913227829143e-01 3.252376683149402203e-01 4.308828625886039210e-01 6.427116838752987560e-01 -1.160815999088683048e+00 5.732016237877067821e-01 1.091632621899373490e+00 -9.226513456901994648e-01 1.369829194946643458e+00 4.399837880003680812e-01 6.218692158828826866e-01 5.998702272360392218e-01
-1.164816237471040239e+00 -1.159481003304645430e-01 -1.037837983130709407e-01 8.185399409785836244e-01 3.262026636221272424e-01 9.068150589924239835e-02 6.537599018848577748e-01 3.334866478020094283e-01 2.783518451925299786e-01 -2.127328508113153216e-01 -1.153506527239689161e+00 -1.087549905824109452e-02 1.204996220935716650e-01 -7.958115037537408787e-01 -5.807548614901476558e-01 2.199096889163343338e-01 -1.173409372417445917e+00 7.734087964741451771e-01 -4.973102541916841202e-01 -4.493851719083089002e-01 -6.964449303676153447e-01 -1.781857279150995454e+00 7.152775560785541442e-01 -1.477989780659038743e+00 -9.634659830622759324e-01 -1.289531247164815486e+00 -1.162314210734517683e+00 -5.596817457079882735e-02 -5.910665822823466531e-01 -5.120894402948035218e-01 -6.664563146298950747e-01 -1.891428371481409521e+00 -1.669057921502814512e+00 -4.144509187466375311e-01 -1.635817204169754402e-01 -1.965181474588399424e-01 -1.403040598579498921e+00 -1.550547421506553780e+00 -4.373587641107687940e-01 -6.479592451283338050e-01 -1.490404351798531701e+00 -9.640410221417783365e-01 -2.401675963853501239e-01 -1.260919640245697471e+00 -9.568420824999847307e-02 -1.726267284434847893e+00 -1.707798729484024225e+00 -1.021581641473624291e+00 -8.941924606256220764e-01 -3.742759865450135948e-01
3.856171562256003327e-01 8.596642451075823255e-01 1.158722802746818825e+00 6.762412258401973020e-01 1.537019734641031921e+00 3.167638390557244721e-01 3.960834834101168989e-01 1.591629106635360946e+00 3.874936275866844859e-01 1.570940560950422338e-01 8.096296511956668773e-01 -2.138970910102424017e-01 1.719849704088952658e-01 3.579768070191104989e-01 3.874198451251096853e-01 3.718857086518633226e-01 -7.075343267311444695e-01 3.878130111453900186e-01 -9.687569809488489891e-01 7.883525751614345323e-01 -1.066062624012005022e+00 -7.482179424932614530e-03 -8.193530418576352448e-01 3.892031997334297611e-01 -6.944767392123922800e-01 -4.092255389842390234e-01 3.893760956028600728e-01 3.337645592902074854e-01 2.141508481100308781e-01 -2.525872255015541579e-01 8.475026702220775920e-01 2.128214042671805195e-01 6.123805114014120310e-01 6.609167550493643128e-01 -7.293626200063141329e-01 4.001102799529963200e-02 4.877446186951183704e-01 1.032179728278442621e+00 1.089069468274440067e-01 -1.918164662596946457e-01 -8.314115613715422626e-01 1.787229111100975196e-02 2.098957766765805477e-01 -9.083493756596484892e-02 -7.930637453031375017e-01 -7.134243309758186991e-01 6.806078396888612381e-02 -9.073781116810200054e-01 -1.514748849160178823e+00 -3.209156239336914407e-01
1.080652484306513283e+00 7.312524782922479316e-01 2.542015679670693640e+00 1.544432464903480628e+00 -4.130129777743882791e-01 9.113039960951183627e-01 7.573131174005778288e-01 1.044068130829523877e+00 1.027537173988970487e-01 6.594734537973593325e-01 -8.250066831319470551e-02 -6.948541303364108579e-01 2.363932015695583422e-01 -4.204766506630738809e-01 1.059336277314150587e+00 1.227361757032850303e-01 -2.845305497400715256e-01 -1.001921085815321799e+00 1.023084667543051017e-02 -7.343626141598694756e-01 -1.263561002063738004e+00 6.439774155208528861e-02 2.979813669919986197e-01 4.500043010874938409e-01 -7.720111947523587981e-01 -6.612291917579359302e-01 -4.651909539577577246e-01 -5.269428204376225278e-01 -8.828173211731649150e-01 -3.529236242738645335e-01 -6.565840242598507404e-01 -1.112859063546288718e+00 -1.327980895157686581e+00 6.391610394956980246e-01 -1.857174647538188117e-01 1.807991673516416709e-01 -9.997163577994742090e-01 -6.653190131015450648e-01 -1.715227557841745437e-02 -5.231328640543357889e-01 -1.132777637406974236e+00 -7.648040230794825867e-01 -7.237780809455247599e-01 -4.121863424629639838e-01 3.962316782336798848e-01 -2.125171413164875789e-01 -4.656062274805762291e-01 -1.403055303662385844e+00 -2.076900177270207537e-01 -6.733591418272046880e-01
1.450069701215300544e+00 1.295842535755626246e+00 1.740590772389281282e+00 1.643669956009730981e+00 1.868581036292159769e+00 2.290084142409984480e+00 1.637143490630203591e+00 1.412059119421848807e+00 3.901852969488069922e-01 3.851097917414880278e+00 1.920612953192708972e+00 1.767063653908031329e+00 -3.758869921223997879e-01 1.944111336508640708e-01 1.021937998469340636e+00 1.237133587072746010e+00 2.069379523534438547e+00 2.079368490645961298e+00 1.885411795376215727e+00 8.972431050754077209e-01 6.105412310942510690e-01 1.456626530939500785e+00 1.509268381096417144e+00 5.240823111880381635e-01 1.021589316271118264e+00 1.682660128918761711e+00 1.496338879265662003e+00 1.887567121050668151e+00 8.360343970959156490e-01 6.270918811242441604e-02 8.153583707148789328e-01 2.654830394011376438e+00 1.653105414648337268e+00 8.791906845609016585e-01 1.040576569381518324e+00 2.270547987571660098e+00 4.797176143402463455e-01 3.970965928708545811e-01 2.176671370318199461e+00 1.415893117720681493e+00 4.256045977545742653e-01 4.433526188012993918e-01 -4.052781625408840432e-02 1.822752834157406410e+00 8.506181414041621425e-01 1.621756050912880776e+00 8.487903536877375865e-01 1.670621198403677621e+00 2.569075289488274572e-01 5.520561354167851098e-01
1.675358339532109664e+00 2.624762030928421641e+00 2.321581441724722694e+00 2.693730765679176464e+00 2.044496754495157997e+00 2.430767262565227682e+00 1.735740184951583664e+00 2.833725174701086758e+00 3.547897429247642176e+00 4.138027230353303665e+00 2.004412042497806912e+00 1.334750550033289906e+00 2.415698376607273712e+00 1.095221978720316347e+00 1.508730708852682234e+00 1.361585688588194287e+00 1.568300982152783574e+00 1.699614295184858070e+00 2.190335382580642420e+00 1.760685407540925951e+00 1.432532469939949094e+00 1.507460233803505911e+00 1.357168572552938324e+00 1.229293792544033481e+00 1.334447173054357672e+00 1.805927635877078163e+00 2.541602440086489167e+00 -6.992738871011713320e-01 2.081597983819450270e+00 1.201173804948111101e+00 7.941546177893530345e-01 2.298497523542443854e+00 2.821263403360573463e+00 1.359700793467039315e+00 8.832885967671597616e-01 1.701295734272144422e+00 1.806177955597594087e+00 1.239666610501583000e+00 2.044331314813118361e+00 8.494880371501449812e-01 1.966125865189164656e+00 1.342326849858109350e+00 1.936379067774792295e+00 1.163449508544563527e+00 1.871933055367918763e+00 2.308781104476750112e+00 1.783148788999925793e+00 9.596575920320492559e-01 1.847987345991859209e+00 1.863660488881243360e+00
-3.227383149882936397e-01 -2.419141944183724746e-01 3.815476793583552073e-01 5.935995012140007354e-01 1.243065440389608867e+00 3.436497322048858161e-01 6.701608830720311438e-01 9.885028283364694079e-01 6.906880195791083032e-01 4.080513585454358383e-01 -6.595163882435937097e-01 6.091335339366864554e-01 4.125948704449290405e-01 -3.391123010291681728e-01 -5.441070615912226849e-01 -1.728793458643598235e-01 -4.003444793081771813e-01 2.353628972137775943e-01 -2.946847149136319066e-01 -5.479913565177979562e-01 1.109158270430816301e-01 -1.793328911299325173e-02 -9.473373617343364139e-02 -5.226988025373076052e-01 4.130700206733671775e-01 7.349960446990205787e-01 -4.513016738629673230e-01 -1.270295859597682375e-01 9.046658219507369703e-01 3.328622716984765972e-01 5.527010348746409507e-01 3.209292950933649580e-02 -3.680908356617011434e-01 -1.186964493784528507e+00 1.222357706709610581e-01 6.146101471787474013e-01 -1.228765708331462231e-01 1.150598468796191876e+00 -3.429712949695554181e-02 -3.967650360065025916e-01 -1.599112007667317981e+00 -8.131138306047014375e-01 3.670628957643771728e-01 7.007846342860822864e-01 4.545712380345059422e-01 -3.941985395337657683e-01 -1.258092946983652149e+00 -1.196544585336271754e-01 -1.339937574255235742e+00 6.181506013263998733e-01
3.045777667373239517e-01 2.324684738334291900e+00 7.132819389143385536e-01 2.181846596688585826e+00 1.584441038238808108e+00 1.472603676989309829e+00 1.696410118520121246e+00 6.688007525475122561e-01 2.923626927404752163e-01 2.407517493132914632e-01 4.001016294177198729e-01 2.741513343578992901e-01 5.103445789725898907e-01 7.309832071110167195e-01 6.141902626995300318e-01 -1.042141065745596951e+00 1.353617810804659038e+00 1.034074248614784919e+00 -1.500100951867963328e+00 2.585970847428765637e-02 6.148032233832272375e-01 1.540072658619693058e-01 4.555049722566193449e-01 -9.388743158847172310e-02 9.396933089145285134e-01 1.067271528150271154e+00 2.658290086333571778e-01 -5.084923711232040011e-01 7.605269647724721693e-01 1.086255309781500422e+00 2.188226049826053343e-01 -5.476134701761283807e-01 2.225746776666513438e-01 -5.665374066146090515e-01 6.435531675692789388e-01 1.864390539042388939e+00 -8.117166105020006128e-01 1.477902388386045818e+00 9.297982140421751085e-01 1.446889288766147086e+00 1.800028356787940487e+00 -3.322206730858822676e-01 2.266403280756716099e-01 -1.822875873290279863e-02 1.762486006945352512e+00 3.294563561093035164e-01 -5.858181367212197399e-01 5.918513751211101209e-02 -1.343364489778278825e+00 1.922459320465648158e-01
3.334854431076469394e-01 1.167294366814651152e+00 9.473127380559134281e-01 1.282265909813148141e+00 5.376773823843288280e-01 1.643554937202694521e+00 8.265862246774706712e-01 3.862220267950705610e-01 5.403792349432829933e-01 1.318432428841033177e+00 5.032897944554979297e-01 4.322111337597157599e-01 -7.106984519606797113e-01 -1.870538329627717544e-01 1.219687604627766597e-01 -1.308046481287213070e-01 -1.283201382779773470e+00 -5.360707569795093441e-01 -4.511645829040686340e-01 -8.296693146575985223e-01 -6.600090257419651829e-01 -1.179807853110585114e+00 -1.372861152681087438e+00 -9.036186817181567354e-01 -8.957610711626592392e-01 2.611091195457087427e-03 9.962613317438695493e-02 8.332379099175953874e-01 -7.690893123059193703e-01 -1.407637467346179172e-01 3.835184352619662174e-01 -1.866894536739728827e-01 -3.856704171341135412e-01 -1.160261594311275513e+00 2.057800120326811921e+00 -1.101799219143438036e+00 2.429569838221076750e-02 -7.372578821764872448e-01 2.841742914308353352e-01 -1.427127707833028558e-01 -1.618234470859861274e+00 -4.571216245745889917e-01 2.594037667288055515e-01 -1.057585305442536372e+00 -4.031469581342927433e-01 -6.619230844957528781e-01 3.203680855458057586e-01 -9.539752473235385555e-01 -5.922675421649185035e-01 -1.446632671492236177e-01
-1.512373503878741143e-01 -1.053026057255763703e+00 8.636960399200710459e-02 -2.432493989403949897e-02 7.317421617976609394e-01 -7.347606400758561751e-01 -5.420538098398497429e-01 5.100448516221131046e-01 5.175863560750862957e-01 1.288495582507779513e+00 -1.177130348251951064e+00 -1.290981030267941199e+00 -5.258526358885052820e-01 -1.944604035515427043e+00 -4.855603543288209423e-01 -3.994915866370640778e-01 -1.811765265244423162e+00 -2.510748414122447869e+00 -2.243893144098554338e+00 -9.393905533940759556e-01 -1.546627545842055751e+00 -1.423780146696304705e+00 -1.610810606811156065e+00 -8.604920313300464807e-01 -8.010024397167576637e-01 -1.482547195962501618e+00 -1.032063746192210196e+00 -2.164514717427414858e+00 -1.575884542650805853e-01 -1.835813943509022161e+00 -2.171509375584578461e+00 -5.453145375016998919e-01 -1.372006107346307902e+00 -2.049153416875308498e+00 -4.254203330016501777e-02 -2.411341903669564246e+00 -1.378600372340597513e+00 -5.994957295431280198e-01 -1.210442153104650975e+00 -1.365105613916710592e+00 -9.315990416139076080e-01 -1.382738112917585305e+00 -1.355503650859716913e+00 -1.073514402904910847e+00 -2.041319624104088959e+00 -2.082242335907019459e+00 -2.731221760322173342e-01 -1.649584067838567369e+00 -1.419252790024935873e+00 -2.043931522840588766e+00
9.518105965968695070e-01 8.026846769401854154e-01 1.487787659595728895e+00 9.098535107752976359e-01 6.331798671057224936e-01 2.675536583669415602e+00 -1.893315193308924282e-01 -7.156604073329795312e-01 1.212412785968974394e+00 1.266982635718981509e+00 -7.680348623239779959e-01 -4.800587078656960993e-01 2.322332688912899790e-01 2.854917404701234340e-01 -1.648596104036649523e-01 5.127604872846543982e-01 -4.720670510392025454e-01 1.749640639622792038e-01 -7.923097193810885175e-02 5.252399268400470556e-01 3.581235707253340173e-01 -9.076776144883829112e-01 3.104732862336808119e-01 -2.266192783305077674e-01 1.283687179323354632e+00 9.661221837823794623e-01 1.108140464016361265e-01 5.376498039186075051e-01 2.300035323107665619e-01 4.981903076633971139e-01 7.344001274622397046e-01 -5.141161670430623998e-01 -5.013834653141492348e-01 -2.499334975477067455e-02 -9.192961871403118046e-01 -1.977704652581138589e+00 -2.061454681580550952e-01 1.336242402135867646e+00 3.704190194973923100e-01 -7.039973557606651888e-02 6.371466444153170983e-01 8.919395831241397898e-01 -8.715695801865904271e-03 -5.212658316977822337e-02 1.041153996516186175e-01 1.255997970891867599e+00 4.946870992113381882e-01 -3.865584479770623472e-01 8.185504703543121374e-02 -7.717104158834666716e-01
1.574856070325647339e+00 7.511195635925369540e-01 8.025141221322578122e-01 8.882621272051594019e-01 1.627721229757501220e+00 3.645229850667777161e-01 1.054554207058609805e+00 1.840545158022461214e+00 1.228783272542528948e+00 1.240667131492152686e+00 7.905359382435314108e-01 -1.587545069938375741e+00 -4.894298763535023800e-01 -5.021717855065545300e-02 9.373116906007099569e-01 7.860349282965742868e-01 -1.195401842812478382e-01 -7.017553543847904196e-01 -1.167636901650540154e-01 1.177007935588679111e+00 5.478023913558963676e-01 -1.147235199316782167e-01 -8.944194905205821167e-01 3.241444324600518123e-01 -2.842734945885138087e-01 -2.994812370002965518e-01 -5.523292749108663635e-01 -8.071285941262987262e-02 2.762580663302184880e-01 -2.064139501654123632e-01 -2.303723051158919899e-01 -3.467346195974517209e-01 -9.774115625521407891e-01 5.269289835491821616e-01 -7.777205978495940197e-01 -9.477427479674320754e-01 2.138478861307284429e-01 -6.486391037782185398e-01 1.878752773545453003e+00 4.672028508802004293e-02 1.238699979664091427e-01 6.201367563762254509e-01 4.228995227328508077e-01 1.888751031380430656e-01 -2.414180704483286921e-01 -9.754194123866537502e-01 -5.710208989153737758e-01 -7.147172695257938413e-01 -3.474501395742092824e-01 -8.808527450773485645e-01
1.250795434161660946e+00 -2.191517060158307828e-01 7.738736612124719194e-01 1.046068065982020956e+00 1.412348319348175174e+00 5.369831929153956462e-02 3.407864441217735019e-01 8.508854906216845038e-02 -9.010706427295533949e-02 8.228496532558278176e-01 4.166427582767752158e-01 1.068361407172664590e+00 7.345605961043955023e-01 -6.549788892052434142e-02 -3.363290463183229440e-01 -1.582241974199581624e-01 2.202973245315631087e-02 -8.858901977541634443e-01 -5.740214433287733203e-02 -2.831679454682768937e-01 -4.773214825758413937e-01 3.984364082458428241e-02 -1.068582321191753115e+00 -4.720325404544819525e-01 -6.856956315246792721e-01 8.442707081353869603e-01 -1.375097448423395763e+00 -8.442269626461572640e-01 -1.697912961667000342e+00 -1.156735039237893670e+00 -7.669055980507892903e-03 -9.749014490289484858e-01 -2.976368545307558344e-01 -1.502137094193445988e+00 -9.283374946497353619e-01 1.038109716317414000e+00 -8.241406336517156372e-01 -1.146333298887938432e-02 1.415641291786424283e+00 -1.346012931520965239e+00 -8.792602342709764374e-01 -8.365848104111703876e-01 2.552826815790589787e-01 -9.498767779658350285e-01 -1.874823001134746925e-01 -3.484979176327973049e-01 -5.028437744109279794e-01 -3.677381075623553097e-01 4.888917177465464947e-01 -1.120234925076028620e+00
5.509862693745750661e-01 1.580450614040030732e+00 9.594975842775422814e-01 1.318251107526348553e+00 7.415558962099606521e-01 8.691141238675723635e-01 2.561546914268459929e+00 7.783776930737034139e-01 5.690829643440076246e-01 8.444548072761159929e-01 -2.185944531090984744e-01 -1.358206275988816381e-01 6.501254994252984032e-01 2.037643327136354210e-01 9.737455578720336513e-01 1.189387275170260994e+00 8.529608221466457030e-01 8.326387760201585386e-02 -4.699017332743726100e-02 -1.162054679049387529e+00 1.149579690716808766e+00 -3.548935396576867740e-01 1.359735031520131088e+00 7.680944183665446845e-01 8.199489547925675748e-02 5.239491419382952264e-01 1.530232224892011939e-01 1.070760147649309602e+00 4.948496719562634483e-01 -9.895510499976427343e-02 -5.789075782103536572e-01 -8.124032100818165958e-01 5.814487755085071541e-01 2.402287906168186493e-01 -3.475767576561090699e-01 9.583977096187369371e-01 1.271563609707167947e-02 1.235454138401222146e-01 2.153742137187123207e-01 1.102399452687597092e+00 1.141046736634804618e-02 -7.960274209171016579e-01 1.042805778979883247e+00 -3.414931672712582245e-01 -1.036135649644512879e+00 -1.159812771184501878e+00 1.786961045249796931e-01 1.702151835633563648e+00 -6.610040835633633760e-01 1.810378634679048193e-01
8.308092111083587028e-02 7.641296530024963563e-01 9.517380185201531617e-01 1.706242939371263478e+00 1.217147974785727227e-01 8.208784842213937560e-01 8.939761457457420235e-01 2.339875910794031455e-02 1.717893128194406760e+00 1.719313661037609853e+00 -2.193629393954540929e-01 7.882997351939943775e-02 7.542655607753512292e-01 1.789308869589950168e+00 1.135343523112763986e+00 -2.984666925723053477e-01 -6.393787830138716322e-01 -9.695204260471363966e-01 -5.845044508307681852e-01 7.418180100474213168e-01 -1.612076113739707717e-01 9.175225072603018228e-01 -1.926290193284468238e-02 6.745604499303448076e-01 6.570030113729835586e-01 -4.843484782023338986e-01 5.528838345600562976e-01 -4.129909335102776580e-01 6.378017305194950692e-01 7.954767481194190415e-01 4.193664780091456712e-01 5.786387224601780011e-01 1.314946990771757029e+00 7.459466805730696759e-01 3.508812213759954918e-02 2.473601606017691509e-03 1.646429905943804228e-01 9.728871306330292290e-01 8.428664248265052561e-02 1.167575489256376331e+00 2.871980865230506219e-01 5.077950074232662203e-01 -1.915878452855856118e+00 -1.233387216303713646e-01 -6.984350188012857785e-01 1.068752139532887224e-01 1.572202957667541812e+00 -5.862674650158939960e-01 1.485887847157359776e+00 1.296206049944386818e+00
4.459761134782572745e-01 4.144102481052047704e-01 -1.099627149705749485e+00 1.076496078196237383e+00 1.060522658331841894e+00 1.421617624239118749e+00 5.951208059268331407e-02 1.838573187223927929e+00 5.656217995035401902e-01 1.068778202068807248e+00 -3.440567774717245841e-01 8.963027118827434636e-01 -4.861902911285632678e-01 -6.107156495048765565e-01 -1.704434152543717329e-01 -6.130889211814725126e-01 -5.563870693428400911e-03 -5.868792822454943492e-01 -4.028886160039151232e-01 -2.165903209122572282e+00 -4.712878352969243623e-01 -6.840821065341916585e-01 -4.914023616294652674e-01 -7.576552966006356860e-01 1.313006083122554013e-01 1.435487771137740620e-01 -2.581073664017006219e-01 -1.557669692694628516e+00 -1.340933314938794974e+00 -7.953344817443936954e-01 1.178504155104079243e-01 2.560423547643552733e-01 -6.601576440623335706e-01 -5.495473030858624153e-01 -1.242767193688229188e+00 -7.353527673722332070e-01 -7.641203384462581516e-01 2.402922354903861135e-01 -5.297482975549595574e-01 1.431465549374894286e-01 8.214307876740253866e-02 -3.710674438883596604e-01 -1.574581324029852514e+00 -1.441354214236283182e+00 -8.807429240891025968e-01 -1.073152837801873982e-01 -1.187592688421464704e+00 -2.184647075558476370e+00 -1.290144835052351002e+00 -4.876074313005488992e-01
5.817092011638871352e-01 1.293671428996828965e+00 1.839974899851591239e+00 1.031706645995373650e+00 9.253444924422243867e-01 3.398103125106979316e-01 2.399411821938944200e+00 7.768196930281382473e-01 2.640710120136544603e+00 1.223312601171350655e+00 8.246972350807822705e-02 -3.676311319367990826e-01 -3.675802070616831368e-02 8.726909660568511473e-01 5.215430713184910916e-01 -1.292801596367182837e+00 -1.068127185708350330e-01 9.701791304796789639e-01 5.785745457180029028e-02 9.139727537271127300e-01 -8.882953445700960682e-01 -2.470401710001917939e-01 -1.311028974456219520e-01 -1.068130006565493728e+00 -4.499127615438243133e-01 2.765941235277726614e-03 -2.657413187342554384e-01 -1.294612527673661695e-01 1.494529305116217566e-01 3.285998229717452257e-01 3.520273673180828733e-01 -7.294436544774618447e-01 2.345202432083971084e-02 9.247286189446841942e-02 4.036481464718107981e-01 -6.921093959899202730e-01 5.206126449591315097e-01 -2.585031210717942951e-01 -5.942431542867466776e-01 1.185589283666234062e+00 9.617739113518000149e-01 2.539651074327294311e-01 6.539352731753693693e-01 -6.249386335770519274e-01 -2.349618141775430269e-01 3.115951029692322627e-01 8.482765930079754213e-01 5.387234576760902005e-01 1.723896084101832482e+00 1.108046418856355020e+00
-4.094614351594045853e-01 4.618180902555193423e-01 1.448412345701050041e-01 5.247817050303164033e-01 2.612121073090477585e-01 5.057998653448567694e-01 -9.623489077804474601e-01 -8.674003017318818731e-01 -7.822529544731702256e-01 -1.186736832270776087e+00 2.440455683830222433e-01 -1.940675606645081430e+00 -5.454836990310254485e-01 2.027696133247045562e-01 2.452435407471119655e-01 -8.753518347763613594e-01 -1.742220433785083067e+00 -1.673913748430595261e+00 -7.548917137581341308e-01 -1.191160472087202882e+00 -4.296717667426040999e-01 -1.084248237600360792e-01 -1.106908013780374844e+00 -6.785153531439162000e-01 -1.356211686467116984e+00 -2.491479842228252195e-01 -3.742866370954086586e-01 -1.807204566289868364e+00 1.031737025891015652e-01 5.782464456299804545e-03 -1.683385744504712678e+00 -1.264197892672387136e+00 -3.375657224696090308e-01 2.899098162754533137e-01 -1.147369954373345768e+00 -8.022002212457379766e-01 -1.453013532486949533e+00 -1.527089143277861050e-01 1.957179910109433513e-02 -9.929381842204344499e-01 -6.994339839566103834e-01 -2.025512103036022804e+00 -1.222282059533714493e+00 -8.986353007510909929e-01 -2.995326898567745588e-01 -8.179282699334343709e-01 -1.833573208451769965e+00 -8.650482604246683138e-01 -6.342056745593315226e-01 7.041839140045196288e-01
2.985851059249063910e-01 1.097945554267892865e+00 1.648535688507969832e+00 1.916661954222326436e+00 1.316830910925393061e+00 1.264610052584888233e+00 1.330108479975839586e+00 1.184942984189794934e+00 3.926031023309607404e-01 1.319840237848489473e+00 -1.704438947024476333e-02 7.826904912171951390e-01 5.763173868119584320e-01 -1.394813004854281280e+00 -5.573074163817169913e-01 4.196607833393565246e-01 -1.833996955496482451e-01 5.738098287384306717e-01 9.664109232737502220e-01 -2.090604845935420050e-02 1.100146688525975192e+00 1.566496791384237586e+00 -4.379192222669325285e-01 -1.167993150139051028e+00 -2.053638423738209443e-02 -3.037072842886860968e-01 1.033984308909577710e+00 -6.444072729987998516e-01 -5.181703556454832910e-02 1.183260838547354865e+00 -3.148808357755425447e-01 1.169335998594537074e+00 -7.338141765872221445e-01 2.680804983292235932e-01 -9.201753348114306563e-01 1.908808791623563539e-01 3.367577367619181694e-01 9.078714228204943781e-01 -7.652819489751809534e-02 7.050990311866615901e-02 -5.768200814914649088e-01 -3.932988705393051787e-01 -7.872016626546591844e-01 -5.528005421651654983e-01 1.392143056376516086e-01 -1.104671550151132831e-01 1.196967549939859793e-01 -1.074872922901090710e+00 -1.148327433791128893e+00 -1.460439766240313395e-02
6.350334935264347891e-01 4.152327160458567645e-01 -1.255597557750425253e+00 1.894135458130327798e+00 1.876821525825463910e-01 -8.976555249508588741e-01 -1.103875164024101352e+00 -1.505775448836914610e-01 5.600061459631227034e-01 7.517827959543844640e-01 -1.393393365738261613e-01 -5.741730193483156608e-01 1.237727826512625695e+00 -2.653735285808037775e-02 -1.903656467537750530e+00 2.352405027370166601e-01 -1.179987253821058513e+00 -2.207489395514373731e-01 -1.678173291403066480e+00 -2.515032301138862447e+00 -1.190987619041222079e+00 -6.890019523862769280e-01 1.016767087827595395e+00 -6.505611883266750051e-02 -1.769378739433622671e+00 -3.081115921431719085e-01 -6.299775350652931927e-01 -9.817654735718833736e-01 -1.154068696437884123e+00 -1.066703318960525060e+00 -1.666536957464601176e+00 -1.164622564093045209e+00 -1.102093077089358053e-01 1.314805955795394221e-01 -1.265082297279260526e-01 4.288088119611031118e-02 1.835342327911155536e-01 -1.223683577680024781e+00 -8.328109910033473229e-01 -1.287871689688130816e+00 -3.577383672173561902e-01 -9.836702484452867212e-01 1.135513044432593821e+00 -4.816190221923190296e-02 -1.420953022566343593e+00 3.144931745014967889e-02 -1.089422556415015064e+00 -1.041553936696580918e+00 -1.436388711170885069e+00 1.883539338001485874e-01
1.614317891352162970e+00 4.228178413170226024e-01 1.005055159243839258e+00 6.519679027944240701e-01 3.040121460434855871e-01 6.438211616046458641e-01 -2.313112501148355538e-01 1.045984189132102893e+00 1.023265720809608537e+00 7.779458708951653145e-01 -1.675435194077181889e+00 1.650183236347992632e-01 -3.955618562034973751e-01 -1.257702804532638829e+00 1.145878673845989848e+00 -1.433273064925142393e+00 -8.323267582728386405e-01 -1.537442164289448132e-01 -5.869255049023873738e-01 -2.829110074172936362e-01 -1.590474950043609809e-02 -1.075545858513582864e+00 4.421963079585436440e-01 -6.513185284663880470e-01 -4.605037810462614400e-01 -1.055112492123375656e+00 -5.417075003235217734e-01 1.318320163398629397e-01 1.321855519053756201e-01 4.768958658192952726e-01 7.244814209817052042e-01 -1.761358033496264630e+00 -7.263554689157013522e-01 -4.834970041219084358e-01 -1.858336723585050226e-02 9.766831749944155927e-01 -8.064339944495355073e-02 8.445728339787511585e-02 -2.799490264572958576e-01 -9.349170891706691799e-01 -2.583701663938556270e-01 -7.136703209729244879e-01 -7.478516381538115043e-01 1.638942991309654817e-01 -9.097465109741562639e-01 1.156065044789710144e-01 5.877202243986779928e-01 -1.313682040456636502e+00 -9.308664867941516263e-01 6.702355777667118319e-01
1.407348753514245931e+00 2.245124038041133918e+00 2.271840337873773930e+00 1.808621110459780690e+00 1.405253516496881572e+00 2.597791996234126266e+00 1.556201837265646759e+00 2.238815930008552613e+00 3.011227423788270574e+00 2.152766807109885772e+00 1.164605720977979209e+00 1.212796409210048054e+00 1.331066308890588745e+00 -1.336428212094076529e-01 5.717500369470628341e-01 1.609782626491220947e+00 1.115925689328332915e+00 3.522989254718878471e-01 1.235034995367364274e+00 8.866079414455523278e-01 -3.346403184160087318e-03 1.258810357512132549e+00 1.655547567120412511e+00 4.928714136065797113e-01 1.641556640187770588e+00 1.070932588397508045e+00 1.341534122999946899e+00 8.091089529737109931e-01 2.027040648754140584e+00 1.513317782410770640e+00 7.768742655889295801e-01 2.834449314811899434e+00 1.592377718307462553e+00 1.063454953036876871e+00 4.803829532359719656e-01 7.962480904231646894e-01 9.667171033287917936e-01 7.947827366042108377e-01 1.911814407434162755e+00 1.472246051919456011e+00 8.026054359624680279e-01 4.620379775548040246e-01 2.292437879351639118e+00 8.412205813649131780e-01 1.601913893297352010e+00 8.723810133522663657e-01 1.494561629632639443e-01 1.363256038185113317e+00 1.133859438395846242e+00 6.827913939456038417e-01
1.593458577899099948e+00 -6.350538835167895968e-02 3.963344006200234526e-01 -2.553998471917904300e-01 -5.815074802156323663e-01 1.004724061842910743e+00 1.263971852405458840e-01 1.201597805159917431e+00 1.046569909662310893e+00 5.333556496196045771e-01 -8.926349574503488205e-01 1.541376401876736635e+00 9.265718230410857625e-02 -5.926152727625622063e-01 -1.941608153444954743e-01 -2.748950585199324559e-01 -1.851636465809297083e-01 -7.959105627322377030e-02 4.517245004494413463e-01 7.192733393152768440e-02 -1.318948417200303869e+00 8.204018363152897342e-01 -3.544901601214838216e-01 -8.855857062420263714e-01 -8.340168171372396300e-01 -1.052593690921409531e+00 -3.352001133439213021e+00 1.337950339101382502e-01 -2.826464540827622884e-01 -6.696062097544516201e-01 -1.133010229974464211e+00 -5.523355735507440301e-01 -1.211529250945253322e+00 8.151867462820154842e-01 -3.725251211763589421e-01 7.110049291146985917e-01 -2.630742489133128248e-03 -4.242381167892385618e-01 -1.057424170209086078e+00 9.603584634109333384e-01 -4.792390417788343071e-01 -1.957615634683089467e-01 6.219422690162061951e-01 -1.693511198459884404e-01 -8.899779227237172297e-01 -8.919347242521947772e-01 6.390790081510892007e-01 -3.449526714895994606e-01 2.381420779863207271e-01 -1.124173534998282431e+00
1.229081887544697604e+00 1.914555833441118349e+00 2.459770390082447467e+00 2.137899106520858794e+00 2.197966463607896159e+00 2.196826606688079497e+00 2.327130419863159716e+00 1.530538404699270494e+00 5.822774446384784142e-01 9.199547886476522329e-02 -5.811765812661212616e-01 1.359825325666407236e+00 6.924919250087853140e-01 -2.772052949950871981e-02 7.157220733555315073e-01 -1.179488032357346311e-01 1.482373790058562069e+00 2.123386836149362633e+00 1.234201543342185792e+00 5.565227515523318846e-01 2.081068301828666645e+00 9.712492929799262376e-01 9.954250578371400815e-01 5.365744030174299795e-01 3.021279029960667328e-01 7.953296967359504421e-01 1.972648679351312051e+00 9.274407559747530616e-01 1.152858524167524212e+00 1.938659942835799121e+00 1.192000324564001179e+00 2.152781479253661701e+00 -1.662389471869371860e-01 4.191284010808472016e-01 1.366067336921364062e+00 1.730837435982429229e+00 -7.236482673661143172e-02 5.093584970194690031e-01 9.546170177018948877e-01 1.918109673606921195e+00 1.420357346816152111e+00 1.049505802537505250e+00 8.412404052134581089e-01 1.824813402466313628e+00 1.604982329074316150e+00 8.231658110540412965e-01 1.344554081941471413e+00 1.110687993018693698e+00 8.555901445706949326e-01 1.067899674188137693e+00
2.574667962923480324e-01 1.157857113138168526e+00 -1.562244093412905599e+00 1.383230952680606807e+00 1.541917669819540260e-01 -3.806239414471779270e-03 1.341439971301758849e-01 2.702159314490337749e-02 2.679288113155839923e-01 7.023208738293352793e-01 -8.781730721714730015e-01 -1.635810046348277758e-01 4.086410051812112698e-01 -6.737784030079437825e-01 2.607507558079543708e-01 -3.346972453855320273e-01 4.999070038957596496e-01 -1.199597840319665210e+00 -2.668424176079252641e-01 8.600105566334000917e-01 -1.124464207946627298e-01 7.299324978055370394e-01 6.193366380286883244e-01 1.472078924526413424e+00 -5.713622582600932365e-01 -4.714191477491361804e-01 -3.477937667861000781e-01 1.004167098716513662e+00 7.111047733967753581e-01 8.312443837375681488e-01 4.886008281187532165e-01 -1.028736747194656020e+00 -1.509764568682041008e-01 -3.026850886353248393e-01 2.822427288922191042e-03 3.237564054320212770e-01 1.447010321668750626e-02 1.651728266455827265e+00 3.886637782157542631e-01 9.160452924674161376e-03 -8.308693787146764764e-01 -9.529374327843961323e-01 -2.180513599739810349e-01 9.142231906067462832e-01 5.618279138491276692e-01 -1.690052110021815213e-01 -8.958225437486746490e-01 -6.646730340904088985e-02 2.895706927575166234e-01 6.216754245841173976e-01
-7.647530067400776232e-02 -1.414318298830414822e-01 7.148904669928757283e-01 -2.088953240780460074e-01 6.198274795296140338e-01 1.771219999676434398e-01 -1.886126527420901589e-01 5.945020772754743277e-01 1.040464857398633480e+00 1.030529503193158281e+00 -1.504615629016709644e+00 -4.352996874936455596e-01 -2.070063191729901053e+00 -8.377382596639966483e-02 -3.673652515108435934e-01 5.599054185740209855e-02 -4.602436607648603961e-01 -7.334122886240971306e-01 -3.042522309939734160e-01 -6.506544746898630383e-01 -1.285853714819535032e+00 -1.329439841746604456e+00 -6.690730086053636727e-01 -1.005056263746320289e+00 -1.357505543344416088e+00 -2.067951915970752119e-01 -1.119979603938800805e+00 -8.050723825055127181e-01 1.907674346087158967e-01 -1.220914026349902759e+00 -1.475984691872005650e+00 1.966419719723810910e-02 -5.738263162122506644e-01 -1.050131719893940607e+00 -5.273453403196142197e-01 -1.107893746920555866e+00 -1.062176294878560245e+00 -2.334815448993950160e-01 1.421762970349770838e-01 3.520436876689275185e-01 -7.017325840144387206e-01 -1.923067515723139831e+00 -1.704776036615171630e+00 5.700316201697534085e-03 -8.305832163198550999e-01 -1.251136012089806675e-02 -5.203851315257144172e-01 -5.036411387961298169e-01 -4.910341970502357656e-01 1.192966918502348372e-01
-3.001821126860317879e-01 2.384527226845012393e-02 6.610322427664885314e-01 -1.207390317635559374e-01 -4.778714156325425400e-02 4.090664069219526189e-01 -1.026687176234697851e+00 -8.892970791523513441e-01 -7.030858705168248068e-01 -1.587156762116774811e-01 7.520966138431452175e-02 -4.201492530487547783e-01 -1.650016405227870964e+00 -1.792138444531612418e+00 1.839691824738937109e-02 -4.245044581405441608e-01 -7.627110573636448621e-01 -1.105850265277669164e-01 -8.035274600460440286e-01 -1.347820620246278800e+00 -1.316767661448216664e+00 -1.634947044429400309e+00 -9.673500337885306832e-01 1.475726221569410301e-01 -1.299085578445734690e+00 -7.290631713774321510e-01 -2.945137607997820872e-01 -7.777567148623514282e-01 -1.253195226032528087e+00 -1.012320321450253413e+00 -1.261002428960878441e-01 -1.434487879727498028e+00 -3.763072057469542542e-01 -1.919393457727010199e+00 -2.247386473051609379e-01 -5.850115032084954869e-01 -1.997396119854877305e-01 -3.621065036732162290e-01 -6.492910998218222041e-01 -4.253672549093292510e-01 -1.749196858307712654e+00 -1.341344598809805611e+00 -1.830270128221192838e+00 -1.061481409198121728e+00 -6.356564880651222049e-01 -1.339580674881148070e+00 5.011073542639859352e-02 -4.917129525843776938e-01 -1.224504293034511804e+00 -1.452853355446658723e+00
1.764971938681757724e+00 8.460492945593621750e-01 1.640256163695271718e-01 -2.927959327431028935e-01 1.137575624750603032e-01 7.889071516199167577e-01 5.247093616667658500e-01 8.048669942711701442e-01 -7.688581712319864092e-01 1.140958963750167587e+00 3.045510862709480127e-01 6.292905554961372161e-01 -1.848767975691981480e+00 -4.420604417196262181e-01 -1.105447504860816998e+00 -3.050218432805326119e-01 -6.467795853610032175e-01 -7.474309483330088266e-01 4.237097463048624113e-01 -6.446518072181500747e-02 -2.317383840378733559e-02 -6.012492295447964194e-03 -5.762758200873934200e-01 -4.920891133758826252e-01 -7.708035871867681132e-01 8.470368631663636183e-01 -3.240655152514168025e-01 1.323386827560149581e-01 2.317490504069698032e-01 9.392541662794637869e-01 3.747436281099149058e-01 6.342845567916339800e-01 -6.403560527140941261e-01 -1.119258911743015311e-01 -5.974373738081516227e-02 3.277997527245131160e-01 -1.670295919061454970e-01 1.370469466156339244e+00 4.022360581770181853e-01 6.009166624508031074e-01 -1.128214486583905884e+00 5.298945084179579323e-01 -1.021243793613558007e-02 4.182595222047040817e-01 8.720980795269386299e-01 -4.507387574612086723e-01 1.873627927982985941e-01 -4.289204521642185353e-01 2.520588686696570990e-01 -8.533774891442175159e-02
1.484322930845314303e+00 2.602395712915479109e+00 2.858327822110456218e+00 2.297050683066257815e+00 1.728438206009268896e+00 8.807409314031798830e-01 1.402254925048651124e+00 1.061587237494669989e+00 1.828653259139733089e+00 2.014654520887534384e-01 1.031651148853836020e+00 1.391496441960171637e+00 7.216786995600492638e-01 3.631046409096941874e-01 1.257906741870283174e+00 1.619995712609577421e+00 -2.873041980429746345e-01 -7.205520446871395424e-02 2.913304637579782197e-01 4.538448813445738472e-01 3.695436945072341217e-01 8.448177660288417323e-01 1.006792218050733156e+00 1.589246796514801385e+00 1.942800761921027464e+00 6.072114055013303480e-01 -3.849650161325009895e-02 -7.806972840223775911e-01 1.329332873321082964e-01 1.807100810639831856e+00 7.611639425998094621e-01 9.743445312016232318e-01 1.164839622088463367e+00 9.348318382240138336e-01 6.568021692060681538e-01 1.133662494471998905e-01 7.769808794863634072e-01 8.884931167020996279e-01 5.201946301470248279e-01 -2.708329630795495158e-01 -4.874051325314057714e-02 -3.062884236961256890e-01 5.228146998290574832e-01 7.482316583556578582e-01 4.259750120129909834e-01 1.705400116905819718e+00 3.755534212365211344e-01 1.571090094838357709e-01 7.077199283215217240e-02 8.126099787111511485e-01
1.792632012034091282e+00 1.415553023292249968e+00 1.657844075311320164e+00 2.507902333658631910e+00 2.111732986857250083e+00 1.080200180927396003e+00 2.282862550379431088e+00 3.041553122316988933e+00 2.837240048667117875e+00 2.736027181542535658e+00 9.292293817006882506e-01 2.321942970349105018e+00 9.181966126572420617e-01 1.192273974783142787e+00 1.087349435248929019e+00 2.558407752587876227e-01 1.250443590517929859e+00 2.698100610322172521e+00 2.514883291822657352e+00 -1.388800760078476026e-01 7.807080291930329485e-01 1.724640077470910304e+00 1.766840668663528069e+00 2.851260097805877192e-01 1.171185864600237325e+00 1.105579020854322136e+00 1.613865212475912081e+00 1.547139586201155437e+00 6.869312616023822704e-01 3.053249419631074990e-01 5.554854560805722041e-01 7.427790242430408751e-01 2.230240803841853636e-01 1.442731131279996637e+00 5.795386724321709426e-01 1.631630992305895811e+00 1.990971308100833559e+00 1.180403185096811303e+00 1.292296315760611325e+00 1.631444293387510402e+00 2.369357267053306071e+00 1.261131192172847859e+00 1.953933794295393600e+00 2.623934693749927494e+00 5.542623474402633699e-01 1.515455972820072494e+00 1.118461489278877785e+00 7.244359732973090771e-02 8.007720034805299036e-01 7.054998535824594796e-01
7.352993140967506447e-01 1.917134603688031902e+00 1.471838807737134713e+00 1.065241106156457063e+00 1.516806877219657457e+00 1.169880361902030597e+00 2.091642777392826780e+00 1.555435513346040244e+00 1.630426636217854330e+00 1.877563804559678307e+00 2.023075996631994666e+00 6.669732859472077280e-02 7.924363960768993076e-01 8.063448038241219917e-01 -9.685362144940230511e-01 4.020162899733973338e-01 -5.645063028689483592e-02 3.708777138815076008e-02 -7.377684360658853802e-02 4.526872018963171151e-01 1.045395177726598845e+00 4.390505450892740469e-01 4.591080893400143470e-01 -4.443212403636500607e-01 4.545003678549951465e-01 6.585729824617063688e-01 1.299511554595260465e+00 -1.264299044817390472e-01 1.401503807739997443e-01 -6.590860991600048235e-01 9.401452453861562919e-01 5.265317268710446585e-01 2.597489011516319612e-01 -8.519928398015406967e-02 6.736107080812184789e-01 -1.310614071127091496e+00 3.270042444621596434e-01 1.275311255964571622e+00 -8.049657793237553760e-02 6.739820495901512887e-01 -1.824231745406239003e-01 1.252689198511847790e+00 6.036884020967028253e-01 1.137366497615056371e+00 -4.924931931038666333e-01 1.862851425358723334e-01 -2.392027164075378187e-01 2.266992354532235965e-01 9.372688455767675952e-01 6.436709329224632459e-01
5.954082866372099048e-01 -1.180514661238149188e+00 -7.153517697991089719e-01 -9.964066656601366923e-01 -8.339562485896705457e-01 3.210282448794116172e-01 -2.158494113290381211e-01 -1.101703007937440582e+00 -6.553479740174548152e-01 -1.123978149099308599e+00 -1.693113012928374017e+00 -1.175887491572290999e+00 -1.018472197470419616e+00 -1.608349206907433437e+00 -8.435448677339872914e-01 -7.552513591896673484e-01 -2.276978224541394091e+00 -1.654750539666606679e+00 -1.351727607479042748e+00 -2.197855402297516303e+00 -6.506666978958397518e-01 -3.104535401233305514e+00 -1.694299181258600795e+00 -1.914803078758996913e+00 -1.336458813412761959e+00 -1.664089824071209200e+00 -2.535601067518298279e+00 -3.009599659815338946e+00 -2.035679263024988028e+00 -2.115997456684199474e+00 -1.732319847060515894e+00 -2.145192817330692669e+00 -2.272456368297470775e+00 -2.988191009435678502e+00 -6.380494966805381196e-01 -1.760872098126952778e+00 -1.401676335761997017e+00 -1.397752264293032676e+00 -1.206902806530601557e+00 -2.004778353784163247e+00 -1.907262562645119841e+00 -2.521750819087677620e+00 -2.858254575880103676e+00 -2.358475163071821701e+00 -9.412836653109244445e-01 -2.268808372045348243e+00 -1.398908442907294880e+00 -1.605836944677473177e+00 -1.754516987172831888e+00 -1.221119296597639847e+00
1.693728974684249877e-01 2.356537601898663237e+00 2.572463294525630051e+00 1.579367063660084280e+00 2.794139251938692947e+00 6.608699043745547286e-01 8.723511061880020456e-01 1.438168752357178448e+00 1.110266463063512843e+00 1.400288847901969280e+00 8.508636109823382032e-01 1.028109097707387676e+00 6.828758369398904016e-01 8.939464948116379039e-01 5.482631259125915202e-01 7.635683337508650803e-01 6.348185092946692087e-01 1.785999668811623975e+00 2.433689713405884802e+00 3.104785905862402218e-01 -1.185700334980782089e-01 -6.152044977501892609e-01 2.055258722473418953e-01 -1.766320652856887274e-01 6.525958391062621766e-01 9.000800007259560642e-01 1.921996165854242822e+00 1.141351559065763688e+00 -8.438085459385921694e-02 2.051583164081971056e+00 5.556829960177577243e-01 4.618556786183848351e-01 7.427629457271391900e-01 1.804223250741049833e+00 -3.150853126042641450e-01 1.223590281901118182e+00 1.470078361302123125e-02 6.191950746980898757e-01 7.666500379079946303e-02 9.147716558381514818e-02 -1.628643395838038632e-01 1.464210658961301759e+00 1.101594677179084991e+00 7.413089614729505561e-01 3.371320744245759893e-01 -2.884514863331875678e-01 1.152584402893353843e+00 -1.430469299247797976e-01 9.882236573686254966e-01 1.434395068537981155e+00
-5.746578235173673832e-01 9.594426032821896655e-01 1.291383752526249484e-01 6.249467308423950485e-01 6.485709384192772653e-01 6.726806771206350621e-01 -1.328430364961805665e-01 1.399403572904114101e+00 1.564120192627870276e-01 -2.458656681134998578e-01 -4.668969612800938362e-01 -8.700957382918673710e-01 -1.554120780835675841e+00 4.012468855882226348e-01 -8.624521231572582769e-01 -2.051552414480149189e-01 -7.101695829396749149e-01 -1.088743227415499004e-01 -1.061233576144742008e+00 -1.327206988785042618e+00 -8.231966139156302598e-01 -5.829658891815151511e-01 -1.540549383881153034e+00 -1.620729422838085076e+00 -1.243391219705549000e+00 -1.142334932361924738e-01 -3.045392193988250451e+00 -1.087285147693960896e+00 -1.334129776526011835e+00 6.084220335807870583e-01 -3.396505944999092530e-01 -9.573228926785064541e-01 -6.223751060801695489e-01 -1.016183269182205695e+00 -1.313448578432032443e+00 -6.329526217174397118e-01 -1.331239868216379074e+00 -1.278249407245078961e+00 -6.643663377424323668e-01 -1.440515987997178948e+00 -5.759267613881376979e-01 -4.938967958636959477e-01 -1.547754214588693333e+00 -1.865187473173442134e+00 -1.468772946614057107e+00 -9.350071790973164543e-01 -1.505172813826067824e+00 -1.389532268013450311e+00 -4.756274016136773780e-02 -1.477743678856699550e+00
7.866542871379591517e-01 1.141503304670356433e+00 2.586733957111730930e-02 1.104004141221201829e+00 2.031024678148491969e-01 8.714101870652498638e-01 4.215054251344748648e-01 9.239440589295146999e-01 1.451072147748665442e+00 1.784396487166373113e-01 -1.068194028352709990e-01 5.999779361425474633e-01 -3.859241679327592989e-01 -6.120914634602890869e-01 1.301126275327255222e+00 1.392986034793074479e-01 -3.868966732610691905e-01 -6.185528405532130236e-01 -8.522974380936133576e-01 4.007034752367467090e-01 1.026457089717746740e+00 6.127581524477510033e-01 9.056245513624759935e-01 2.882269229348154993e-01 -3.506932470194198403e-01 1.138638760816915729e+00 -5.846080524943653156e-01 -5.669869692813843676e-01 2.720480308903581723e-01 3.858426863245328908e-01 1.079737561352337033e-01 -3.340337535148183989e-01 3.268497144603475513e-01 6.022009337298533937e-01 -8.407624373109547911e-01 -4.067308304611277348e-01 2.340052590273025146e+00 -8.099555723107573213e-01 1.225658230961865769e+00 9.529672493441615488e-01 -4.434865262216421411e-01 -6.155929064279211937e-01 -1.601838922390916575e-01 1.534618565113577693e-01 -3.025237830975797126e-01 -3.565742561290535795e-01 2.207965251584308453e-01 -2.637605336470515982e-01 1.443011357027534913e+00 6.213301004635756603e-02
1.245815991691486158e+00 8.442369707581488525e-01 1.284905780079908189e+00 2.539533650265513920e+00 2.759548875586554484e+00 1.999550124493082226e+00 1.417513556683815512e+00 2.731856869503721530e-01 2.475114802824933680e+00 4.662324138656182004e-01 -6.772122816437009529e-01 9.214063267404356550e-01 1.174909371609428543e+00 2.486029194307575463e-01 -2.249558195416037354e-01 -2.954611966299357517e-01 -7.751013987019288454e-01 -3.183745323334880584e-01 -2.847910469473836637e-01 -1.446206256607662777e-01 -5.193587093020707313e-01 -7.698913152293435092e-01 1.366074494261541317e-01 4.986498013369807247e-01 9.973387366526955677e-01 -5.185837430241894142e-01 -1.429047822021350667e-01 -7.921198968737107604e-01 -3.202488133831347117e-01 -8.215134617430995823e-01 4.309242444306848330e-01 -8.058827097864602607e-01 3.371770316474247409e-01 1.455151161245528957e-01 2.547437837040312236e-01 1.337718901264905114e+00 -8.387521255887013805e-01 5.908785785538979152e-01 2.588958264228870543e-01 2.411136285860449036e-01 1.095840222450723989e+00 -1.400474308229376907e+00 4.849170641481325150e-01 -4.548513895100247950e-01 1.736268460635598532e-01 1.443521001833970141e+00 2.272918006813458847e-01 8.000257242813065828e-01 5.445389114619728771e-02 7.200067065559814239e-01
1.111824873825128401e+00 9.484228983286128178e-01 5.036039184187703910e-01 1.116223536452245479e+00 1.643666358248561110e+00 1.436445454275790734e+00 1.219999353564627187e+00 4.681190376064858771e-01 1.248133231874368754e+00 6.667888296282872274e-01 1.099664785889195473e+00 9.067433576234733561e-01 6.379841922947748767e-01 4.245226709058131931e-01 7.596628404782185436e-03 3.429242374775321456e-01 -2.674936974096900899e-01 -2.993117527106836651e-01 -1.298200144990096172e+00 -2.240449302866305559e-01 1.655861053142926032e-01 7.638005909173076757e-01 -1.187667373361121825e+00 2.994222244457721005e-01 -5.680696749873590523e-01 5.132797133273130363e-01 1.211299761324290181e+00 -6.057545519357849795e-01 1.175070537817369143e+00 1.535719586756064681e-01 -1.704700033603315235e-01 1.273459976358743084e+00 -9.158910871786830610e-01 3.787608174491239876e-01 -1.386294360236943746e+00 -1.412305817151139620e-01 -8.939516912521974223e-01 1.710717780502909235e+00 -4.670805668205030292e-01 1.283516160566488540e-01 1.634110227919769592e-02 -8.600327121190947111e-01 -4.274348081979847391e-01 9.214897702633887411e-01 -2.616479281827974734e-01 2.954559681826945394e-01 3.864359795070000381e-01 1.211084963643733747e-01 -3.903616663281260224e-01 -8.099290433527051025e-02
4.563790039007173949e-01 -5.562696780699190047e-01 9.756902926521839881e-01 3.791851399393341149e-01 1.192330385019070960e+00 2.023816293890901896e+00 1.270980683228834618e+00 1.357912900107217657e-01 1.039716666647854337e+00 2.196992662665860241e+00 9.937469349763389248e-01 -6.307114239899522801e-01 -5.532922859576558938e-01 5.682532742273758153e-01 -6.415747345732771834e-01 6.186912447451399233e-01 -2.070369519061766861e-01 7.577472857777156623e-01 2.401107739878395944e-02 1.420324027340133521e-01 1.010380815752992767e+00 1.347268963065278768e+00 2.946270695118349825e-01 -2.309737830211791298e-01 -4.826663833551668725e-01 2.269015239998434241e-01 4.944982548339367512e-02 -8.095235745578626130e-01 -1.962462620128516133e-01 -9.559394517383919265e-02 3.447306114331242233e-01 -2.183923979629522061e-02 6.622112753160878107e-01 1.230065255100642574e+00 -3.356343042002222221e-01 1.153175342117084834e-01 -8.162622323009588454e-01 1.386943096705004708e+00 4.705381972238060762e-01 -8.559000373287519725e-01 7.867693501440545800e-01 3.944361749495333136e-01 -6.861038462283772787e-01 1.137219069768670376e+00 1.583008085123036812e+00 1.204235318072961469e+00 1.375180284086269022e+00 -2.309290762284621767e-01 -3.289762956121612680e-02 6.509138073489739718e-01
2.293667043471892431e+00 2.519535267611472840e+00 7.310698143156573181e-01 1.699049369407198640e+00 1.236860405542021812e+00 1.361463207129092190e+00 2.925300971518127735e+00 1.944779000800815894e+00 1.255053115241975270e+00 2.136837626095553944e+00 4.610821152406640033e-01 1.041748989207131437e+00 3.411651166296789106e-01 1.832002409150835120e+00 4.456493054919598573e-01 1.339062846823672714e+00 9.856349502579996313e-01 1.091963206443489875e+00 2.133295362938832263e+00 1.515894733688320839e+00 2.959311153827289265e-01 1.172671667576947074e+00 6.026925962186276964e-01 7.398624216510346630e-01 1.397061153206835771e+00 1.238068742077833573e+00 4.297023270517857929e-01 2.018118711101228424e+00 4.867034886633144763e-01 1.920452697823071597e+00 1.838859205571038657e+00 1.311433365379967464e+00 1.515708327565054914e+00 5.240656858223402548e-01 3.157296837909208675e-01 1.601113917417505306e+00 1.252891910256565655e+00 2.171554078749949213e+00 -2.131240124463885666e-01 1.113914760174065099e+00 1.075917094727607548e+00 7.162607333027525280e-01 1.316448636714272258e+00 1.648296034182988867e+00 9.555691417219743800e-01 2.626835653970787665e-01 1.218202150379352311e+00 6.808047072325544846e-01 1.945439917349742753e+00 1.021517609316026753e+00
1.173950470551374137e+00 1.941760955246311759e+00 1.816764377392719343e+00 8.942469366923351259e-01 9.418573659848603619e-01 1.845442474050016601e+00 2.207936521506212557e+00 1.733338528732194517e-01 8.250669336495233264e-01 2.050187696795968684e+00 -1.240683467825341557e+00 3.676554883729813983e-01 -1.789518923169774178e-01 1.425494692246793926e+00 -2.169233064838342606e-01 -1.065742775181886953e-01 -1.100327459286182918e+00 3.276074541580688559e-01 -5.755495557025291919e-02 3.174041301276666217e-03 -1.055629479506492219e+00 3.348889641949876483e-01 1.528349919067341078e+00 -5.642124665829745256e-01 -9.610109114708932643e-02 -7.844608245532744828e-01 5.368567974803682974e-01 8.374053294038723561e-01 3.851478390515390982e-01 5.823665058910013625e-01 -1.345705362989584319e+00 -1.548999187723623994e+00 1.693685118124318989e-01 1.889433665719943978e-01 -1.249170082836338125e+00 1.113571338410130826e-02 5.500150049364967986e-01 -4.633629299958054171e-01 -4.084636252737640638e-01 -7.229391956884644310e-01 6.463529389717133089e-01 2.887895854180236310e-01 1.547882017450706860e-01 1.662842770194972522e-02 5.895415808218273934e-01 1.169027786584861950e+00 -5.191224801337246397e-01 2.170612168473129780e-02 -1.973168923086034698e-01 2.709349747181109547e-01
3.930026856114644529e-01 6.507561107115154009e-01 -3.946810427651299413e-01 8.635266652315727320e-01 1.137035684520567136e+00 2.371006661475301147e-01 1.274757949037322424e+00 1.111806540960039946e+00 1.352068483658085407e+00 1.273164539323801137e-02 -5.425143786497830245e-01 -3.810519723010344362e-01 6.646308242450542636e-01 7.114565411673756667e-01 5.461789874632030362e-01 -7.727261425732682154e-01 -1.305728806198578340e+00 -1.474932096940782811e-01 3.668503131989334781e-02 4.013404894140002455e-01 2.122036747898227715e-01 5.659638064933040225e-01 3.608918014651409933e-01 -8.526445541883554968e-01 7.610996506986193733e-02 -3.095736698662812647e-01 5.530173970400481531e-02 5.947514076946487371e-01 -2.139385721220355696e-01 4.424148187737690363e-01 4.376588497400766276e-01 1.378736764202984411e+00 -9.074302556859591418e-01 -5.058255219441573081e-01 -1.804612820418227681e-01 3.858256289173436770e-01 3.831192643923700403e-01 3.187865625912743028e-01 7.147563793404181076e-02 3.756650608647431611e-01 -7.970384200857921764e-01 -2.097777466231896260e-01 -9.763703055890657900e-01 -3.589336356133669415e-01 -8.946369414394929054e-01 3.195901858721765798e-01 8.444599436300143092e-01 -4.347776524786499674e-01 -5.670121981595719340e-01 -2.123281957815774390e-01
1.229532255092942616e+00 2.396018773999479379e+00 2.721647505000506229e+00 2.974574875583722466e+00 1.315365671808032655e+00 1.421403325919363247e+00 2.106081342060034167e+00 6.789723933866772532e-01 2.343335925913278217e+00 1.994041265302314514e+00 9.670416764247981023e-01 7.918308865013587994e-01 3.781041821534550929e-01 1.749010960370942502e+00 1.314253700066554620e+00 4.089859384492515737e-01 9.409523937400571247e-01 1.009007657641470823e+00 1.100864343592987460e+00 -1.689246927433647183e-01 5.667807429546797282e-01 1.262618217730721026e+00 -9.116610734926340609e-02 4.747203676705946673e-01 -1.117506275988438130e-01 7.460552685838279796e-01 1.203341019299303538e-01 8.199136093182028961e-01 -3.096394881783040565e-01 7.632328678427759971e-01 7.935604490870750150e-01 1.435297287326212201e+00 6.418223314642982347e-01 2.250521657028943523e-01 -3.116691683754800324e-01 7.517906558196346678e-01 3.453215487777034909e-01 1.960473815019885935e+00 1.440869059253591544e+00 6.825105639312764039e-01 1.152786575926156631e+00 7.738618631330946851e-01 7.822922557459595083e-01 1.299916170391320014e+00 1.911124880527012682e+00 -3.442655785486300468e-01 -6.580029349631162650e-02 1.786556311477283554e+00 1.796899309537501876e+00 1.459289380270749392e+00
4.123219321740037913e+00 3.829105626637324455e+00 2.899031604344735058e+00 3.177199628943208509e+00 3.765595847146249397e+00 1.402026647751270394e+00 3.819441532222786151e+00 3.150368738578591454e+00 3.153177648589247095e+00 3.208706504223737710e+00 2.664835829604013551e+00 2.972492230273133806e+00 1.420574254333610842e+00 2.747758454840819820e+00 2.366868829734022128e+00 2.130904388083110668e+00 2.792777299956216819e+00 1.726930122725301331e+00 1.470393598555856274e+00 1.433377970015469849e+00 2.303102744627813170e+00 2.677500156466788184e+00 2.038742935908495646e+00 2.054968230525239026e+00 1.865401389925904985e+00 1.201575717382064257e+00 2.001564762231170747e+00 1.964258196768891462e+00 1.695340671210058492e+00 2.330194305993309456e+00 2.851282739495402119e+00 1.590464685256218980e+00 2.559980972244113140e+00 2.129730709272937617e+00 3.859033456987917887e+00 1.354316213995044427e+00 3.489092120242847983e+00 2.468417925308475702e+00 2.117510159492833388e+00 1.641909735523085390e+00 2.616744762019826975e+00 2.769022036104315188e+00 1.132366957178021494e+00 1.920323035806552836e+00 2.221174938628127205e+00 2.321692101033657973e+00 1.543763098080428220e+00 1.667766560740572945e+00 3.365101591092662492e+00 2.070720987255332712e+00
-1.155664416557127261e-01 -8.271226341216419975e-01 1.145310686760317109e+00 -7.046120678945746452e-01 -1.947751262211123269e+00 -8.572487600108895656e-01 -1.636803112767627688e+00 -1.000468162515246728e+00 -9.813657121103269709e-01 4.762786560688181403e-02 -1.518390700025729512e+00 -1.413419481809536249e+00 -1.394072364136208941e+00 -1.612525181853573297e+00 -1.994054551082240501e+00 -4.047267152256713296e-01 -1.459041321722108986e+00 -1.578620388711328593e+00 -1.421564178100055642e+00 -1.724277795939253233e+00 -2.066571662065163739e+00 -8.171845876222834093e-01 -1.207561426956511363e+00 -1.863040958312145001e+00 -1.493988296319918696e+00 -8.986044468301743748e-01 -1.671948280379062401e+00 -2.006699814004957172e-01 -2.649281128485567738e-01 -1.113249412499481616e+00 -9.805020162101212300e-01 2.159096693420975710e-01 -1.473208426535638438e+00 -7.812856052531649831e-02 -8.477933210135651931e-01 -3.072809484741562680e-01 -1.088234300610169791e+00 -6.533461656554275798e-01 -1.243375807863742466e+00 -1.400982194683171589e-01 -8.038585518091135862e-01 -5.250385139630894260e-01 -4.257428658967835622e-01 -1.633844278283912432e+00 -1.751812313920642517e+00 -9.930215003327457213e-01 -2.032338881021234778e-01 -1.901952726815058892e+00 -7.123026080564061058e-01 -7.677853579207597479e-01
8.227287795731401676e-01 2.532191846509976862e-01 3.893641955751270256e-01 5.008238605144110789e-01 3.887749627766137195e-01 -8.696876069153152145e-01 4.801507906896088640e-01 1.623856215458290508e+00 5.487805915156351855e-02 -7.265131683925363237e-01 3.083669679968574773e-01 4.496506054710146527e-01 -7.340533642352006227e-01 -4.096920570935909667e-01 -8.801365759518197107e-01 2.670460327576255066e-01 -1.700196353788926418e+00 -1.294825912635018561e+00 -4.022002297487250466e-01 8.359774205948725112e-02 -1.752084757994197384e+00 -3.313043396281185049e-01 -5.368691737672208752e-01 -8.283725381850924885e-01 -8.639690219496523049e-01 -4.130088537315582120e-01 5.457678395428666729e-01 4.909715623211029500e-01 -1.727159006639705563e+00 8.190994944088766383e-01 -1.196737938206770213e+00 2.730314954874333844e-01 -6.134163318499388229e-01 -1.329651124976493071e+00 4.317341110602195831e-01 2.164419251814085898e-01 -2.734199614476961471e-01 -1.313340209229415523e-01 -2.264569922181420392e+00 -3.406806791910007015e-01 3.239308591216069622e-02 1.550454403688628913e-01 -1.162282338763176437e+00 3.625997443518864660e-01 -1.055308250022359173e+00 -7.599801236169487773e-01 -3.463774824005269037e-01 -9.341932421013214860e-01 -5.795205169991035632e-01 -8.773092826921218279e-01
1.179931691929673176e-01 2.046143876273686102e-01 4.172200922802745682e-01 7.636183921655059770e-02 9.156413587470718651e-01 1.283427914244597012e+00 8.774647168485680826e-01 -5.542409122392046861e-01 4.882063535754478378e-01 6.868677560271034821e-01 -9.872854177380312457e-01 5.096591454380025032e-01 -3.984666049541514543e-03 2.564221499460090370e-01 7.508830946005295992e-02 -4.064111577056810920e-01 -1.191331640928156160e-01 -4.265433861893418444e-01 -7.726098387739674944e-01 -9.109794465920513229e-01 1.007405368796430611e+00 1.212869732722523741e+00 -3.560331913622888922e-01 -1.579149348860286572e+00 -8.632607281573123625e-01 -6.087916186110969852e-01 8.457822532017456041e-02 -3.711204827035433640e-01 -1.451532887289910922e+00 -1.385049622044787876e+00 3.796318298868294194e-01 -1.010889203495645428e-01 7.330646997784777685e-01 -8.438278063029902576e-01 -4.751427477955164069e-01 -3.392018772973267038e-01 -1.881466843359057561e+00 -1.343574882514800617e+00 -7.637965389824967755e-01 -8.652066956416807342e-01 -1.776165693167217619e+00 -1.806942856249019513e+00 -1.732578754680043742e+00 -1.522895524361569608e+00 4.081605795007187676e-01 -1.340067131252026922e+00 -7.806203936545782485e-01 -3.726726149199865445e-01 1.272543438354387435e+00 -9.686887496627802907e-01
-8.269622704704977512e-01 6.218251536684038516e-02 1.877218686902618394e+00 -4.436555652309090991e-01 1.421228329016327452e+00 -2.468616353010160136e-01 1.222639821014448902e+00 5.570942966214353920e-01 2.831703742986849681e-01 -2.773661775463416301e-01 -1.068850689844123014e-01 -3.777478047490712698e-01 -1.187211625617340394e-01 -1.127494193126231004e+00 -6.932786393997620866e-01 -8.069036139891876402e-01 -8.517450862837493419e-01 -5.416907718359214446e-02 -1.006449762422717109e+00 -1.577432191646693793e+00 8.424358336413859671e-01 -6.247142278022547179e-01 -1.122714586372321133e+00 -9.708604511014848892e-01 -1.424164955898906959e-01 3.274136016312223507e-01 4.952665791565316611e-01 3.386509883516299751e-02 -6.489831564281738352e-01 1.610160508154034220e+00 5.042631433149055153e-01 -8.490617792764911798e-01 -1.393068337445139582e+00 -9.522984300653558609e-01 -1.072836133962756788e+00 -4.030052730930177018e-01 1.069604656259353970e+00 7.825840205028586904e-01 -7.342094501204176060e-01 -7.332086956345785778e-01 1.899376013465624569e-01 1.118106278723321051e-01 -1.796476687773652214e+00 6.228032041552578058e-01 5.332483388374978928e-01 -1.007261821866388019e+00 -3.154296969415521651e-02 -1.386410926282987399e-01 -8.085946452881949409e-02 1.195225647945712621e+00
1.316958219266229246e+00 2.748124336471978957e+00 2.739688203588771742e+00 1.464160848044687491e+00 1.537544628518685341e+00 1.626952960371002677e+00 2.191918333590148649e+00 2.351818545749789990e+00 7.959909672057579044e-01 1.311997660151108303e+00 1.786465840840431696e+00 8.758333525149603060e-01 6.412827790809779716e-01 1.180772422018186329e+00 7.464595284951561771e-01 1.433026214695941158e+00 5.516115071914480250e-01 -3.187045058805773601e-01 6.074788406506912569e-02 1.039338729030114150e+00 1.441231219798430940e+00 1.604316986203773832e+00 1.508922549271973779e+00 1.277197592249208757e-01 8.394362968348410003e-01 6.595482053943716449e-01 9.916945971367174817e-01 1.778912022793995296e-01 1.122334956194752653e+00 2.094800276606247458e+00 9.220226793138399657e-01 -8.662079904935612307e-01 6.706681767864555166e-01 1.479474258893150429e+00 5.162405882408691582e-01 1.166116301012388279e+00 1.216901910921918795e+00 1.230226835841717881e-01 3.516288721283978846e-01 7.752017797430246215e-01 2.209142954803398617e-01 1.802516291207999055e+00 4.711457997044711243e-01 1.116108183265992926e+00 -2.727536261219547509e-01 6.632434818342539673e-01 8.237552362959148500e-01 8.792264181860827144e-01 2.411096319745874794e+00 8.605248634133763064e-01
3.110304263896133570e+00 1.071460533515181224e+00 1.879979339080421807e+00 1.781700382369920455e+00 2.613175940425047639e+00 1.686521646983448974e+00 2.769943523519861728e+00 2.285533161478453756e+00 1.999477734487584923e+00 -4.726325075644766116e-02 1.026401317427669158e+00 1.127557579279099498e+00 8.769141811244617751e-03 1.232758905684726347e+00 2.561048725554195271e-01 3.554998437760063523e-01 9.900397390400386133e-01 6.723671149014993631e-01 -3.342288494760977113e-01 1.253785115814768591e+00 3.680001258979776479e-01 4.317731874800626590e-01 1.201336119815138881e+00 9.976725630426266367e-01 9.224517714472292296e-01 1.435370425195383826e+00 3.094242555230555247e-01 1.779900156681138990e+00 -2.919578598528199675e-01 6.045549220809373070e-01 -9.390090658404569302e-02 1.560006246962113430e+00 1.173308702510671431e+00 8.184120332250377494e-01 2.308620228083890336e+00 3.712242628162313318e-01 -4.351885038961399443e-01 4.038674681265577160e-01 1.186626963003423851e+00 1.542268505049346317e+00 -5.826385551963387810e-01 2.172296520403764752e-01 3.070031861557815378e-01 3.991013220036579434e-01 2.104225964695532358e+00 1.909793044013519570e+00 9.436274523976426742e-01 6.761060320536507184e-01 1.585506899278933401e+00 -1.006355885729979249e-01
-1.428669432249891624e-01 3.877781072797623629e-01 1.844840827331013511e-01 6.661641796272481653e-01 9.435948168612990905e-01 4.346233681015395645e-01 3.425458304276907118e-02 3.739806417070097311e-01 7.407917869158486823e-01 -4.411793168600364190e-02 6.942740041320757394e-01 6.921244981983519784e-01 -4.333102899979863198e-01 4.184852243358182511e-01 -3.246160959342379027e-01 -1.096445825920934647e+00 2.166380730479886829e-01 5.898324943095619721e-01 6.354908599165693950e-01 1.075939632450137573e+00 -4.838601782977720589e-01 8.678485919590005482e-01 4.629778328663488596e-01 -4.057718862486933142e-01 -1.440129183088006526e+00 -9.074203339558707393e-01 -7.063406985213687150e-01 -9.600090771098321873e-01 5.548003839601215459e-01 -6.606835623987677986e-01 -5.038523783655973753e-01 4.031991606791159310e-01 8.716267118316741724e-01 -7.589426890774056966e-01 -2.320470629195881263e-01 -4.494223762075673367e-02 -3.543248311348669022e-01 7.014905812569653953e-01 -5.654221881860485022e-01 7.667918463127761930e-01 4.596188630652812690e-01 -3.862240938954089597e-01 1.556642474597869918e-01 6.824065839010443613e-01 -2.211980239251863656e-01 -2.743660043436661478e-01 -2.939656344570554247e-02 -1.184039386566981822e+00 -1.142567041467634770e-01 -5.939424222000815323e-01
-5.532233795708441093e-03 2.808316410984731393e-01 -1.820800869581111758e-01 -2.829352058915080015e-02 -9.289494769245036920e-01 4.391219957740375435e-01 2.235943328942679997e-01 -1.610389722061047468e-01 1.343326655867746577e+00 -6.087834539076606433e-01 -1.482089850786859397e+00 -9.436069055608939937e-01 -1.743095969468276163e+00 -1.460384710785535445e+00 -2.070024061848685371e+00 -5.049969755403039828e-01 -1.475527628207728315e+00 -1.459634631934465521e+00 -1.592710535884036993e+00 -1.559833821125672149e+00 -1.277915149960593633e+00 -1.055113585407727816e+00 -1.746873984464055063e+00 -9.391064841905297778e-01 -1.061093584916844357e+00 -1.140450384346920698e+00 -2.442398186049092035e-01 -2.560044065385213563e-01 -3.003595345736022604e-01 -8.406644828459782781e-01 -6.808457555404099359e-01 -1.175368020371952760e+00 -6.529525797144544730e-02 -1.449361291862402368e+00 -9.208735579287383732e-01 -9.956780342392211880e-01 -1.172138577309466134e+00 -1.679854557121114977e+00 -2.119286622045458479e+00 -8.167916113161006741e-01 -2.024124801274609364e+00 -1.433308546461435240e+00 -5.860155655846586154e-01 -1.877683999614171872e+00 -9.310241164227288646e-01 -6.181706301022539263e-01 -1.553318507975060658e+00 -8.396554407382694762e-01 -1.209879498250917562e+00 -1.132604324068991142e+00
1.778682126731059743e+00 2.653764703111074486e+00 2.255179734798922198e+00 2.444874555575312414e+00 3.819742948472750754e+00 3.091673000853008002e-01 2.956093857121348645e+00 2.643485364315686148e+00 1.906827440507004923e+00 1.990221378908851868e+00 1.755471001354920402e+00 1.135969201848260474e-01 1.408990166484444417e+00 1.192761993641272555e+00 8.988466204183536146e-01 1.823686092120373914e+00 1.949818554096978129e+00 1.258602734336327522e+00 4.157131332249154321e-01 -3.486946338526633604e-01 1.133916515768474520e+00 1.095273118427708248e+00 1.190717673394721121e+00 1.052469121231318222e-01 1.895116564110730817e+00 1.267622388826283419e+00 1.253540926449810744e+00 1.507073570648081118e+00 1.418634521168315787e+00 1.322407643268111777e+00 6.066117639487942359e-01 1.726807938855076774e+00 4.610108730982762637e-01 1.253047927120608307e+00 4.394041934964369456e-01 1.853981976562421696e+00 9.738624812338310122e-01 2.074889078332740056e+00 5.764629703957543372e-01 1.614398143663251961e+00 1.030049223551925852e+00 7.657781892304889038e-01 -9.224970266443413558e-02 8.209894312188917853e-01 2.120585757991361842e+00 9.416300851987462472e-01 1.068657185735055970e+00 1.703956168986532793e+00 5.710159376330713465e-01 2.353523674486432071e+00
3.328695481330925521e-01 -5.692125593072629997e-01 6.077863884351575319e-01 -1.105267821188689048e+00 -5.591143421658344437e-01 1.111955544453730127e+00 -2.276226081769499032e-01 -3.436036762030294511e-01 -4.684342483515024913e-01 -1.526648804871495457e+00 -1.558113902878761170e+00 -2.007297709367784844e+00 -2.246940439772550757e+00 -1.655174682702686750e+00 -8.447744739446999551e-01 -1.488697848098033294e+00 -2.053396987558750553e+00 -2.139481070302027277e+00 -1.607706418340822507e+00 -2.024247098007109003e+00 -1.222884669700215365e+00 -2.536429717700111386e+00 -1.001473192689089187e+00 -4.825297585847674875e-01 -7.500617784013303702e-01 -2.344779323615362898e+00 -1.991299729947881181e+00 -1.184439642622383326e+00 -1.745677905580810041e+00 -5.595534436514065096e-02 -1.116029450105978427e+00 -1.944368039483252097e+00 -8.915190040576512764e-01 -1.984068912388243788e+00 -2.051415504335255768e+00 -1.472090372485220566e+00 -2.063252841972723406e+00 -1.762587290705583509e+00 -8.906016673330391376e-01 -2.321255423330053524e+00 -9.697806166764851854e-01 -1.850765826427536842e+00 -8.364178633870492652e-01 -3.065843484358647508e+00 -1.510310215965175562e+00 -1.492928487813582894e+00 -1.375508837148694097e+00 -1.701152247865043821e+00 -4.400215293214248535e-01 -2.369853340069959291e+00
1.157230002650210032e+00 -1.209121267429265068e-01 1.405836001830218951e+00 1.560361487121267876e+00 2.216742089313726849e-01 4.280580976506384028e-01 3.938613122956113877e-01 1.233624554340717605e+00 1.004586597436964990e+00 6.265536393890080991e-01 -6.037515522406706747e-01 2.433998902411189103e-01 -8.279866877883494958e-01 1.469069286962038957e-02 -5.071501652697726348e-01 -7.569156098178807524e-01 -1.062786818433337555e+00 -1.430676344414274770e-01 -2.769698679120610740e-01 -8.786425858488452478e-01 4.104034076399583064e-01 -1.435213764450128104e-01 4.889615766480151504e-01 -5.016690167576117743e-01 -2.036495721718546426e-01 -1.066227195629806834e+00 -1.223761571768734235e+00 -8.974240441132336210e-01 -6.479817669683746173e-02 -9.273580916127720508e-01 -1.048496839822091076e+00 4.125002247068953465e-01 -5.863833850890919352e-01 -1.985512593820112359e+00 -1.047392248213345978e+00 -4.093824687910294635e-01 1.609844072286460981e-01 -2.839315785429014083e-01 -5.813066456655290315e-01 -2.699093776171573866e-01 -8.156516334300667470e-01 -2.079453949499796117e+00 -1.868755799617326963e+00 -9.642498595887798452e-01 3.614651112385541265e-01 -8.162004513931329086e-01 3.216005533866249100e-01 -2.656100028629254095e-01 -5.255705901765097554e-01 -1.458865515288026993e-01
-3.425682132590273099e-01 7.227807358263786952e-01 1.073280391438278469e+00 -3.713763559762892630e-01 1.940824339480322180e+00 2.052413915079221995e-01 6.344339515053909473e-01 8.213051462379555856e-01 1.813184640326298558e-01 1.794680334663832033e+00 -6.276502954034467452e-01 2.843472679764809663e-01 6.391099922911628317e-01 -9.593015301813843099e-01 -1.127968653619086659e-01 -2.551014297681208909e-01 7.977920938672511397e-01 1.609434117651085128e-01 5.253869967887279252e-02 -1.107383552805005333e+00 -7.802057047891817199e-01 -4.544617592771872383e-01 -8.436243859453361749e-01 -1.389505342473767335e+00 1.320233313814146214e+00 5.928007571426640032e-01 -1.016953412003743368e-01 -1.101424439798732280e+00 -3.962612830936783070e-01 1.129077157678240323e-01 -1.144694422750048401e+00 7.342303860435395180e-01 -5.379941441204921793e-01 3.613782930529589599e-02 -5.140785706326690407e-01 3.639695858241571713e-01 -3.459526420893220822e-01 -5.028756330369112959e-01 6.241703320597449256e-01 -1.317415851240038904e+00 4.140005131451520159e-01 1.837505452007798593e-02 -1.986843349571711381e-01 -1.064423493877767191e-01 9.051412706852614287e-02 -4.997472189129045228e-01 8.451209693885429752e-01 -8.956107718439806353e-01 -1.045296901993967742e+00 -1.067090654131510885e-01
5.598621337891740435e-02 1.535144481176577980e+00 -4.223321280437271064e-01 1.265749496505130356e+00 1.522333257460274591e+00 9.707150285183517857e-01 1.231988508153966988e+00 6.245656357675524184e-01 2.397414640894285576e+00 2.229455120070500396e-01 -4.620611960083403913e-01 -3.650626646587922797e-01 -1.680522516643370157e-01 1.202396560796609393e+00 -1.190045033088152016e+00 -8.767735687438369396e-01 -5.880914325094024342e-01 1.829883424100973988e-01 -7.553295140878505398e-01 -9.545849473216575509e-01 -7.751673219557562167e-01 -2.248758434123603323e-01 1.173987449593375754e+00 5.559395977690133606e-01 -2.288823458910969333e-01 -1.924570982382675099e-01 7.471896712205360058e-02 9.490440915399104282e-01 -9.867263561415611228e-01 -7.351747992127627418e-01 -3.722103594467957022e-01 6.943593100598622891e-01 -1.702133809498923789e+00 -3.277187782873101640e-01 -1.738422200717696597e+00 -4.708570260734213919e-01 -9.368146135014859821e-01 -7.516684037845112742e-01 1.255415885943576837e-02 -1.949665090680724022e+00 -2.591166358873365549e+00 -1.442913300100777674e+00 -1.877835825104202383e-01 2.061782911458297229e-01 5.463342476143118187e-01 -2.245661120023164925e-01 -5.383852702210579766e-01 -5.869358414647686262e-01 2.766698653672851616e-01 -1.329547345324231467e+00
-2.136133789745535694e-01 8.269500665882374424e-01 5.927783017296397450e-01 8.153375790812706914e-01 -3.589855403125541411e-01 1.592205941727765417e+00 -6.903061679777413584e-01 -6.869039334451478851e-01 2.247916931719398104e-01 8.860077438253969317e-01 6.405109987740078559e-01 -5.529397380727890665e-01 -3.015052444410682431e-01 -5.043949272535359629e-01 -1.581926575532217161e+00 -2.536155780570588103e-01 -8.423757243225127311e-01 8.678177673091164168e-01 -1.011163270759135591e+00 -8.737834103074446634e-01 -2.048540787325363599e+00 9.234965038492026768e-02 -1.071398261417481290e+00 -1.158399888173007541e+00 -1.139651204513240756e+00 -4.687384460200933467e-01 -9.661844171979430129e-01 -1.555951368939984647e+00 -1.259338050455772073e+00 -1.326915247773337025e+00 1.081353192080587444e+00 -1.097396898943956867e+00 -1.817934308762790385e+00 1.720459771861781728e-01 -7.608140983124009882e-01 -1.237812865287201275e-01 -3.140978607727906158e-01 -4.497446434606934274e-01 -2.356034625697604135e+00 -1.763527283010982716e+00 4.778051534063694761e-01 -8.080337780513265900e-01 -5.635443832781702467e-01 -7.515888884518679980e-01 -1.277033968389967411e+00 -1.223753091648192015e+00 -1.009005174001795124e+00 -1.332779862223795408e+00 -7.722341722397457753e-01 -1.581331667728084200e+00
4.686641828180391212e-01 3.312767992668573802e-01 1.821514764318923563e+00 1.744126526678449363e+00 2.744193748234363017e+00 1.822769675233614439e+00 1.957712695234205658e+00 2.358983482898758588e+00 3.048945489134415876e+00 2.192360865580952556e+00 1.333653503913133420e+00 1.592625760790659095e+00 3.138214820523683724e-01 6.175881824234231710e-01 9.325330890404357476e-01 4.982256808038435514e-01 8.978888163683933499e-01 1.089123428870088395e+00 8.626686524924570554e-01 -8.804587561430878007e-02 4.502175801407662381e-01 4.527304048776537582e-01 5.843783092581075200e-01 6.039350320910122916e-01 1.671922624583211392e-01 4.919389946349315146e-01 1.040660441231946898e+00 -2.492434032632888652e-01 9.084366134655819103e-01 4.023203525798403901e-01 1.631819639640387454e+00 5.802323893745993111e-01 7.550115154474898449e-02 1.009944749124506380e+00 -1.926604132236007239e-01 2.411296723511216822e+00 4.250543304903047215e-01 1.774545950013051154e+00 8.721750975482626123e-01 8.090709844035758047e-02 1.145548243910204933e+00 -4.046172630523283131e-01 3.094952190898508926e-01 9.765191855279508060e-01 4.860983246195144103e-01 5.487926185864273609e-01 1.087817024242169611e-01 1.656391527477512282e+00 1.494246484280706833e+00 1.108121031940064949e+00
3.805493809877009248e+00 1.645144678885501532e+00 3.333081023686208511e+00 2.779028512035779386e+00 2.733028549565785781e+00 2.921551037957208496e+00 2.601195756919259416e+00 1.638655379174879023e+00 4.033160897861074901e+00 2.997114175955755577e+00 8.303580080191256263e-01 1.441312769893463575e+00 1.567206427211455200e+00 9.294509288292721605e-01 1.941755710672528945e+00 1.192924233540132661e+00 2.010724108773681795e+00 2.454871137029880579e+00 1.075522693436661958e+00 2.147061233137069980e+00 1.563539213655444238e+00 9.464964633163990282e-01 1.472888106223106064e+00 1.477820652151350167e+00 1.136449966972541192e+00 2.654357905416898866e+00 1.559570004527286669e+00 1.943783211799593458e+00 2.383436444101883378e+00 1.543108134408019305e+00 1.253526792067358064e+00 2.747085621212254747e+00 1.025083746271207463e+00 2.198824083148865238e+00 1.783473875349650850e+00 2.691483397317373072e+00 1.812099956954576374e+00 1.671599263262817825e+00 1.741782815085980429e+00 8.493729768748328190e-01 2.389860770379815147e+00 9.315657306176701180e-01 1.161403873602298020e+00 2.294551598447728047e+00 9.725318159513473004e-01 3.093243863385798598e+00 2.762648658804513158e+00 1.167156786426039705e+00 1.354038240228177870e+00 2.001032518799323423e+00
1.077796001810317872e+00 5.015968163616635334e-02 1.845473007447513858e+00 4.576200640372173334e-01 1.131597886636465322e+00 3.546080152302374389e-01 5.882290609679425852e-01 7.570167973643480153e-01 2.136329531373104995e+00 5.127954700986678827e-01 -8.810495419040482723e-01 1.079260499100525461e+00 -1.081741873514021623e-01 -2.999606781682574441e-01 2.587665333476151797e-01 -5.517888912230678455e-01 3.497972793714549944e-01 6.095656352394676070e-01 -8.815922622510641293e-01 -1.714356337166322158e-02 -3.503685183084521149e-01 -3.915711806837787745e-01 1.861000900042833195e-01 1.298482564122141136e+00 -2.564541233296825928e-01 1.726639236405037359e+00 9.146889369494594357e-02 -7.527730956528407846e-01 -6.025683512633337596e-02 1.599313294639935490e-01 1.062242698400646529e-01 1.816640434079824090e-02 -4.563960198180942451e-01 1.039365520874373727e+00 -7.060531270938811277e-01 -3.170595708664635803e-01 4.268064067953892815e-01 -3.342248342887536583e-01 -3.931980146321960023e-01 8.894909218322805122e-01 5.001037210422230039e-01 7.852415694612089325e-01 2.178518605109751594e-01 -5.771239390564262273e-01 -8.986770222199735869e-01 -2.340927446722635141e-01 -1.346742013422307371e+00 -1.993137155901481827e-01 -1.809553831566267146e+00 -1.732101039269621889e+00
1.783232234592595500e+00 1.680531379873620113e+00 1.029197908101477932e-01 1.343767802513192944e+00 1.026902995004469688e+00 1.164359237649126522e+00 1.455929178226800236e+00 1.414271754044641449e-01 1.040877865735775787e+00 4.392463235323587067e-01 4.655734830760896448e-01 1.111898629228835755e+00 8.954967309907653494e-02 3.549591425682426804e-01 8.761422075738305448e-01 4.356427788890018804e-01 5.537063616526588516e-01 -3.521411550743603347e-01 1.251132266219783018e+00 2.401731030973282000e-01 -3.739346091632809732e-01 -3.730934091246462248e-01 7.667364713160985668e-01 2.237793103599997890e-01 1.288941473144434094e-02 1.048200890572013461e-01 9.959441770877165423e-01 -4.844809360188319092e-01 4.767066414165991306e-01 9.416506152246671979e-01 -1.014553971724937442e+00 -3.833102186171752912e-01 5.834421700675040956e-01 1.955905692807412555e-01 5.716226171137710477e-01 -1.538007452100916550e-01 1.022908975808138665e+00 7.548829126367254672e-01 1.793694290397146174e-01 9.986401086639865587e-01 -1.983650697959113141e-01 2.278987092234689538e+00 -4.666541707644714654e-01 1.260146161657293762e+00 -8.549435571691175184e-01 1.885310418446613789e-01 -1.905234482653226091e-01 -1.893134959872549150e-01 -3.303277029461446079e-01 5.015582673359888360e-02
1.189794024537003114e+00 2.088818463700961026e+00 -1.480423775977963707e-01 1.801007564935904082e+00 1.630747538280091113e+00 1.041090002505800305e+00 1.385618104456121324e+00 1.002019261501897240e+00 1.976698829349874620e+00 4.743250690953708659e-01 6.497715216209372091e-01 6.222871004533705314e-02 2.573035626052956992e+00 -1.539526954255564239e-01 3.066655302350383971e-01 7.251904479339419396e-01 1.397155073733798103e+00 8.752032969764037551e-01 1.980673901843108264e-01 1.730382305613057614e+00 4.551888237286311201e-01 -5.766889013741206549e-01 3.656912958671860170e-01 2.436418419528376123e-01 4.356506763557929651e-01 3.765351575171042575e-01 4.896782663535742541e-01 -6.439550126632312410e-02 4.557425987408572077e-01 1.185132276725471723e+00 3.598730538622146313e-01 9.600538116246983833e-01 1.321928758005344262e+00 3.059697123071513092e-01 -1.267906958425677466e+00 9.798859654294940214e-01 -1.515527373112664833e+00 7.110963878450673459e-01 1.153153378853582822e+00 1.147663731131186804e+00 -4.367241552962430884e-01 3.862167332560011990e-01 -4.437831669950970115e-01 6.323831142116975723e-01 2.101411780712247879e+00 2.163669275244445855e-01 -7.056696008595604586e-02 5.225333990494436254e-01 -6.117626571953538317e-01 8.721792035008232857e-02
1.902092721379070372e+00 1.323778257523998025e+00 1.769022561861022247e+00 1.182653711453996559e+00 1.898584853902375302e+00 1.035374532675314097e+00 2.471674887123444186e+00 2.239794574603849675e+00 1.710920901649600978e+00 2.520495311328239563e+00 2.880148999657487163e+00 1.409018277051268697e+00 5.969224225913136728e-01 -5.744103825549887188e-02 1.215968656748317223e+00 1.047741629067734381e+00 2.091198697873242640e+00 7.715231969511503474e-01 1.311173428761791548e+00 -1.912322919861642323e-01 1.573446326834830211e+00 -3.275572369421655972e-01 6.800127085274091376e-01 6.777871160628382019e-02 6.139200037024793444e-01 1.413175430610819072e+00 2.545350198659981356e+00 8.161379865783634502e-01 7.935036404118072095e-01 9.762349973902030298e-01 1.974453472188278380e-02 1.488579088675027862e+00 1.966705428823572133e+00 1.176879059498145308e+00 1.030412333020131133e+00 9.068560124435828262e-01 7.307009463681428674e-01 2.912076332140481338e-01 1.231926579004862132e+00 1.947582579944946213e+00 7.022434421109897684e-01 -4.986119398755439747e-02 4.410338743619659496e-01 9.636185621136421631e-01 2.305915309631648036e+00 1.856609071697613578e+00 1.358530372190273949e+00 9.295223048732175197e-01 1.831927002119532188e+00 1.254238516960958005e+00
9.242874407679102511e-02 4.664408228147595148e-01 5.781105914477924212e-01 2.300635652053493629e+00 -1.702627907758547110e-01 8.761105927038138619e-01 1.344676660707858629e+00 1.930999021753606604e-01 6.552883699264897555e-01 7.183309373632339456e-01 -8.341280055316996345e-01 -1.943436890802625605e+00 -1.210998359338282704e+00 -1.904386186281538662e-01 -1.441886475983276683e-01 -1.457637175940087904e+00 -4.362919886620834631e-01 -1.471796904194808020e+00 -3.313893536722783417e-01 1.906943260441141541e-01 -5.835527075770788885e-01 -1.384896272645358244e-02 -9.293378882553592346e-01 -9.820143132389368423e-01 -1.339809048884340603e+00 -9.589023355239284507e-02 4.254107663136866280e-01 -3.044541579252632579e-01 -7.780723654941515965e-01 -2.771213217029493484e-02 -1.036058829243918233e-01 6.320631834466293453e-02 -4.984111853936555314e-01 1.078709511713626390e-01 -6.345781941857532304e-01 -1.296748502683320869e-01 -1.390646107347014215e+00 -1.076634841704755985e+00 -5.124266489032730520e-01 -1.290399361423658908e-01 -7.436040312673478647e-01 -5.089889262173419998e-02 5.348011712567408704e-01 -1.407451326420389170e+00 -8.373632209929202652e-01 5.745237108703128426e-01 -4.867934411612875323e-01 1.647558024938045484e+00 6.373806053029747176e-02 -3.457632702029653227e-01
5.100516097253611214e-01 9.427584860869580030e-01 5.450103308711657935e-01 -2.262732617228500054e-01 -3.222391819268897173e-01 1.326074544676627109e+00 2.158475833997903770e+00 1.109422499645726479e+00 1.233262897020307225e+00 1.065120588771288235e+00 2.591552427667446756e-01 -1.607225140830057797e-01 -4.089916415186879428e-01 1.383814054560700724e+00 7.123604652347342858e-01 3.444421281482086539e-02 -7.994723956993792235e-01 -1.083869957011712321e-01 -4.213706196233686363e-01 -3.625629603304425519e-01 -4.435705683581976921e-01 -1.437052195140114084e-02 4.133203913631491866e-01 -5.578940523964861509e-01 1.396577599784858403e-01 -2.597542406600069631e-01 -4.237819572178255778e-01 3.969675884267112598e-01 -1.902799865329285744e-01 1.224841912061714444e+00 -1.394570657708926520e+00 4.276099482996655321e-01 2.182690351365262349e-01 -6.803936579157501274e-01 7.406881351117677870e-01 -1.968347917691563032e-01 1.410819676764024644e-02 -9.324965640434976222e-02 -2.369537739612942173e-01 -1.242593380721882107e-01 6.793601686180014143e-01 -3.777019975744254077e-01 -7.582521554001762920e-02 3.435585265423320156e-02 -4.717932227001985779e-01 -1.126896350948130898e+00 -5.236322574383308615e-01 -5.386847552455902299e-01 1.486177039491416219e+00 1.145465770493238500e+00
1.873193718399656316e+00 1.232625691880752328e+00 2.062492644663511676e+00 1.902590941300300820e+00 2.080234976328674268e+00 1.270607544147129175e+00 1.481419767041240121e+00 1.737270844083188770e+00 8.970761675797220835e-01 2.558200379369800714e+00 2.211987994017106551e+00 -2.451450125385356005e-01 2.858106118106798488e-01 1.619144044131569427e+00 1.167580138889315444e+00 1.105534562530392506e+00 7.268204733239450599e-01 7.937280944133591198e-01 1.462503363142665824e+00 1.300749310958781324e+00 1.642693404041875452e-03 1.558526250868123852e-01 1.947821886707660766e-01 3.257440025573431486e-01 6.765404797096867817e-01 1.310795709378192342e+00 7.261446072765949111e-01 1.001295251846230139e+00 5.064026972986924724e-01 3.150063439369876761e-01 5.228375379456610128e-01 1.019901152237906006e+00 7.558790628171880854e-01 2.663064002553156562e-01 -1.408335828670072287e-01 -3.750532793506103357e-01 1.313624331642711196e+00 1.711773777234542493e+00 1.404737141668623623e+00 1.347076523307446927e-01 1.072424756030751603e+00 3.643314157801829656e-01 3.567792648129377020e-01 1.121687971748966950e+00 -6.104156244254769215e-01 5.888579564439474501e-01 1.260971702203327327e+00 1.634048082423227743e+00 2.142527356843474173e+00 9.831493202379100460e-02
-6.197640447853387524e-01 9.617101720982508262e-01 -1.407478940393349642e-01 5.093624749300311727e-01 6.120644516421183123e-01 1.113639120334067867e+00 4.184761646413021063e-01 -8.068510199723200049e-01 1.970636373260126195e-01 1.204950924648515498e+00 -1.225032555730233952e+00 -1.172628980892852502e+00 -4.934153425490124256e-01 -3.391369942144062399e-01 -8.905631810351384292e-01 -7.277227023176584542e-01 -7.166689246584242445e-01 -1.325181317477686527e+00 -8.043155312569669757e-01 -1.773854836540554425e+00 -2.305568552493369450e-01 -5.971472359159395449e-01 -1.554091897063297756e+00 -1.196554319007824718e+00 -1.709431843323818700e-01 -3.521583282752733246e-01 -1.453043157089921378e+00 -1.095604601398970646e+00 -7.014543818434486600e-01 -1.566511234481777759e+00 -1.791275639096615135e+00 6.322808248452311819e-01 -3.515185331214265019e-01 -2.164215984194437947e+00 -1.215672802843048794e+00 -8.618919424583428857e-01 -1.829946330368990237e+00 -1.261647905888578114e+00 -9.933379427239865667e-01 -3.208275636474224868e-01 -4.040402384243320655e-01 -2.609089590423224525e+00 -8.453488754597511257e-01 -1.220514785604030594e+00 -1.465407150972005690e+00 -9.280619077031013742e-01 -4.946122272708625145e-01 -7.118263999087252047e-01 -1.459265449974727957e+00 -1.417079353636955030e+00
3.251358647141506797e-01 1.151476037657839013e+00 1.089170099054623364e+00 1.144198633497491180e+00 1.272950362240132582e+00 9.852367292282003808e-01 4.582246213557925607e-01 -3.752969725488026764e-01 1.613900732480392231e-01 -6.523891892009097138e-01 -3.226571837275448718e-01 3.629906501616822490e-01 2.406896987258402010e-01 -2.092202748220627073e-01 1.837409293715782932e-01 -3.998432593823799119e-01 -6.127716814832381287e-01 3.825445115578764432e-01 -7.828064738521512966e-01 6.997612400709105063e-02 3.691797008267329594e-01 2.502579118565472216e-01 -1.117233701307327187e-01 -1.088083914293123122e+00 2.573842008651276991e-01 -2.319974780994306651e-01 2.832172168073929241e-02 -3.117283906873039023e-01 2.494580052464537567e-01 -1.821360205533752719e-01 1.391452584154060368e-01 -2.329624301172023682e+00 7.033579286914751760e-01 -8.085147345115417661e-01 -7.366135023876526633e-01 -1.663656471399247883e+00 -3.557840963558640546e-01 1.090078123489338413e+00 7.091699794581491911e-01 1.004735842114711369e-01 -5.176312791589227080e-01 -8.097460102277489469e-01 -1.023020074777540422e+00 -2.393329420048599943e-01 -1.661595788336347468e-01 -7.128686304044985489e-01 -1.489234568118510127e-01 3.876148249185452921e-02 -1.326704429971447829e-01 -5.519731305188059212e-01
1.370520773388365976e+00 1.335902120581627495e+00 6.898590557603010431e-01 9.264945217337309247e-01 1.927235736817870970e+00 6.764205741671209804e-01 -1.508999204266225913e-01 1.799573485320753452e+00 2.789013924252662591e+00 1.266408346232714033e+00 6.876119644691552901e-02 1.787758547019411004e-01 8.699542470608456757e-01 7.389553300935560731e-01 -9.211250690115843076e-01 4.362769244149686428e-03 -2.038367505258263934e-01 2.730932317903997486e+00 5.227639388239493368e-01 2.858295544786241815e-01 -3.192837069870008704e-01 1.209654993876846385e+00 5.815530730486571098e-01 -3.635755034135419450e-01 1.392577850400003037e-01 -6.808733716294330662e-01 -3.753614270700562083e-01 -6.468315066547991599e-02 -4.487991196408889771e-01 3.339181588010613211e-02 1.959187008640715710e+00 9.192023759072183164e-01 -3.579395352207612874e-02 -9.171235966422679187e-02 9.103861545997593563e-01 -1.385397600989584088e-01 9.402482278577283248e-01 7.512762664059695616e-01 1.230984721921449393e-01 -1.094030103063078213e-01 3.412105669188412183e-01 9.854072734970633629e-01 4.680351777864185658e-01 5.547001167091616392e-01 -5.004894051595499826e-01 4.666709151066112393e-01 -1.471263089156108761e-01 -6.049112536306237020e-01 8.053110762251125543e-01 -4.285530237512490959e-01
5.340353483314072003e-01 7.840320022890672202e-01 1.057554832269079759e+00 1.446659050769836474e+00 2.398119350950681294e+00 1.576134940824242658e+00 1.816488656754101205e+00 1.920842600333565464e+00 6.103989089641363996e-01 3.288681235677642922e-01 -4.737235606860143444e-01 7.237717652785227163e-01 1.953945208335243836e-02 5.192108220026350196e-01 -7.820273836764313202e-01 6.855862098600082888e-01 1.914292081372682142e-01 2.886656665110293174e-01 -5.178856914635701081e-01 2.930636120613887563e-01 1.442336858823854095e+00 7.773852067812702105e-01 3.512902565014470735e-01 1.229576572330221218e+00 -1.385625374546783084e-01 1.515115007691046678e+00 -2.460484281480397051e-01 4.742130160941928629e-01 8.545515374870020775e-01 -2.415841083924623878e-01 -9.348427960553430394e-01 7.156999340393079834e-01 3.132278487448662552e-01 2.733821765758281397e-01 9.229605439505118580e-01 -2.079971134685540124e-01 1.590835642542815787e-01 -5.911330701681416500e-01 9.134597002267929033e-01 2.384051293995490817e-01 1.385933500127082552e-01 1.206630183725581951e+00 -4.574741351962517966e-01 1.936973749317842941e-01 3.077315745312958484e-02 -4.019393558172451586e-01 1.586983507916938319e+00 6.404620130218094953e-01 -2.822422932427402775e-02 7.813671395506123218e-01
2.692710892891442498e+00 2.248486598019278304e+00 8.435075486293853730e-01 6.127689354331509186e-01 1.198053498297821928e+00 2.236582920366731564e+00 8.595288304178811956e-01 6.013778161434606417e-01 2.877152116256337600e+00 9.712034393545277977e-01 -2.696758763391819413e-01 2.858876275749676621e-01 1.120607977608800265e+00 3.774548407574666586e-01 -1.063099838968441097e-01 8.979312806933716917e-01 -2.153203311234124784e-01 5.819844899060350185e-01 8.231654482713444132e-01 1.488887478881132154e+00 -1.837980615758948721e-01 5.274891870838365193e-01 -1.563197559797644409e-01 2.602380224422926741e-02 3.550392601034086382e-01 4.764873354589555521e-01 -2.800315418733188566e-01 3.317152844044570226e-01 -1.845467897330306528e-01 9.114195417816111089e-01 -5.516561927283684108e-01 4.807948543654093077e-01 7.327261283662436786e-02 -1.857432490842997330e-01 1.238548765626577008e+00 -1.465401217992864935e-02 -4.433310645488960366e-01 4.211567382972908891e-01 -5.451803081175220500e-01 -2.507919124148388912e-01 3.625417325573221938e-01 -4.645570338907387686e-01 -6.527264239609362750e-01 -6.528532941620741603e-01 -1.206486719217668258e+00 2.550655501775907497e-01 5.682490768364815148e-01 1.400029651618089011e+00 3.022556463075625754e-01 -3.785376542599964544e-03
2.216941635162525515e+00 2.917029700150847393e+00 2.777610185515481334e+00 1.837682516715427816e+00 1.255623922229891498e+00 2.037892290716817989e+00 2.390967470217822743e+00 2.179873238260088719e+00 5.129714814115799992e-01 2.326444777031329458e+00 -2.560451015328692459e-01 5.971213451591519394e-01 6.318952100321069132e-01 -4.045437219385372152e-01 8.678267693237982083e-01 1.786985914041832046e+00 6.052781577987679240e-01 7.197875861768949779e-01 6.076769693003758466e-01 5.890606763215011643e-01 1.297126972086277419e-01 8.191637347593531127e-01 1.092257640787700712e+00 1.875197842856967556e+00 1.177042909480392474e+00 6.162230900592579053e-01 7.112139189623463142e-01 1.344337783143422893e+00 1.279912322522597456e+00 1.293675078572265047e+00 2.795987101148242893e-01 1.638085618917720421e+00 -7.194546883159566031e-01 2.748361736345235506e+00 9.419406560271316176e-01 3.949451513751170983e-01 2.696904230783123135e-01 -1.444150472224969561e-01 8.227380904828408836e-02 1.315314850054714935e+00 7.907102906010942123e-01 4.033002904521890697e-01 2.131110875808778504e-01 1.560955682599085792e+00 1.171879239346138135e+00 1.784914375644631956e+00 3.999410845993053298e-01 1.153003217720225626e+00 3.125347872404700689e-01 2.131368675593894757e+00
1.173884648323685775e+00 1.076919143118915789e+00 7.075634049119292612e-01 1.397385053634397245e+00 -8.532616460975317452e-02 5.345407317797477020e-01 9.751881513886982988e-01 1.412475525865905857e+00 2.517178826729672414e-01 -5.187712941824935697e-01 2.396329217829728520e-01 -4.420555210774778088e-01 -4.373737812698021421e-01 3.540307038201753742e-02 7.289246783830141130e-01 -3.259077647704646807e-01 7.533733742479347129e-01 -7.005604779568489482e-01 -1.626903528400474308e-01 -7.712027371336450943e-02 -1.887993228585421734e-01 -9.595749752972499991e-01 -1.485861154912603843e-01 6.343580464798187490e-01 -2.056076162015114117e-01 -1.771541148731056170e+00 -1.167271267276505722e-02 -2.702970622845720094e-01 2.976690535856005293e-01 -4.341485114969478309e-01 -3.616119984051017200e-01 -4.861289798919654626e-02 -5.436482209508891605e-01 -3.695818138434260325e-01 -1.589009145943304890e+00 5.932827208761147775e-01 2.180070464088102247e-02 1.085907903093981108e-01 -9.907122987788992141e-01 7.554071792345288250e-01 5.026610481401989627e-01 -8.431329484396468121e-01 1.279486200206502389e+00 -5.135233762406975488e-01 -7.936148675095604232e-02 -2.285411602874652726e+00 -9.593142338341655861e-01 -1.343534017231768241e+00 -1.271627598919882196e-01 -4.968720238028808689e-01
1.097466558286438909e+00 2.902214451719034471e+00 1.765118251259505389e+00 1.849841990253269675e+00 1.126213042973253087e+00 1.083711665985228612e+00 2.035401633073215422e+00 1.899622572348414362e+00 1.819865403202814536e+00 2.547159398195117053e+00 1.240928443875825682e+00 1.968370111289836411e+00 8.901858231911182751e-01 1.613179375569393947e+00 8.572589682237268249e-01 6.228907693589388339e-01 1.072079570009404348e+00 3.233900228836584234e-01 -4.652644587892063033e-01 1.363127064619304774e+00 -3.307094293039232746e-01 2.163029179782338107e-01 1.207623204469818523e+00 8.078822604543520747e-01 1.758929668771550270e-01 3.032959962874970383e-01 5.772873867531460590e-01 -5.560331518440356779e-01 1.278179268727704931e+00 6.545196261967355378e-01 1.239793613989651044e+00 7.592730511860337206e-01 1.066605738961169614e+00 5.251795263218210774e-01 4.111046545428047594e-01 1.877511625692639963e-01 1.120316590838757731e-01 1.020706476991815270e+00 -2.287904658484752329e-01 4.725774604761587838e-01 1.528825915965104087e+00 1.119794394563408346e+00 1.170873791656519280e+00 1.216130234996250836e+00 1.297975770200117118e+00 1.114283424917777987e+00 6.054478141921811885e-01 1.471275608469713392e+00 1.483410476954899915e+00 2.480215438513242998e-01
1.795895641910173479e-01 3.071641802883700034e-01 2.868540251791050100e+00 1.338819106899251654e+00 1.187945425247156850e+00 8.607507539768655125e-01 -4.134260829497071743e-01 2.442010515464937193e+00 8.197787486292027470e-01 2.526568373780571086e+00 -7.350369096994986418e-01 -5.069418684396489461e-01 -5.764910224587995735e-01 -3.860816684470834703e-01 -1.672391739428626678e-01 1.147117506642419821e-01 -8.271638534548274579e-01 5.816468030206159989e-01 3.378255961727620327e-01 -6.243050192463986958e-01 -8.469700571398598443e-01 -6.133078056242602383e-01 -4.916218947403075412e-01 4.259860513071878074e-02 -4.072455918834939625e-01 1.129257809495394227e+00 8.663135761240827737e-01 -8.954130334174715822e-01 1.082025230326317256e-01 1.290001019081199685e+00 1.526255680517418778e-01 9.776992580956239687e-01 -7.535235130499269296e-01 -3.378543448811224120e-02 1.055461775587011597e-01 -7.862086186517287523e-01 1.366521577686563849e-01 6.003104711065386789e-01 4.933164441897266300e-02 -5.546190534005884104e-02 -6.336370339989060296e-01 -3.170050522489192280e-01 -2.115402769014702589e-01 -5.439718724253422844e-01 6.716385614153218275e-02 -4.771731275808419603e-01 -2.200831438259922279e-01 3.348871289107699378e-01 -1.819751733130070201e-02 -9.585887940189530276e-01
9.465819050109920418e-01 4.812161692524620227e-01 -3.441137177995901020e-01 -8.454048288009832213e-01 -7.431148727658272168e-01 2.547978907756172084e-01 -2.472814529971887332e-01 3.078874969215413815e-01 -1.539376989834175369e+00 5.573891288191603621e-01 -5.072146013394691622e-01 -2.474802557061376529e+00 -1.440999608139108989e+00 -1.026498666947898819e+00 -9.760362784855237950e-02 -2.329381834504675730e+00 -4.849810584594634877e-01 -3.176187441318226723e-01 -7.704799113807142552e-01 -8.094351985203842581e-01 -1.285494343834579389e+00 -1.461508447323184856e-01 -1.328399923989817655e+00 -1.304425889827697693e+00 -2.055185233903561670e+00 -1.169093020095167468e+00 -2.057905440871888203e+00 -1.131448302016720531e+00 -8.503018271724462895e-01 -1.494331846047135093e+00 -1.257575534617632718e+00 5.719689788411391057e-02 -9.664827505146077469e-01 -2.054272493468081606e+00 -5.880831222701095040e-01 -1.778278777120682941e+00 -1.491990144071606128e+00 -2.023614141239677089e+00 -1.505364896603426539e+00 -1.826309024592296382e+00 -1.488268095038534522e+00 -4.950576746804246642e-01 -1.689158999754569734e+00 -1.197712193744857156e+00 -8.514721266660545407e-01 -6.315033034061862116e-01 -1.925761849135589232e+00 -1.159089896252352592e+00 -1.331134565606840958e+00 -1.149976308610991982e+00
1.213998941399079268e-01 6.584193873148797005e-01 1.253179101608180357e+00 1.735284433751788979e+00 3.445096361110838723e-01 -1.052711040774432227e-01 6.018971211066987959e-01 5.287378756925464884e-01 1.637680686745344172e+00 5.709081545108023459e-01 -1.711956193087817713e-01 -6.646259171807172850e-01 2.109663300102976036e-01 -3.222989723467561355e-03 -1.971775162474122267e-01 3.355931469215076013e-02 -4.476427380397415834e-01 7.297299217014553419e-01 -7.940059145363590476e-01 -7.618894969508754889e-01 1.839063063349967719e-01 1.724840590568033960e+00 -1.040488787885220923e+00 1.241490273330486005e+00 5.919686129332992763e-01 -6.024451091525385715e-01 -1.567858343997343418e-01 5.249789507497454322e-01 1.753815680262061083e-01 -5.568283926260262978e-04 -4.247519069893395116e-01 1.207826155668660251e+00 1.239221653836664716e+00 -4.657179094335450742e-01 1.914146623620328169e+00 -1.339770656236795920e+00 1.947809262910556727e-01 1.145068411525324986e-01 -7.190064683791186351e-02 2.177011526596936974e-01 6.381807501425111884e-01 1.110022055518156581e+00 4.254646568576869736e-01 -7.405285769984845112e-01 6.932337815063369657e-01 -7.601057570679553566e-01 6.773324593296395912e-01 1.659262938942168975e-01 -1.390950653171126594e-01 -5.328566394968655695e-01
4.539158207487516972e-01 8.477828442657958652e-01 -1.520510951129321331e-01 -7.771219412187593267e-01 1.277085281787974980e+00 8.258773583761269688e-01 9.841898070808311472e-01 1.430841439732887244e-01 1.295988248800528542e+00 1.147756491551675362e+00 -1.012982883066363637e+00 -1.183754066992047216e+00 -1.068572507371961189e+00 -5.510318508198840393e-01 -5.515810115434264249e-01 -5.308207615997491136e-01 -7.581890580654204737e-02 6.187702575907960689e-01 -9.237963575506845659e-01 1.208189649985442982e+00 -9.102048111050936585e-01 -1.158802430723729016e+00 -7.010069110795565939e-01 -7.592318671100097838e-01 -1.436329483908800053e-01 -5.435633470543822510e-01 4.067665436175204458e-02 -6.877198888175739544e-01 3.500179488520401838e-01 5.400835046963471386e-01 -2.757543202838342866e-01 2.147631485266407736e-01 -3.912177055473253784e-01 -9.505094126160724619e-03 -6.291139115539250426e-01 -6.216774081261346868e-02 -1.975519332976221620e-01 -7.490616520255430899e-01 2.008802172108529460e-01 -2.082888421951257563e+00 -7.958260222811219808e-01 -1.250525358677244459e+00 1.979829542051945723e-01 -5.933438571469638184e-02 1.381103549463531532e-01 -1.276045436693994173e+00 -7.134948816925649195e-01 -7.695076036957453347e-01 -1.204451171869932447e+00 7.983733762830763636e-02
1.206800510297131535e+00 1.522122597556483603e+00 1.698130453951947727e+00 1.153318634485247740e+00 2.107151853100831751e+00 2.897448456726047006e+00 1.354496280059295898e+00 2.161946906029545090e+00 1.698421349741998654e+00 1.431048677672779101e+00 1.262116096344692684e+00 1.761105896963585105e+00 6.864676363858871477e-01 8.998831386649660535e-01 6.860627624818389503e-01 2.465061879766418773e+00 7.917886498462796130e-01 -9.061689002422405881e-02 1.180516825097745803e+00 8.338483476381985948e-01 -1.238625706134817150e-01 -1.100956996953700168e-01 1.927922047165621988e+00 -9.163074793893182246e-01 1.627067819204572663e+00 -1.286758557974051753e-01 1.206337363567176801e+00 1.365749967268163223e+00 1.783248557832235459e+00 2.104084500775059985e-01 1.003356895227375256e+00 1.258842441090082920e+00 5.199701031716680300e-01 1.153660347844657430e+00 1.292622940168079548e+00 7.717842677685667896e-01 1.155679089311342889e+00 2.115391968181934423e-01 1.199386613464748175e+00 6.979069678616068861e-01 7.074407567134002317e-01 1.766790025039477019e+00 1.538841445673263753e+00 2.560210841092358525e+00 1.125982998973010130e+00 6.300216869208654646e-01 1.653666549705023581e+00 5.165483669889804341e-01 8.263870087153100119e-01 1.631717075976619080e+00
1.501529161539044033e+00 9.528442160219573465e-01 2.599833329342563504e-01 7.731130664120534624e-01 1.410694635389582174e-01 9.580110089801963102e-01 1.214480983673396519e+00 7.147317772425378912e-01 8.536506797324885376e-01 6.011502792654397354e-01 -4.395793096891821850e-01 7.645806932890319985e-01 3.316983448927602468e-02 -9.393320110039559134e-01 2.764886951814647942e-01 8.041249629117432907e-01 4.860554568663377761e-01 -4.290213326605775146e-01 3.809932603330595247e-01 2.999904694390465032e-02 5.595545701082407231e-01 7.512815973557662730e-01 -1.626591686299631578e-01 -6.852311893737944581e-01 5.238415360306903912e-01 8.480229862768320359e-01 8.779080413175039954e-01 -3.788601015086668911e-01 8.465646135414525153e-01 1.233866276921864902e+00 1.437171845019883598e+00 -6.899023966077317827e-01 -1.160791285284253349e-01 -8.616427588994424180e-01 1.085830363237628049e+00 -4.234253258294098932e-01 -2.507956162051075411e-01 5.605405153591520584e-01 -9.040725553736586040e-01 1.618603802989836693e-01 -3.103428544915313725e-01 -9.081441104162474298e-01 -1.004074740789330650e-01 -3.831179170396881162e-01 -1.522734018795092459e-01 9.611606761963692458e-01 -6.132685870895679958e-01 -5.691037678350320261e-01 1.262247948796168195e+00 1.138937140448810503e-01
3.312011207898969634e+00 1.348049637769189957e+00 2.133098693657732081e+00 1.854770233418372438e+00 2.813120539361047889e+00 2.496268410428926110e+00 1.010621920734439350e+00 2.139291400013859423e+00 1.780918785594028719e+00 8.186378143267594165e-01 1.410390140989290497e+00 5.127501904470304073e-01 1.302153890839400807e+00 -4.495033900958962381e-01 9.914656854988614931e-01 7.002054922986685748e-01 2.542940908541936884e-01 1.199563502971457751e+00 1.130526572107627414e+00 1.134558550209860295e+00 1.225990156644456652e+00 1.823909005896096502e+00 1.356567858168787888e+00 1.150130572553159203e+00 9.668678363639413575e-01 1.700440122706852256e-02 -1.025215839489094644e-01 3.560757669672201531e-01 1.281278376345131198e+00 5.370652229792520771e-01 1.487004039690830393e+00 1.380551553074944371e+00 1.216814864975006349e+00 9.667175934714213048e-02 2.224590815240359287e+00 6.464769319337471121e-02 1.094632605736300057e+00 4.716878152450770245e-01 -3.601377506196584144e-01 2.662921002439943008e-01 1.659598838578341395e-01 6.076691438842724002e-01 7.135214790732574697e-01 1.176227795281075128e+00 1.033260096503276326e+00 7.321155000482392206e-01 8.805906773700201695e-01 7.212144146333525629e-01 5.102284642677683557e-01 5.067208818752851895e-01
4.554019359596515049e-01 6.059609017103475548e-01 7.891974509318459008e-01 -3.435638665760099020e-01 2.593124227181087260e-02 2.972704290498652258e-01 3.603830660874199898e-01 1.757556704272708048e-01 -3.892197253697338155e-02 -3.104984441048299626e-01 -8.644128912913122686e-01 -8.793994498510757651e-01 -5.345233795569849233e-01 -7.754891961226908492e-01 -1.174007131159967798e+00 -3.473610739498673161e-01 -8.259981202202868467e-01 -1.118070906106783724e+00 -5.608883838671731015e-01 -1.043397606129557120e+00 -1.538406117999433498e+00 -1.257606023752421386e-02 -8.644213242323107727e-01 3.542654720864739648e-01 -1.676197323708311648e+00 -3.009018349259018343e-01 -1.312977285228374313e+00 -4.261447304110456691e-01 -1.567018949089566293e+00 -8.666197337207821594e-01 -5.105440361405200189e-01 -7.411256215597944452e-01 -9.112131425036660293e-01 -4.551588973253657411e-01 -3.066617899945343062e-01 -3.751102076917396944e-01 -9.126419588473290156e-01 4.954577358277275634e-01 -1.796337260778843037e+00 -2.249633601295248919e-01 -5.648953566492264100e-01 -5.611211455541844639e-01 -4.909291607628450960e-01 -2.157448635947300630e+00 -1.463769883219674162e+00 4.363283995746433108e-01 -3.853015033468209505e-01 -1.169095079236063706e+00 -9.475162016707356916e-01 6.073373667152565103e-01
1.678486044183566950e-01 1.472594577736185073e+00 8.123059482826913147e-01 1.290651143995306338e+00 9.026161452957962572e-01 2.183961501815145922e-02 6.488610213771013324e-01 8.292423164789975987e-01 5.163293254307885771e-01 1.471774497989561503e+00 1.856407137184948319e-01 2.025005633534826266e-01 1.007888493405956210e+00 7.203338383216263685e-02 -8.011435818686094557e-01 7.821862064991261798e-01 -5.554301833309800429e-01 1.080593329039454265e+00 6.273167937943622263e-01 -1.146851112222503632e-01 -2.782619738352970495e-01 5.728537948796915691e-01 -3.307103252605266275e-01 -7.378148645936287719e-01 1.493731389717553704e+00 3.849954855783018631e-02 -5.193076007623237400e-01 1.023925653162045757e+00 8.326217797596898729e-01 9.634147218491513343e-01 -4.808294390928211648e-01 -9.767508015086896478e-01 -1.167841395775246038e+00 1.032412835761503112e-01 2.708856912329638683e-02 9.229799441832915452e-01 1.152488530929207444e+00 -1.819014653830318018e+00 -1.196260295252658201e+00 5.329052517781984744e-01 -1.157941028739524758e-01 -3.186917832970935227e-01 7.407323351596996064e-01 5.480783747387136806e-01 -8.857509040192722560e-01 1.616805727166383821e+00 5.874222235277998250e-01 -8.103097655522149001e-01 -6.730760704865920152e-01 1.012630509994993044e+00
1.705309790511785994e+00 1.260030190977612818e+00 2.138986035172793176e+00 2.758251666442332883e+00 1.994795487000672107e+00 2.120639022753287861e+00 2.404295291325238004e+00 2.595450026167695157e+00 2.106066367036707465e+00 2.289466893111475443e+00 1.833068420701759127e+00 1.468781210912128321e+00 6.032820122101267835e-01 3.317342562473338807e-01 1.265222468500415864e+00 1.062512880542395122e+00 1.139665468965042061e+00 2.703626097104746412e-02 1.797783055455199008e+00 1.380246416877338955e+00 8.564043258203219572e-03 1.700832314545589918e+00 -5.801532782261042964e-01 3.394085859245547510e-01 2.314936317808654387e+00 1.503573298772608702e+00 6.097091910153996652e-01 1.343503241521304403e+00 1.334251908546486787e+00 1.185518008130876488e+00 1.896401325224998269e+00 1.084358227669031560e+00 2.301245042859548506e-01 1.021787824249824617e+00 1.757366387959512943e+00 1.013610860317353701e+00 1.553289429363102991e+00 2.517257280704827682e-01 1.043118478801588145e+00 1.802626716552063302e+00 2.124140167719928751e+00 5.631240567310333844e-01 4.708847751104206503e-01 2.536337740999893953e+00 3.505609640123912296e-01 9.044442261946351591e-01 -5.560500992475684301e-01 1.105972697470607891e+00 6.863187359156985856e-01 1.193333651826996800e+00
1.725930569238032009e+00 2.002706389938643028e+00 7.094328180519190452e-01 1.261428537017431184e+00 1.483612769040908663e+00 2.908696360229931166e+00 7.789505497385847965e-01 1.999825906539921760e+00 4.364575116939782840e-01 1.429854386592052773e+00 4.585752641102485705e-01 1.355995730674431493e-02 -2.945737312787943263e-01 3.773721974604521412e-01 4.453928038008542756e-01 5.654759059864560289e-01 3.332422664217749020e-01 8.444522725373392324e-01 4.646511834261388141e-01 -5.049773563236218399e-01 -2.752610240297853963e-02 3.248848947744148452e-01 1.089410883317972090e+00 1.010069367420220798e+00 6.914281432054549814e-01 1.375025277004227942e+00 6.345689621810196579e-01 1.612198600201819043e-01 1.719011922668281511e-01 1.449951450943876452e+00 8.273276587593092479e-01 1.546739524431040458e+00 3.031272501545662426e-02 -7.014271105520752947e-01 4.593397075345701519e-01 1.328511965840366293e-01 -4.088397967412331635e-01 3.045713462519091252e-01 3.868217115382104332e-01 1.095755166642102818e+00 -7.126395220719478063e-02 3.377059117264469834e-01 8.924236654942433455e-01 3.503875585894977163e-01 1.240116046578983583e-01 2.928855769083902531e-04 4.336308792736915940e-01 1.608105882776043050e+00 2.488710891717829665e-01 -8.841457234418592659e-02
2.651694858542049449e+00 1.463794809403102803e+00 3.666242002864414484e+00 2.334069792018929945e+00 2.542038156212901967e+00 1.432334556157319305e+00 1.474963763328831945e+00 2.236742610832266998e+00 2.495236506362067175e+00 1.073963554661318209e+00 -4.833197321096879828e-01 2.738496432088270094e+00 2.224000673998768884e-01 6.856630739459841362e-01 8.087314595823831276e-01 -4.086082187088255768e-01 5.323731757826364319e-01 1.337401390072117113e+00 6.715504921448244291e-01 1.530535219384116186e+00 -3.426354500747291754e-02 2.344278598989687268e+00 9.739276562718212071e-01 2.587007662409321451e+00 8.581138020920657528e-02 5.538642225464864843e-01 -4.525549373504569317e-01 4.721397920835418427e-01 7.500042067025560755e-01 6.752624321261364582e-01 1.283434674903693340e+00 2.069636606353031372e-01 9.243443229981483933e-01 2.029860283064234050e+00 1.555974502831715567e+00 6.237315961528022701e-01 1.691971798297122520e+00 1.556013733658399012e+00 -7.107746838904112074e-01 1.228752884558927727e+00 6.012869117093652127e-01 9.704923011020426538e-01 6.226974657030595051e-01 9.616150407637099606e-01 8.891440693035072007e-01 1.929096455611500227e+00 3.193330891162461938e-01 1.139424288488675385e+00 9.407173858564478464e-02 1.736242902497179941e+00
5.796593059681647286e-01 6.537470672261038729e-01 -9.674042403278271252e-02 -2.531063740940522333e-01 9.358085520971310967e-01 6.469250604397404070e-01 1.273228409761482327e+00 8.663595386241706997e-02 -5.376708106449303859e-01 8.728550367875629323e-01 -6.835645699092569583e-01 -6.448681211116231715e-01 -9.064120355106142224e-01 -7.977479800115635511e-01 -1.493860593553039795e+00 -6.855199650970277281e-01 -1.259170502761861377e+00 1.484158997915821787e-01 -5.758203105734378546e-01 -1.278503570584737625e+00 3.022974004810482507e-01 -8.551426333210307984e-01 -8.722563793201464355e-01 6.691218186840210969e-01 -7.729907980820983626e-01 -3.404891744954787192e-01 6.862012817893983208e-01 -9.624319239747031185e-01 -8.951882995051256842e-01 -1.478549935710254726e+00 -7.559283840161943324e-01 -3.236481110760579538e-01 -8.581929137851825873e-01 -3.198838636348708686e-01 -2.373197258252015412e-02 -1.193691048053344028e+00 -1.982344451381400363e+00 -9.684906039910025077e-01 -1.858136772098170297e+00 -8.418876082418549345e-01 -2.186456875955787194e+00 -1.022867549610800619e+00 -7.946333713036154434e-01 -1.800709292433771980e+00 2.536270097028545112e-01 -2.260735844849212084e-01 -7.194462476828817898e-01 -9.567515808752761197e-01 -1.263649851821711634e+00 3.126277080947725828e-02
3.861337277107226296e-01 1.489561418269560900e+00 1.287764633200205067e+00 1.017977823400778581e+00 7.290092517731778798e-01 1.272401503628744601e+00 -4.724478955857356333e-01 1.138848657570847411e+00 4.726184924299586809e-01 2.662777810280483326e-01 -1.077823411384364771e+00 1.327861824058427009e+00 1.078269265447395070e-01 -3.059714893438742478e-01 -6.921480276210452143e-01 6.379860060577025038e-01 3.093048835069744373e-01 -2.095669165129822042e-01 -9.773988135235998076e-01 -6.661689805058559344e-01 3.509432609359820071e-02 8.323494351283903248e-01 -2.512658172750706909e-01 1.347828356412696937e+00 1.260425312641958451e-01 1.470944763158964275e+00 -3.607262079001915533e-01 -7.048297114382132689e-01 -1.665688227646796582e+00 6.330126100986164239e-01 4.675566979157785158e-02 5.501673463705643030e-01 -6.123415733252244308e-01 -4.401892847713130830e-01 -6.354931974026302166e-01 7.930585828567444651e-01 3.003478484137417914e-01 1.142833856645326385e-01 -7.249042203137524565e-01 -1.079130665349108842e+00 1.371372769959677163e+00 1.004139336320070131e+00 3.536633309763497213e-01 1.605952468197402672e+00 5.745856553094339653e-02 2.746562805232984350e-01 1.653930697483539103e-01 -1.100259561497093141e+00 5.129073778382670090e-01 -9.486529762660046439e-01
2.447147301418344689e+00 1.672357083355894947e+00 2.861330530498767288e+00 2.015133209884513832e+00 1.743841849172167890e+00 2.890731157528001027e+00 3.996072030584705725e+00 2.163269071068974370e+00 2.449537768686571138e+00 1.861430344013328853e+00 7.889530001696044570e-01 7.360470670826980699e-01 1.747952464007883844e+00 1.292036750019523783e+00 2.066234670373810756e-01 2.250188614658882535e+00 1.500659776094489084e+00 2.542885893661387176e+00 1.165971599071361053e+00 1.122085458026916616e+00 -1.174336622333426450e-01 9.080226044473410640e-01 1.880694794055826513e+00 2.615450618460714582e-01 1.020197921411409414e+00 1.409922984047701888e+00 2.381085225862761945e+00 1.755121663419590305e+00 2.241356675551126276e+00 -4.251206676471392942e-01 2.650073597504332135e-01 1.029315495954747472e+00 2.031449032833969603e+00 2.533761490522353999e+00 2.301082375953742432e+00 1.300578897324891736e+00 2.042246245696455187e+00 1.857299567159788722e+00 2.509005221588704870e+00 3.057146288809152512e+00 2.021256665715892353e+00 2.930796371198989281e+00 1.412163444956174851e+00 1.706657965629887252e+00 4.163732363227691802e-01 1.273827782541922193e+00 1.203978184815622132e+00 9.087738374976700451e-01 2.332390416376041831e+00 1.135443518564448251e+00
-4.535688483875388588e-01 2.905673957757379799e-01 5.631453200099714174e-01 1.458200158035239058e+00 -2.713478083162312871e-02 -6.695332379770633224e-01 2.047685280242317329e-02 -8.179116210136494480e-01 9.673938175001906004e-02 9.371012631961425088e-01 -2.394979844929759238e+00 -1.782600578725457963e+00 -1.655452070897408090e+00 1.524926570296592787e-01 -9.188313809758903439e-01 -2.156221236982029055e+00 9.898169583008382955e-03 -1.114304021091977459e+00 -2.645757980527060349e-01 -1.842457031194191241e+00 1.715717400232983358e-01 -6.427971785718202824e-01 -7.481208756531101400e-01 -1.489083415157785195e+00 -2.582140113042400209e+00 -6.070704128203476824e-01 -1.047060893857876485e+00 -6.455039717045445435e-01 -1.638115688461994068e+00 -6.635420183050028120e-01 -3.882836125327211729e-02 6.855876013183269668e-01 3.009870189430129961e-01 -2.560764248692815492e+00 -8.186626907922391894e-01 -1.786658804213682172e+00 -1.412381418818142054e+00 -8.334228987131052646e-01 -4.312668094261035701e-01 -7.688689710069535055e-01 -1.011559895441579204e+00 -2.349009383915058591e-01 -7.217463036933863263e-01 -5.702066050954988086e-01 -1.722690149786442415e+00 -6.689712356143163730e-01 -5.132946997401928169e-01 -1.154229120142989951e+00 -3.352580551226671979e+00 -9.492836113443124946e-01
5.706617955508583862e-01 1.167376037118492693e+00 1.171724047437620264e+00 1.597675759010652730e+00 8.229588181492401011e-01 1.101818980354375865e+00 1.043344588042143029e+00 2.507900912617666567e-01 9.666505173909585302e-01 1.195855191075987811e+00 -3.064206769792265916e-01 -1.127368980462736293e-02 -1.103322144016192913e-01 -2.376641513441436759e-01 4.255639165369011767e-01 -5.698380750310673148e-01 -4.166644588207216726e-01 -5.187501689661386806e-01 4.153592742062146015e-01 9.281947480559606112e-02 5.469706790591117862e-01 -6.924694462806639528e-02 -2.163332692849952166e-02 -5.002835974906423289e-01 -6.708891693431718872e-01 3.094751392635672338e-01 4.826240789922089380e-01 -2.823803793627594483e-01 -7.647809827348200917e-01 7.263367892576337859e-01 -1.495108593656885532e+00 2.904713019349162151e-01 5.841997517649204497e-01 -1.803550110996273714e-01 2.739299462210065816e-01 1.227953033613254225e-01 -1.128718708564805606e+00 8.846354040210452352e-01 -5.614846669698294601e-01 9.423183579308790081e-02 1.830440042181942506e-01 -1.089338646584816217e-01 -1.549939476742879130e+00 -2.109526348745863478e-01 8.854324430404525437e-02 -1.867483362157097981e-01 7.643019657999183814e-01 9.004616243007983467e-01 -1.237618518061810668e+00 7.040487285723152633e-01
5.280277876661112479e-01 2.227716195649339648e-01 1.246538604690445862e+00 7.347211697192095325e-01 1.303610409305005824e+00 1.790249997653615477e+00 -6.380199598924840565e-02 2.294669482578149733e+00 1.065671422800251511e+00 2.434753723359620814e+00 -7.152099119762607149e-01 7.410142973451576687e-01 8.385813565961975913e-01 6.121613900121806173e-01 1.751078127428788322e+00 1.284832650698617629e+00 -9.437087746123987708e-01 9.064547446612305492e-01 -1.988060554759892573e-01 3.667615633068744829e-01 2.079456549848958946e-01 1.008196090250830901e+00 7.743846764490760481e-01 -2.785166670860376725e-01 5.349227075603008030e-01 -3.571493020738709112e-01 -1.824240763892518991e-01 -3.553337250956942750e-01 9.007944429471650416e-01 1.196328693561873546e+00 1.629102533483130832e+00 1.161416834777813545e+00 1.237284210239668170e+00 -6.543038306332065179e-01 1.250406197231926475e+00 -2.259494842677297333e-01 4.850827013265141541e-01 3.689626247502365564e-01 9.162084470367881650e-01 4.201293516658892169e-01 7.205362155572152538e-01 -4.587125253966392591e-01 6.985853672180841745e-01 -1.602358789035963349e-01 1.019502072949753479e+00 -4.562376417265993078e-01 8.994634858402209554e-01 6.987132707061747272e-01 1.647651025018811444e-01 8.944640410067045133e-01
1.947565359669995555e+00 8.618437181622800036e-01 9.688235634717361489e-01 1.065349789751439014e+00 7.199160003418423326e-01 2.264541871152115249e+00 8.526889964693087354e-01 2.052767843525665992e+00 1.394087195456681139e+00 1.891362445273569559e+00 1.213214756412273498e+00 9.058636392187010555e-01 4.470987144068884200e-01 8.915531582943718725e-01 4.551021644085112006e-01 -2.176109473676252903e-01 -3.932335472363232207e-03 9.684701643999947818e-01 -4.099482409512672509e-01 6.155581083735852665e-01 2.618633988273955659e-01 3.001208461613367739e-01 -1.686512974979424984e-01 -2.132279296969233628e-01 1.025221073381445303e+00 -3.479767439426881270e-02 1.412972418121900997e+00 7.738541718253584278e-01 -4.891212193920441154e-02 1.349638563250242507e-01 5.164244581683277158e-01 -1.545455780410507574e+00 5.428352965266231012e-01 -1.864834014475192925e-01 -4.975641416979372234e-01 7.484456048111345905e-02 3.402065173209624094e-01 -2.241654304881568749e-01 6.939091704157711593e-01 8.216423519178782664e-01 4.146141661263154365e-03 1.700933992394357386e+00 4.621427388895215094e-01 7.602869379547939899e-02 3.798105678465251711e-01 -3.659614589440172705e-01 1.255847712923204407e+00 6.133963941711260137e-01 1.381758463624358502e+00 2.308717314148981958e-01
1.016849921426182801e-01 2.936369488627714741e-01 6.583150211999280188e-01 9.119372994183616576e-02 2.185013163905433764e-01 5.816485906931626593e-01 6.569769616618718056e-01 -2.082238354434788885e-01 2.010390183764317884e-01 8.023913936186315432e-01 -1.400732131660716862e+00 -1.045666473954132591e+00 -1.402695516380784824e+00 -9.940559978907246297e-01 -9.972216530593298600e-01 -4.975222171519337877e-01 -7.514710944466362896e-01 -1.603822979734536025e+00 -2.487080001597120893e-01 1.005571168314610547e-01 -2.925148379096286444e+00 -6.087827087632026180e-01 -1.437563695220972715e+00 -1.765506073055877589e+00 -1.036196834778722264e+00 -8.467642061609930160e-01 -2.228229618530752187e+00 3.419335839555399104e-01 -1.036837676204222181e+00 -1.902545399379707014e+00 -1.086840990479475355e+00 -5.033724942835716698e-01 4.025003684576647922e-01 -1.232732106816100792e+00 -1.393341872229884704e+00 -1.019054188806493899e+00 -1.095031481833100617e+00 -1.076615758948218149e+00 -3.725989028991144592e-01 -1.063323222325199824e+00 -3.699645634676486661e-01 -5.511778259575838002e-01 -3.176353817514352418e-01 5.527478507237385541e-01 -1.536126573127984285e+00 -5.362946349790069789e-01 -7.981331504824150658e-01 3.757352779460290670e-02 -4.351187502601254302e-03 4.437688923258425455e-01
1.343410623612669719e-01 2.133960103851882728e+00 5.165651759093481399e-01 1.327091010406237448e+00 1.013560827319988089e-01 7.204513472991289635e-01 9.683211977795628256e-01 1.109976017093536882e+00 7.557213770223796256e-01 -1.618123540734193178e-01 -1.803609485699384285e+00 2.289884674042746426e-01 -5.709406726929067144e-01 -1.357627377379335476e+00 -1.914613802542423526e+00 -6.279987406667503214e-01 -3.792458689517814729e-01 8.789503184142400949e-01 -4.791723839687967446e-01 -5.168288275234707019e-01 7.593906271829913290e-01 -3.602257659039995175e-01 -1.594495963034580743e+00 2.128601733824289077e-01 -1.099911170599382926e+00 -1.014865594162868423e-01 9.992469780576627991e-02 1.600995311401264831e-01 -6.872306106426244732e-01 -7.383861764505462999e-02 -3.058775875417454326e-01 -3.084183064575003463e-01 -1.021329575538383105e+00 -8.947416583551350833e-01 7.982153603739476633e-02 1.719406135661440127e-01 -1.217513460725492491e+00 5.413721583700800144e-01 4.523830475767429138e-02 -8.883177031819501357e-01 -5.007922194059187815e-01 -1.601664624475530041e-01 -1.275688593391521630e+00 -5.093121432572452617e-02 -1.087903780818603172e+00 -1.351812578555726008e+00 -1.273325739746000163e-01 8.824731028749263628e-02 -3.731199517829999080e-03 -1.368644648273435571e+00
2.184902366781880101e+00 3.706922335746246855e+00 1.039788466568407843e+00 2.391215750657967654e+00 2.095633794269189387e+00 2.403788304487878946e+00 2.425803348863952102e+00 1.911570064814716696e+00 1.907920637231673044e+00 2.271987661008742165e+00 1.664142576538100604e+00 -9.720190578731034980e-01 8.316789871084508956e-01 3.040342401833012076e+00 3.589224474208947968e-01 7.444331151404899316e-01 4.553568490761271126e-01 4.790767659260591893e-01 1.367639208668791184e+00 1.025454578925446836e-01 1.229264215007517036e+00 -1.747212443240276913e-01 3.198293279041856674e-01 6.518093882708307918e-01 1.193175374174999942e-01 -1.104309528107157573e-01 8.709706705507358482e-01 1.026544952281196688e+00 1.007647272017660134e+00 1.835064948997242595e+00 2.422394382154123615e+00 1.249420827194406725e+00 1.219065638555445252e+00 -1.601143149185150771e-01 -2.017133115809086885e-01 1.562205922232259514e+00 1.441204093711448975e+00 3.921622626798056954e-01 1.469461942662387832e+00 1.068947548730047714e+00 2.189982051642659577e+00 1.849845660310299955e+00 1.303316072574192797e+00 1.732064734118467619e+00 5.476516158431573578e-01 9.706855861053378387e-01 -5.393343558741425792e-01 9.404323644540960592e-01 1.672042994914308078e+00 1.307750570924925304e+00
-6.799133048086596354e-01 -5.193136207439721375e-01 2.234989795262898316e-02 6.509825171130041443e-01 6.266121862019562450e-01 8.639154883842578014e-01 3.455296715009240627e-01 2.186077365129002192e-02 -1.092918349044538218e+00 1.218677934779931249e+00 -1.642637239657202208e+00 -1.440554984366258617e+00 -3.946648895755702768e-01 -5.310386724009891202e-01 -1.358714591024438478e+00 -1.404007845240056618e+00 -1.483117822428016375e+00 -4.907153342514133376e-01 -1.644924152701773501e+00 -2.028478082996685750e+00 -4.419104115012164602e-01 -2.946789371611772124e-01 -6.825667385032122558e-01 -1.762486979079819660e+00 -7.442894874974012587e-02 -3.836772843465959260e-01 -1.263531767896979519e+00 -1.126757551106402522e+00 -6.596990585453103018e-01 -1.156422445340666849e+00 -8.299546275258802286e-01 -2.484062848205206564e-01 -4.370877573257208049e-01 -1.126270940990131919e+00 -1.317539785095152016e+00 -1.490945339981857964e+00 -2.599945718663894123e+00 -1.747513927758611807e+00 -1.572820051261462959e+00 -1.302129352668619511e+00 -9.583127656821589513e-01 -1.044122492480375586e+00 -1.178370922495009854e+00 -1.246599327636110033e+00 -1.150403053431663603e+00 -2.553171826406244627e+00 -7.515485721188798207e-01 -6.577116753985928765e-01 -3.919254297098836437e-01 -1.668212979072303037e+00
1.573003114850235251e+00 1.736709597671898031e+00 3.957404933037250716e-01 2.273979111814768750e+00 3.027267890358968927e+00 4.475495636821924528e-01 1.715796020895746787e+00 1.051494817850822105e+00 2.654062482483575458e+00 1.934687171784375659e+00 7.056333324796343343e-01 1.717166884755177703e-01 2.156973690202258709e+00 1.392105622396133224e+00 1.504290095600696597e+00 -1.209722220802651460e+00 8.724885248257389092e-01 1.794984232146491498e+00 6.208502868469072400e-01 2.229689616327088786e-01 -1.288677612033732212e+00 1.303715705212610487e+00 -7.265251884461197962e-01 6.110425242255080880e-01 1.070937420538586871e+00 -1.040007745723392496e+00 8.643830757508493834e-01 9.261689254202793986e-01 1.207050049459060137e+00 4.387707754874719535e-01 2.373345593874158777e-01 4.266805225330955742e-01 4.454260074428862404e-01 5.590696993582050522e-02 1.908492411620155149e+00 -1.429743916440462947e-01 3.533912919325902791e-01 -1.098768051920146205e-01 -3.681826434681912535e-02 2.270478839098600821e-01 -7.821342752957416433e-01 -1.100013488450796828e+00 1.964722920686453378e+00 4.883408622813714128e-01 -3.255389252047520832e-01 7.085483074895667643e-01 4.758081730147543098e-01 1.187947080759404805e+00 -2.812921178211281181e-01 5.471474152340644048e-01
2.748667728075420591e+00 1.312145878068096794e+00 2.082433186399308411e+00 2.485871647877153201e+00 1.687161643698599223e+00 1.887787273426050128e+00 8.650726561542043669e-01 2.538713207843089847e+00 1.706065094797743598e+00 2.239057839017443818e+00 1.042747116396511187e+00 6.165736901206710918e-01 4.796935456918511309e-01 1.572046767132129208e+00 2.819916754109478840e-01 -3.688503426697681831e-01 1.664077101192984465e+00 1.088634093743172215e+00 7.500546088827081403e-01 3.480308128461306882e-01 3.759527364988493603e-01 -1.717730542440308039e-01 6.908458705813915746e-01 1.311263023351578738e+00 2.618310295210709349e+00 -1.053183956150916256e-01 2.031629759416682557e+00 1.509694681379733616e+00 1.651625998021012620e+00 1.680055535615899487e+00 5.752523081066441835e-01 1.088746464869446845e-01 9.568644920813080823e-01 1.586268125360112524e+00 1.377108508741936133e+00 9.417119704241655453e-01 1.658862084386800495e+00 2.090683729720366646e+00 2.561387687613920772e-01 4.923651162729057451e-01 1.701948074228977648e+00 3.417765247065852607e-01 1.407268232458730450e+00 9.003538207887626932e-01 2.998258628739680076e-01 9.610233982941868147e-01 2.516306139201465175e+00 3.713795629341381521e-01 5.072099686531250651e-01 1.775483092868249457e+00
1.398172764222263664e+00 9.946456978593408715e-01 7.128002651641017762e-01 -1.827497136156313040e-01 9.962018412599771278e-01 3.962800485566403408e-01 4.532063369055285840e-01 1.150471288539016035e+00 2.143021074331166176e+00 -8.814215263500695396e-01 -7.336991131825068013e-01 -4.318446297119576949e-01 -1.673939648231048127e-01 9.204464977809465043e-02 3.901918382844946770e-02 3.107910205838848028e-01 -9.475865282417694768e-01 3.308387951591776344e-01 -1.009060681519628355e+00 -1.461566946373634157e-01 -7.169346712767274976e-01 6.561386701409535060e-01 -4.199391814448098503e-01 3.208135044432580685e-01 3.533365859428430622e-01 -1.100534389210484632e+00 -1.540310846842525283e+00 -1.065521077153734675e+00 9.863926344769426979e-01 -8.572359996882534805e-01 5.445051562406287571e-02 2.475551248809513410e-02 7.516467692430894854e-02 -8.122767378406535455e-02 -8.853631962377765952e-01 -8.677515774359415013e-02 -1.560490797394611606e+00 -1.134362236724120399e+00 -2.911188917565438183e-01 -1.280040936326165779e+00 -9.437504382987690343e-01 -9.731893634186217223e-01 9.818554360587542496e-01 1.508753499106144924e-01 -1.734996655195692739e-01 -1.312667345019059573e-01 -9.628490740356052680e-01 -4.179905590792091230e-01 -1.433868900236421884e-01 -3.703186227236647809e-01
1.355089020195368255e+00 -8.689216855780523829e-02 1.422713292268725782e-01 1.480997774695088420e+00 2.245155469767770029e+00 6.521177363145643779e-01 1.129785391693255647e+00 9.191364983308605296e-01 1.362962800754773385e+00 -9.259119567867051259e-01 -1.546497404091843331e-01 -1.370097066788945328e-01 2.641469974738431814e-01 6.759219136505425496e-01 3.627632574730892956e-01 2.241528915203921390e-01 -1.085027865101819283e-01 -8.429701277957700745e-01 -1.084052247995637375e+00 3.242011890638852450e-02 7.560612086352666017e-01 -5.819317236624824696e-01 -1.001905367073250952e+00 1.016700174628717201e+00 -7.687140373466266885e-01 -9.747568595215991838e-01 -1.289326345807412788e-01 -2.418471934519541844e-01 -1.765021006453825203e+00 -4.819380127493178012e-01 1.075567839154434047e-01 1.162021706085302641e+00 -1.758799129852504917e-01 1.978876047857739129e-01 6.904526613673876989e-01 3.837893810456491916e-01 8.885742473700140032e-01 -1.014878469393248883e+00 -1.869341671772496438e-01 -2.415783905505646534e-01 -1.645480478169748295e+00 -8.794743141943291986e-01 -1.058561325600844427e-01 1.417372869326772623e-02 -4.808903687453349174e-01 5.985714900596776911e-01 -3.040392734667151098e-01 -6.762179701992977465e-01 -1.005518253622300212e-01 2.137986605230880049e-02
-8.793757648661202353e-01 9.009478344794963345e-01 1.535653243157335091e+00 -1.015109641687961251e-01 -5.243822201776331404e-01 -4.317548688475647545e-02 5.555909387224411411e-02 5.494041588536369147e-01 5.502074396974920845e-02 -1.631968269756562950e-01 1.283013765598740141e+00 -2.586952053474249613e-01 -1.751500124113382073e+00 -1.172367769669401955e-01 6.589775647049170848e-01 -3.463611128444565868e-01 -2.227719022507209379e-01 3.700575277431648047e-01 -9.965580343909438144e-01 -7.539950795565379948e-01 -1.397371179005347130e+00 3.170573540096885412e-01 -4.807998648436737077e-01 -6.723542738679171293e-01 -1.220723134143179900e+00 -1.081673670651237762e+00 -3.949245649603923547e-01 -9.284975014835745721e-01 -5.516841008914927791e-01 -9.834717204558814929e-01 8.681558950076292969e-02 -5.867320570459299001e-01 -1.663375756662198723e+00 -6.318926105378520897e-02 -2.295141121548482099e-01 -4.000901748969654115e-01 -4.378139806086051022e-02 -1.205678855811180908e-02 1.149589331206083420e-01 -3.348496745779771522e-01 -5.599673012455690380e-01 -8.358501547766573614e-01 4.387775874557818256e-01 8.338264398886015005e-01 -4.308860205904420371e-02 -4.470040324355807893e-01 -1.018217499410132953e+00 4.249963192232465020e-02 -2.824171461077508161e-01 -1.244384355097303274e+00
1.703706649500097869e+00 1.437757698038339971e+00 1.720850733774812014e+00 1.004793314969002926e+00 2.234358597217886544e+00 1.137782612430654705e+00 2.008073148459170287e+00 1.851796077819101161e+00 1.260069681610373138e+00 1.267630160092844793e+00 1.218131424656836437e+00 2.725502359863685164e-01 4.866226697604786322e-01 -9.388667077776821079e-01 1.289389117780085581e+00 9.031701916469496716e-01 1.155394545099571957e+00 1.941407352377722828e-01 -1.359466402753415626e-01 9.131507673647654144e-01 8.774831979697144124e-01 1.316151940031847767e+00 1.844711138151817753e+00 5.317533045845252992e-01 1.934153366202945090e+00 -4.767894782232015016e-01 2.287770850457870875e+00 2.103149951112341043e+00 5.598270073881864706e-01 -1.809740446393401370e-01 1.028062278348323089e+00 5.866953748414316383e-02 1.043901330181183695e+00 8.902625266415797878e-01 1.607974745497067759e-02 1.299663464119964251e+00 8.269191523665470056e-01 1.030589586712283290e-01 1.007302078885158325e+00 1.321554807340697746e+00 1.968976779148494893e+00 -1.242706267921952490e+00 1.699401638230890466e-01 9.154832303722517522e-03 9.080493387260687999e-02 1.880800439025686721e+00 1.158445415509993026e+00 4.536188598133129579e-01 -4.154592259515893504e-01 -4.954814117497802761e-01
6.998907118201991295e-02 -1.297611952201051633e+00 3.204549972202354047e-01 -1.913845814313595461e+00 -1.706986509100572036e+00 1.090805795300711090e-01 1.467692277660536115e+00 1.275164987949262141e-01 5.870705925364116951e-01 5.976324835094779520e-01 -1.626169169112967383e+00 -2.637106825473058525e+00 -1.459590281980641002e+00 -1.347825229658076385e+00 -7.691450574147921104e-01 -2.307895719597849726e-01 -2.758725098454790636e-01 -7.895773955460141380e-01 -8.066661476753256288e-01 -1.817925439017918643e-01 -1.068163024227167801e+00 -2.475963864517569460e-02 -2.212253826441294424e-01 -4.803030108437820744e-01 6.698132179372633804e-03 -8.494054521703234828e-01 -8.815680088759605404e-01 -2.983702453737756000e-01 -1.920085698639368621e+00 -2.542804082782114783e+00 -2.381569455726201823e-01 -2.101435613495443722e+00 -1.136434331612224291e+00 -1.490132966908230161e+00 -2.218577510009209774e-01 -1.739924053816253036e+00 -1.764139803640274173e-01 -1.174263093236450201e-01 -1.377687998429736882e-01 -1.443587023685341864e+00 -7.153254340630789132e-01 -5.183117513921090547e-01 -7.245600687600556311e-01 -1.278449563207192385e-01 -1.629715391106456024e-01 -1.294353587834528918e+00 -8.894871966030669652e-01 -1.184173065436248562e+00 -9.648082863345935900e-01 4.940461150221396314e-01
1.224980369039515349e+00 2.752322530299660563e+00 1.986629169527016625e+00 2.370195802688593645e+00 2.292594113339958994e+00 2.819583769787987748e+00 2.167913005864863685e+00 1.566581386504792617e+00 2.057955367044479900e+00 2.623988429323210525e+00 1.194088208737873247e+00 1.009247855829946916e+00 1.928934948618411971e+00 1.521995087459921070e+00 1.673671474071742882e+00 7.634022097348269753e-01 1.884378636299376408e+00 4.099793371619526727e-01 8.976742216560035237e-01 2.147528370293652067e+00 1.600690644173308419e+00 1.015942798221683319e+00 1.718718230196091046e+00 2.077660552224981583e+00 2.446852985766073019e+00 1.910138696161101990e+00 1.852060856558643387e+00 2.569231983329175684e+00 8.142659969524664865e-01 1.381006478824873041e+00 1.482554665019861995e+00 1.457043007230689691e+00 6.395672919446099280e-01 1.476131427903362825e+00 1.225984689970377017e+00 2.320161736321538992e+00 1.720747562549684195e+00 1.720392242531573634e+00 1.288666318160722302e+00 2.999505339204749266e+00 1.592809227633152247e+00 8.144089488005334942e-01 7.680063391269209561e-01 1.530283842726407828e+00 9.365389877006780051e-01 1.034945799752302387e+00 1.334850542922701333e+00 3.826515129952467564e+00 2.231786377054709281e+00 1.404158903412068726e+00
1.546923864367065526e+00 1.918471640446436144e+00 2.052294940771926868e+00 1.386711203272195547e+00 2.768551105075498064e+00 1.243406016879549547e+00 6.459851260579012600e-01 1.422810574420011021e+00 1.488327434924836101e+00 2.233436141990156276e+00 6.475315966500687359e-02 -3.508776493689357290e-01 -3.124304868854738126e-01 9.716994338442326296e-01 -1.871194434249710270e-01 2.921570736909828159e-01 7.701554473996442551e-01 1.249031979192794406e+00 9.881687257541726943e-01 -1.356789227263361042e+00 -6.283685737361842383e-02 -4.219482936618867974e-02 1.874893323240627296e+00 1.029467084394653398e+00 -7.367261053979820562e-03 6.318514109953689006e-01 2.533128535939053183e+00 4.574071383620998410e-01 -8.466960841136795812e-01 -6.424617603362237084e-01 7.481238733655110051e-02 4.028051415837525379e-02 4.163155695631853281e-01 -2.469528383703340768e-01 2.220494367619911813e+00 2.417485938234919196e+00 1.081494811917256715e+00 1.260549116483275611e+00 6.645774941205425668e-01 -8.429406716114944131e-02 3.718728756260535340e-01 -8.896082928058800243e-02 2.609166332828323220e-01 -1.675604886618370648e-01 6.970723485040724032e-01 6.448366374014206093e-01 9.093464928998002961e-01 -8.162821415575645390e-02 3.173890662295921761e-01 1.776617105140303465e-01
7.749761202204838995e-01 9.652366373310061753e-02 1.274454494841809282e+00 6.120304595702306116e-01 2.155931576084856971e+00 1.219487387750771923e+00 9.787242727168921075e-01 6.726837611324172350e-01 1.184232790529887058e+00 1.570540985055857153e+00 1.472149459345032663e-01 1.478349123497651740e-01 -2.452766203789511490e-01 1.840868573989900767e-02 -3.578449048877851979e-01 5.029899398964131629e-01 -5.067412593950259003e-01 3.218766815644277246e-01 3.256764501856058286e-02 -1.061930602650525524e+00 1.874866936725197442e-01 -1.220584428390308007e+00 -4.144767188311963141e-02 4.368789897674494327e-01 -1.059077667314169302e+00 -3.924313391716015287e-02 -6.906052967236512297e-01 1.892941667170186526e-01 -8.300319151634999448e-01 1.031450310530206860e+00 7.233693719996229232e-01 6.128449305111497436e-01 -1.152173621563383765e+00 -8.005300797443684613e-02 1.002330731069906028e-01 1.611818283114839323e+00 5.291390795099369937e-01 5.310640516029874192e-01 -5.238999381495650781e-02 1.111461333833931642e+00 6.225877966531491170e-01 6.712784554280322169e-01 -1.686351279255182689e-01 3.352797884306809029e-01 7.104909024199258516e-01 -8.263094696477349954e-01 -1.005825297232527005e+00 4.252515682220728843e-01 -5.879526552241610693e-01 2.946505266215697638e-01
1.457373138103250865e+00 1.193526435413190034e+00 6.410531681867779330e-01 2.015137301618061372e+00 2.594116208649212663e+00 8.285279397237788057e-01 2.414285856157222021e+00 1.437684515696415311e+00 2.339750786297313478e+00 1.898437414313975946e+00 -1.106068284142291830e-01 1.067398556624256534e+00 -2.522886316189452971e-02 3.040120614688819334e-01 2.992105762945083680e-01 7.743875345069181071e-01 -2.392720535036816643e-01 9.184806794487696546e-01 -7.523429157762997477e-01 1.596872907697475252e+00 5.239498538261941896e-01 1.170034863032757055e+00 1.140214430968196496e-01 -3.952260475850882804e-01 8.857694933303109641e-01 -4.331092371094394378e-01 7.457148975766997312e-01 5.349471609125387994e-01 1.631121783543565407e-01 1.125764972818696030e+00 4.309391763649135787e-01 9.524156900721972852e-01 2.013755539376657633e-01 8.204618998549956244e-02 3.212138076796477448e-01 -4.310940018833304133e-01 -3.143215285325099972e-01 2.096898707415077445e-01 2.669222491590115265e-01 8.271647186197652601e-01 9.760654760176802336e-01 1.220416105713195920e+00 -2.231248766952217133e-01 -1.302859191283759932e+00 1.729932545771917018e+00 -1.936068273075498780e+00 2.219812932096479341e-01 5.793478872256677681e-01 1.634351007327389249e+00 3.467795469847362311e-01
7.122498936320367235e-01 2.029858728085647712e+00 2.348244378119575870e+00 1.653268338793649317e+00 2.854599546624657425e+00 1.717743823318317542e+00 9.656239415723064656e-01 1.829324987260689817e+00 1.106463591190812723e+00 1.139779629211434386e+00 8.647890905950708085e-01 3.392472226660337431e-01 1.268936998202332134e-01 1.810664602792609879e-01 7.965717166276955474e-01 1.594039583153540884e-01 1.354194309947378771e+00 2.017895088702492123e-01 9.048198333477899258e-01 1.355818611038808408e+00 1.909217724120601423e+00 1.652408571391426939e+00 1.172662789814626239e+00 4.393227150141558734e-01 1.612106354145494524e+00 1.622591346233529519e+00 5.003706507412944982e-01 1.468217471587022649e+00 1.447603983374702530e+00 7.693489001343776224e-01 4.999509857169552873e-01 1.455598649087031848e+00 1.277100310378168624e+00 1.558830205388006540e+00 1.708166017909294121e+00 3.727715305504233911e-02 7.041684210319164583e-01 4.130493977519568705e-01 -1.491688006186064619e-01 -4.325265929956047528e-01 8.844735244329192669e-01 -1.628714934303514550e-01 7.485103275206422824e-01 8.393695429316642143e-01 1.431577615383506474e+00 1.764788463546005826e+00 6.053900588660914295e-01 1.844182512943099761e+00 1.504700205757592446e+00 1.599932719548384119e+00
-2.804168525050487748e-01 7.300409932967252269e-01 1.075679184223521156e+00 6.791093047196206101e-01 2.160993153342833040e+00 4.462791483744661392e-01 1.769261534816131576e+00 1.721136410361997715e+00 2.023216436903363835e+00 1.244781831035832731e-01 -8.704638290335591222e-01 -1.882700130680704520e+00 -4.381639817470726200e-02 -1.185834424117533592e+00 -9.235290949877493494e-02 3.085557179230573599e-01 -4.045989335147306964e-01 -4.218953566526115750e-01 -8.835752706039139426e-01 6.646422695736248221e-01 6.495316397583399404e-01 8.178205486691302317e-01 2.853653447490139272e-01 -1.661228411158832685e-01 5.111823199723856265e-02 1.275090649467904624e+00 9.102050849557301315e-02 -3.800871469653332446e-01 -2.337320594686130570e-01 -1.586870709175367267e-01 -4.930155973087504417e-01 -6.822807498911281909e-01 -1.353714884739632696e-01 -7.599814108288304171e-01 -1.385496354310272071e+00 -6.546275580803458949e-01 -2.402721044836842249e-02 3.050480057137938128e-01 -1.333866455811650586e-01 1.058517922732425287e+00 8.880029687729616705e-02 1.610567132741170526e-01 -8.563729383956045771e-01 -8.170281067516178553e-01 2.053149284745600323e+00 -2.902128589759613297e-01 -2.235590937070693895e-01 1.134250399543296206e-01 1.324529971823781294e+00 -4.016602681066332448e-01
6.476073987701211898e-01 1.696718186217751612e-01 1.374980140693514485e+00 1.236057972570200114e+00 3.311138648951553742e-01 7.632563763648247956e-01 6.573415021203123931e-01 7.414514236608004127e-01 -3.028762904588375715e-01 8.254680693753434495e-01 -1.352893742909655916e+00 4.361923054004198108e-01 -3.433041877753792992e-01 1.034255093738800924e-01 -1.726910471633176458e+00 -6.424398734287731783e-01 -7.248740086679521522e-01 -8.541254975351919576e-01 -2.461490680205452364e+00 -9.089395335793111208e-01 -1.026612612054324414e+00 -8.399273138396424754e-01 5.777049145148738934e-02 -1.583578509697507242e+00 -6.292016896064352993e-01 1.196922539171620808e-01 -4.526078987513150187e-01 -1.724156372606896248e+00 -2.432716497393511978e-01 -1.131140267223400331e+00 -1.734935153176473621e+00 1.482275579938791277e-01 -1.285770733646995456e+00 -2.169176842497851920e-01 -1.322890293348568447e+00 -5.569294152933390585e-01 -1.117171937161171913e+00 4.052552207148618635e-02 -1.054171727812909687e+00 -6.853195751650607015e-01 -2.647964830056134256e-01 -2.706131058284313440e-01 1.837025207901276991e+00 -6.225453406883155738e-01 7.149897178016583199e-01 -6.489359259072716157e-02 -2.541176596216681016e-01 -9.552044458311156339e-01 5.036884696764764024e-01 -1.069822413910765047e+00
1.228513437617742232e+00 1.915959057955197054e+00 -1.593872443388295590e-01 1.051059158468312660e-01 -5.240136044158039130e-01 1.650683087731595888e-01 -1.109571279208831029e+00 -7.279971481848488413e-01 1.455236353337987509e-01 -1.441155491721328730e-01 -1.119375879976585719e-01 -2.482181857405439729e+00 -2.030857332197068210e+00 -2.351289091081485982e-01 8.777136706453291248e-01 -2.146890309171511024e+00 -1.237440855640334236e+00 -6.641671136097050399e-01 -2.841960659946917711e-01 -3.208423960953707410e-01 -9.244009255603203856e-01 -1.919362140417627316e+00 -1.342882251922922432e+00 -9.403152252371377307e-02 -2.279824737821228631e+00 -1.927930655376125069e+00 -1.812046039784855678e+00 -1.002397328537084215e-01 -1.126455598202264374e+00 -1.265884967016962237e-01 -1.298458074976349241e+00 -1.263017871181521645e+00 -9.465799861495287626e-01 -1.999226973265712415e+00 -1.075543242858449489e+00 -1.615103757372315096e-01 -2.328914716821401054e+00 -6.861834176445059663e-01 -3.967547711723192205e-01 -1.249558862628178169e+00 -2.098147886825428188e+00 -1.031738750557644746e+00 -1.010919682624102922e+00 -1.606740146407692915e+00 -2.082662830930090969e+00 -1.443410128770052037e+00 -1.275533460209147485e+00 -6.450268684256941221e-01 -1.879991988159797289e+00 -1.049914840284351225e+00
3.703996615627923594e-01 -5.994384864208335273e-02 1.920597053278647603e-01 -2.466832453176570628e-01 7.395256285991063105e-01 -8.799878120852988594e-02 -6.979961516090784635e-01 1.426212907904704119e+00 1.018760299993740404e+00 3.486348106111808454e-01 -1.918882985902769622e+00 3.794791701516054827e-01 -4.641649594931645528e-01 -1.030257996716447133e+00 -1.215985919194811693e+00 -8.267910187425294710e-01 -1.347235408573811410e+00 -1.969441111410154210e+00 -1.707671674104741077e+00 -1.620192736750371565e-01 -1.599099221649777025e+00 1.190926221657971906e-01 -1.950500744189288982e+00 -8.825687079826646242e-01 -6.069624944507387987e-01 -4.251738162989045500e-01 -5.265976262421917520e-01 -8.158159173228287653e-01 -1.216100867771386485e+00 3.070403304761621932e-01 -1.211266850094423919e+00 -1.895364529648461360e+00 -1.610341085533273597e+00 2.683420300949947504e-02 -5.374692302912960074e-01 -1.573230132148280627e-02 -1.334960813810969205e+00 5.500314949036807510e-01 -5.085711542611436320e-01 -1.161141211811526075e+00 -1.323608059694092176e-01 -1.319140186261381853e+00 -1.316053273775772192e+00 -1.571356416693952207e+00 -9.418457321308058017e-01 -9.677363041190741866e-01 -1.409148626958901085e+00 -2.575543561433282225e-01 -1.897036058923363688e+00 -7.765328392948199765e-01
-4.284920282547006742e-01 4.027550228028856649e-01 8.403730665633850627e-01 -5.243311777561303622e-01 -6.593649360977245077e-01 1.719672770469001799e-01 5.067066735591829740e-02 6.660896983283650652e-01 -4.533982731680730183e-01 -3.454143363157509139e-01 -8.525787046767899779e-01 -1.116118626111064938e+00 -4.982690744268155059e-01 -1.186364416184763293e+00 -5.540979936233090264e-01 -5.547762038638750504e-01 -5.894440758756306353e-01 -5.859522489450099680e-01 -6.352702615349146154e-01 -7.540936229149317604e-01 -1.370434444530115314e-01 -4.935971660693596053e-01 -1.000898204278614402e-02 8.860547531677784860e-01 6.185111591795360297e-01 3.766359866023437641e-01 8.758784710281326547e-01 -7.733905334509907359e-01 -1.053858139802577920e+00 -4.487813346104491119e-01 -9.938875225009913272e-01 -3.410848148652557144e-01 -1.047357347351044243e+00 -7.398368599396485390e-01 -1.406370544326150496e+00 -6.628616613550374348e-01 -7.996741593294262040e-01 -1.293272640660706019e+00 7.548133701228936232e-01 -7.993423591099977354e-01 1.545076419423950798e+00 -6.899577579446872777e-01 -5.043367348550351625e-01 -1.353444173176740151e+00 9.127315045444328589e-01 -2.884741323669940405e-01 7.903872358463093564e-03 4.246756867351746401e-01 -1.315955091197241078e+00 6.494729169034277882e-01
6.046224624360336808e-01 8.210015023840732118e-01 4.358704327943262458e-01 5.340591709463211600e-01 1.076405187692045295e+00 1.802551631181485758e+00 1.313592920129244668e+00 9.643597715641821777e-01 2.143492623489740012e+00 1.045886660531368806e+00 -1.174594056495130268e+00 3.431541522207492284e-02 -9.198517414798270675e-01 3.228608489519605995e-01 -7.577134612999484320e-01 -2.285057309248249569e-01 6.456576322646584432e-01 6.401150433648014060e-01 1.881059685368204004e+00 -1.161173864799450173e-02 4.838980013780008749e-01 5.946188149353920371e-01 -4.295342681872419965e-01 2.322721458935468331e-01 7.678726772508561726e-01 -1.959058833586194703e+00 -4.438457769593979751e-01 -6.411112349194791893e-01 2.570220854059676041e-01 -6.320869263004268435e-01 -4.404595327602570665e-01 -9.129750151292265192e-01 -1.063799083052735073e+00 7.313156939076942420e-02 2.685037248537831545e-01 6.364868948830962325e-02 -8.608288267083892276e-01 4.731199094725349052e-01 6.454424031938452710e-01 2.409624825123450002e-03 -9.825666623762564500e-01 -5.931604896460048737e-01 -2.989454487810704886e-01 -1.025085973944080298e+00 -2.689597695777007913e-01 -8.690360948584919809e-01 4.767272120687483516e-01 -9.535853346966333133e-01 2.315354576770036477e-01 -4.874009422229469979e-01
2.619813627594695049e+00 1.070520356679006024e+00 1.390653865699981839e+00 2.606094027239762578e+00 1.352928184519740507e+00 2.234414669294408462e+00 2.247011309721635985e+00 2.023128857113962731e+00 5.850148852346895856e-01 1.184188943304092856e+00 -1.691222459837076475e-01 5.270316106183061677e-01 -2.399351803385527115e-01 1.107114216891472491e+00 9.035436836399294291e-01 -1.800484109909667174e-01 3.608095272584762592e-01 -8.312825015887922442e-01 -5.769318727837643435e-01 1.914133722027631102e+00 9.576885535288028883e-01 -1.232695374539182487e-01 7.358125263685120210e-01 1.053006436255057743e+00 9.279688387226202595e-01 -1.487162553370299511e-01 9.523900401914077163e-01 6.305489210519308330e-01 -2.504763545371908040e-01 -2.651548034042699453e-01 -2.899392727062045753e-03 9.721623071807019567e-01 4.137468708182480588e-03 2.818445907098581643e-02 9.940045440095269802e-01 7.611754601169853363e-01 -2.266915418461838139e-01 7.257428956184246438e-01 -1.119932418775733574e+00 1.207248934115854988e+00 8.705042286295038290e-01 5.716194297582814776e-02 2.695991891625943992e-01 5.104295393083525534e-01 1.280501464582639803e+00 -6.086474413141332862e-01 1.325068457042629877e+00 1.768822995366434947e+00 9.167380220206704511e-01 -2.873318070661570189e-01
1.977977109058676186e+00 1.527611511125809063e+00 1.588488925325067580e+00 1.930327663219030043e+00 1.175490410937004349e+00 1.670491406639342369e+00 2.689315131038319873e+00 8.321534453860586211e-01 1.728440742331677438e+00 2.128632181083651709e+00 7.840065644898414066e-02 2.048968385628164579e-01 1.131068735638132594e+00 -6.952324971062805448e-01 1.552053309565729844e+00 2.047366388485494793e-01 1.185415904926161224e+00 -2.456578619517371664e-01 1.733208989393569599e+00 1.069304737306293607e+00 2.668145888593827508e-01 1.008269377700665714e+00 8.134531111752493215e-01 5.657134114344937181e-01 1.954300709757094578e+00 4.608424236227305348e-01 4.524430784629652202e-01 1.933548630759768239e+00 8.210049375233627877e-01 1.033122747717935441e+00 3.725751642207434378e-01 1.484237035066521715e+00 -3.483625414814747745e-01 1.279631638984529696e+00 4.496914099765990658e-01 -1.054115983525085731e-01 1.116249826825870484e+00 -7.120634932480707224e-02 -8.118129069167981937e-01 1.900395778080909537e+00 1.238364726749504596e+00 7.292300001849894020e-02 9.356759769728617560e-01 3.376764602530485382e-01 4.045907476675472680e-01 9.665268492673650957e-01 8.755274513981968765e-01 7.372983170796654218e-01 4.001136759573129531e-01 4.695024671785074655e-01
9.825728800724113920e-01 2.452093854687471097e+00 1.554086489120180881e+00 1.287655707176444952e+00 -2.379166759436244227e-01 5.069756313650466417e-01 1.820237987745125796e-01 -1.784999671121085818e-01 1.422121390060620660e+00 7.975467090851104945e-01 3.967997450390544634e-01 -8.720561254378924598e-01 1.131239211229644326e+00 -4.621471054921946764e-01 -8.274201038916423334e-01 -1.526990406890370560e-03 -6.887104168469167231e-02 1.822060669463893001e-01 -9.178084515404482113e-01 -1.404559878747254631e-01 -9.151113891176919368e-02 1.263821789930201778e+00 -7.870056735236337087e-01 5.137257579037757260e-01 -4.157608366433707681e-01 -1.053306742483142849e-01 -5.283679554194055106e-01 -4.081239066707285090e-01 -3.628649301393853666e-01 -8.236008764692216433e-01 -1.208388188908435801e+00 -5.272049735863945097e-01 -1.407994920437601882e-01 4.449559944590124605e-01 -6.577291132898294146e-01 -5.431624771506822213e-01 3.536639006320526496e-02 -1.039662003698589965e+00 -6.175905153472888154e-02 -7.916369270897515020e-02 9.854032584788844362e-01 -4.141458369573624010e-01 -1.035741841337063152e+00 6.873025450756204968e-01 7.297890545230585613e-02 -1.023951270078141906e+00 -1.572155626507661941e+00 8.699284030519733868e-01 7.965371958804706720e-01 -4.344271638023818882e-01
1.300328276523418314e+00 2.041498388197034330e+00 9.017128927124463678e-01 1.842233133261593547e+00 1.197961463874284149e+00 2.177278413797446355e+00 7.255863423689408176e-01 2.302681255723575848e+00 7.938029244978936916e-01 1.740246936209587592e+00 8.855005680034019333e-01 9.753048047573844581e-01 8.120532107467581806e-01 4.030397725474409998e-01 1.144377232748499396e-01 9.754624479356964750e-01 7.348375108804545697e-01 1.076179488571434417e+00 -4.067022243676851057e-01 7.567294279540403013e-01 6.583160156734018109e-01 -3.714741714172244136e-02 -1.214099189951477614e-01 3.571615986194651149e-01 1.482813913380493620e+00 1.183956325643905849e+00 -6.715431510171974983e-02 1.449476518845626005e+00 -1.156288462345536283e+00 5.211832582533614255e-01 6.646487071090745324e-01 -2.386023888708186935e-01 -2.618105547245647147e-01 2.249227205542174146e-01 5.293505293270472922e-01 8.712439644439234909e-01 2.853644669740162398e-01 8.767656689225871158e-01 7.072861032782273849e-02 1.048306155079803403e+00 1.975688813337837635e+00 -7.683922115669687691e-02 1.786651723613020271e-01 -3.281135151170149200e-01 -1.957635834174214773e-01 7.481155997903510269e-01 -1.755128177211888740e-01 -8.685867271131657297e-02 -4.091602204851944175e-02 1.449869423588920681e+00
1.080962382322964599e+00 1.047213228474760394e+00 -3.352287981121064853e-01 1.161411372728082370e+00 -3.228006543067380996e-01 -5.461271147104984625e-01 2.124042925245677171e+00 5.149648169950158394e-01 -4.107535056672828588e-03 9.914753064506274249e-01 -1.840805736688134520e+00 2.283164751269591286e-01 -9.432877160686359286e-01 5.374531255161915100e-01 9.784588270842964342e-01 -3.029952982881276013e-01 -4.849626018675932265e-02 -1.584649053676865094e-01 1.453431758764758136e-02 -5.299246457818451717e-01 -6.898327057937307938e-01 -1.236517204872852188e-01 9.286875351959471281e-02 -3.369615273465350613e-01 1.067759260500267926e+00 2.825570059138969858e-01 6.295503300937133062e-01 -4.369254450352764996e-03 1.643570310208990193e-01 -7.442261100271658769e-01 3.036311509292090038e-01 4.689447690696681159e-02 -9.314487454984052839e-01 -9.375855326045213767e-01 3.596598457945771599e-01 -2.530308538931922563e-02 -9.417038415675733631e-01 5.279746395611372156e-01 -1.507891219835771901e+00 -2.260071915806233928e-02 -1.114514637564532507e+00 5.601498615189171026e-01 -2.444787664286026674e-01 1.169962634834571080e+00 7.966107637200244840e-01 -4.829246926835677189e-02 2.689795813433821792e-01 -5.358310332807719734e-01 4.036593894240119162e-01 -1.009452468759720389e+00
2.695762699295539910e+00 8.425162800303938049e-01 2.561905060346408192e+00 1.927182588481457959e+00 1.771180378683595569e+00 3.222430148901879843e+00 2.465151091103284120e+00 3.049910001745656629e+00 3.215310399867291391e+00 2.237370499649607325e+00 3.087408383262260525e+00 3.089365184372172557e+00 1.779287961813805108e+00 2.044857703707350094e-01 1.734556399388962555e+00 2.537321561526263203e+00 1.462663078961768504e+00 1.339764440723392624e+00 1.147824732081700105e+00 1.669079984079716805e+00 9.182913258646023813e-01 2.891426343507846219e+00 6.980522457836314532e-01 5.263849327970134828e-01 4.514088929058057698e-01 5.214112066973987103e-01 2.233438535554177040e+00 1.305532491559833641e+00 1.397304137616964370e+00 1.415132971526054995e+00 2.238347089332862971e+00 1.625268138628214842e+00 1.287140100658229480e+00 2.016810476985238409e+00 4.856810568535808170e-01 1.381193764864618645e+00 1.402469684080765555e+00 2.358802774265162938e+00 2.268128052397961447e+00 1.828075334331684010e+00 1.886810268979896899e+00 8.225571200984094222e-01 1.754699999071545724e+00 5.710588151875697349e-01 2.096611105199336578e+00 1.912687010956685807e+00 8.414906665336290281e-01 6.008092161661031660e-01 5.019827209263687529e-01 1.175856802194126249e+00
3.887974017184208098e-01 -5.793273780423711106e-01 6.252803731921072750e-01 2.671123314862026144e-01 -1.668737135490345747e-01 4.480602111645135555e-01 8.701229794147733454e-01 -2.902631802780060166e-01 2.951398838535048696e-01 -1.448323515509962522e+00 -1.542398190926061785e+00 -7.975638656083933187e-01 -2.822149800378606632e-01 -2.686905013332265835e-01 3.118445518183057263e-01 -2.055107313598911301e+00 -1.021873641330989901e+00 -7.758484905379728902e-01 -1.177604319243233721e+00 7.068668700699766161e-01 -5.133999856870849476e-02 -9.562983712014938575e-01 -1.236835800635616822e+00 -9.401065493363306436e-01 -2.004244431075869581e+00 -7.973449946046365922e-01 -1.035693139725518019e+00 -2.824324130487261275e+00 -1.043457259481929134e+00 -1.920796885801561826e+00 -1.348146729120924814e+00 2.497537414167544934e-01 -7.601825860573674376e-01 -1.489086927764133872e+00 -2.458329010025672279e+00 -8.789238807776574847e-01 -7.269793920679675781e-01 -6.708077483697215682e-01 -2.854947052584655975e-01 -2.011431697802049889e+00 -7.343118190399073875e-01 -5.985603054293099357e-01 -1.391679007680484137e+00 -2.001693317421273099e-01 -6.311445045118517505e-02 -2.480947993025428566e-01 -1.274491275536624890e+00 -1.323957333820643623e+00 6.723004427496860613e-02 -1.206512341478610750e+00
-7.515198133994533958e-01 3.165803377364989624e-01 1.095941606842184335e+00 1.953341383417978028e-01 1.303393217259668502e+00 7.994798735463082284e-02 2.376202773831833648e-01 5.744574465853615752e-01 -3.709210701981113800e-02 1.151157823824500603e+00 -1.245821920297664143e+00 -3.800623422454487560e-02 4.519662138279174381e-03 -2.026131099115538792e+00 -9.812063774039874176e-01 -3.618277149048612640e-01 -7.374446465094627312e-01 -1.349170210458116692e+00 -1.437369680139351846e+00 -1.220670305248549026e+00 5.350098518800199265e-01 -2.571913913449223710e+00 -7.381109942742731800e-01 -1.416720803425676634e+00 -1.282370138720752673e+00 -6.431676798729880629e-01 -8.810641900096339851e-01 -1.240372839347503975e+00 -1.212218396832222655e+00 -8.533950421692045041e-02 -7.319920292106038007e-01 -1.242293222081241044e+00 -8.223969665954146135e-01 -4.730113804589572424e-01 3.358496711058356343e-01 -1.005210888464048935e+00 -9.971427694654446672e-01 -1.474867054230736052e+00 -3.253899462480301374e-01 -3.928164963991651604e-01 -4.296084479165749315e-01 -2.214984185686084128e-01 -1.275506212101779058e+00 -5.102175585070400921e-01 -1.967792639382363262e+00 -7.023634026500381600e-01 -5.873188402458816570e-01 -7.492349391292686400e-01 -3.331063852870504993e-01 4.957770752935596881e-01
1.350353566930391214e+00 2.235757199844929932e+00 1.149520498383583611e+00 1.564984724496913948e+00 1.373373400618615792e+00 1.792476311109035603e+00 9.327501391688612919e-01 1.344563194923110050e+00 1.886651432942053619e+00 1.583123769443079976e+00 9.032975100684126346e-02 1.016290754527363838e+00 -4.103903247470345739e-01 6.272047082718589239e-01 -5.353363833076275613e-01 1.104811179152898726e+00 2.735304412077840634e-03 1.314158991244752384e-01 -5.775673536780420031e-02 1.055805260917032973e+00 9.075832108297354761e-01 4.225538871995231927e-01 2.874740879543022029e-02 1.507806522892557677e+00 1.104330294651835409e+00 1.156984745737376086e+00 6.586089038155470421e-01 7.461040823502657071e-01 1.475535716729782454e+00 1.294442408184499849e+00 -9.891078205260310785e-01 3.915270059243691758e-01 1.200490125910925299e+00 1.084080690639974476e+00 9.628415701223504986e-01 4.635205533177023107e-01 1.731704441952618856e+00 -3.410870869233842417e-02 1.742218271889584003e+00 5.852635477418991483e-01 1.533713447262758489e+00 1.204718553331518560e+00 2.292429821355165542e-01 2.388356298772297825e-01 4.912316894537763212e-01 9.599632785349480057e-01 8.178824592666289472e-01 4.775421665347873712e-01 2.187908246609579610e+00 6.962769257228039466e-02
9.244884278925866727e-01 2.162854955143936220e+00 1.174181620174618468e+00 5.614676120722350561e-01 5.943950822685920565e-01 4.093777350744851606e-01 2.320332547399878154e-01 -1.264629352473050083e+00 5.510348817306134350e-01 -8.845830075995277930e-01 -3.571396384213944564e-01 -6.208281521938162628e-01 -2.064802882663508754e+00 9.564570333006097158e-01 -1.529701732783215862e+00 -4.823846394910688007e-01 -1.430783260408800883e+00 2.559859024630928848e-01 -2.677829890434861859e-01 -4.712433547605112683e-01 -1.648627248950811641e-01 -7.840781627736519432e-01 -6.429792796138013022e-01 -2.952961903895672258e-01 -1.396632976720718178e+00 -2.569002771814429043e+00 -3.275951077139978573e-01 -5.792365907756831245e-01 -9.174130316483637415e-01 -1.643038760196821713e+00 -3.840590239827071928e-01 -5.966214315608302510e-01 -7.996149270316184332e-02 -1.417496641612010500e+00 -2.279215238945243027e-01 -1.009172079092075291e+00 -8.933733743772167557e-01 -6.903511730566813664e-01 -7.741811136189181708e-01 -8.699642188055866088e-01 -1.507067342456565706e+00 -4.224653249782305275e-01 -1.141497322887975230e+00 4.496926643179746663e-01 -1.209539251592046449e+00 -1.654659775478844574e+00 -7.034486369776855597e-01 3.558273347099794037e-02 -1.563412687941736934e+00 -1.296717164824489954e+00
